"REPORT_ID","Stats Area","Suburb","Postcode","LGA Name","Total Units","Total Cas","Total Fats","Total SI","Total MI","Year","Month","Day","Time","Area Speed","Position Type","Horizontal Align","Vertical Align","Other Feat","Road Surface","Moisture Cond","Weather Cond","DayNight","Crash Type","Unit Resp","Entity Code","CSEF Severity","Traffic Ctrls","DUI Involved","Drugs Involved","ACCLOC_X","ACCLOC_Y","UNIQUE_LOC"
"2013-1306-27/05/2021","2 Metropolitan","MILE END","5031","CITY OF WEST TORRENS",4,1,0,0,1,2013,"January","Wednesday","05:40 pm","060","Divided Road","Straight road","Level","Not Applicable","Sealed","Dry","Not Raining","Daylight","Rear End","01","Driver Rider","2: MI","No Control","","",,,
"2013-1307-27/05/2021","2 Metropolitan","NAILSWORTH","5083","CITY OF PROSPECT",2,0,0,0,0,2013,"January","Wednesday","09:10 pm","050","Not Divided","Straight road","Level","Not Applicable","Sealed","Dry","Not Raining","Night","Hit Parked Vehicle","02","Driver Rider","1: PDO","No Control","","",1329574.07,1675378.17,"13295741675378"
"2013-1308-27/05/2021","3 Country","KONGORONG","5291","DISTRICT COUNCIL OF GRANT",2,0,0,0,0,2013,"January","Wednesday","05:10 pm","100","Not Divided","Straight road","Level","Not Applicable","Sealed","Dry","Not Raining","Daylight","Side Swipe","01","Driver Rider","1: PDO","No Control","","Y",,,
"2013-1309-27/05/2021","2 Metropolitan","PORT ADELAIDE","5015","CITY OF PORT ADELAIDE ENFIELD",2,1,1,0,0,2013,"January","Thursday","01:00 am","050","Not Divided","Straight road","Level","Not Applicable","Sealed","Dry","Not Raining","Night","Hit Fixed Object","01","Driver Rider","4: Fatal","No Control","","Y",1321834.73,1683320.74,"13218351683321"
"2013-1310-27/05/2021","2 Metropolitan","BRIGHTON","5048","CITY OF HOLDFAST BAY",2,0,0,0,0,2013,"January","Tuesday","03:00 pm","050","Not Divided","Straight road","Level","Not Applicable","Sealed","Dry","Not Raining","Daylight","Hit Parked Vehicle","02","Driver Rider","1: PDO","No Control","","",1321094.34,1660691.36,"13210941660691"
"2013-1311-27/05/2021","2 Metropolitan","ROSE PARK","5067","CITY OF BURNSIDE",4,1,0,0,1,2013,"January","Wednesday","08:50 am","060","T-Junction","Straight road","Level","Not Applicable","Sealed","Dry","Not Raining","Daylight","Rear End","01","Driver Rider","2: MI","Stop Sign","","",1330642.1,1670244.74,"13306421670245"
"2013-1312-27/05/2021","2 Metropolitan","GEPPS CROSS","5094","CITY OF PORT ADELAIDE ENFIELD",2,0,0,0,0,2013,"January","Wednesday","03:15 pm","060","Multiple","Straight road","Level","Not Applicable","Sealed","Dry","Not Raining","Daylight","Rear End","01","Driver Rider","1: PDO","Traffic Signals","","",1328802.51,1679265.44,"13288031679265"
"2013-1313-27/05/2021","2 Metropolitan","KENT TOWN","5067","CC OF NORWOOD,PAYNEHAM & ST PETERS",2,1,0,0,1,2013,"January","Thursday","07:40 am","060","Divided Road","Straight road","Level","Not Applicable","Sealed","Dry","Not Raining","Daylight","Rear End","02","Driver Rider","2: MI","No Control","","",1329924.06,1671144.44,"13299241671144"
"2013-1314-27/05/2021","2 Metropolitan","SALISBURY EAST","5109","CITY OF SALISBURY",2,0,0,0,0,2013,"January","Tuesday","07:30 am","080","Divided Road","Straight road","Level","Not Applicable","Sealed","Dry","Not Raining","Daylight","Rear End","01","Driver Rider","1: PDO","No Control","","",,,
"2013-1315-27/05/2021","2 Metropolitan","MODBURY","5092","CITY OF TEA TREE GULLY",2,0,0,0,0,2013,"January","Thursday","06:50 am","060","T-Junction","Straight road","Slope","Not Applicable","Sealed","Dry","Not Raining","Daylight","Hit Fixed Object","01","Driver Rider","1: PDO","Traffic Signals","","",1337309.47,1681192.91,"13373091681193"
"2013-1316-27/05/2021","1 City","ADELAIDE","5000","CITY OF ADELAIDE",2,0,0,0,0,2013,"January","Wednesday","10:00 am","050","Not Divided","Straight road","Level","Driveway or Entrance","Sealed","Dry","Not Raining","Daylight","Hit Parked Vehicle","01","Driver Rider","1: PDO","No Control","","",1327742.41,1670751.82,"13277421670752"
"2013-1317-27/05/2021","2 Metropolitan","WINDSOR GARDENS","5087","CITY OF PORT ADELAIDE ENFIELD",2,0,0,0,0,2013,"January","Thursday","08:39 am","060","T-Junction","Straight road","Level","Not Applicable","Sealed","Dry","Not Raining","Daylight","Hit Fixed Object","01","Driver Rider","1: PDO","No Control","","",1334118.39,1677810.86,"13341181677811"
"2013-1318-27/05/2021","2 Metropolitan","PENFIELD","5121","CITY OF PLAYFORD.",2,1,0,0,1,2013,"January","Thursday","09:40 am","060","Cross Road","Straight road","Level","Not Applicable","Sealed","Dry","Not Raining","Daylight","Right Angle","01","Driver Rider","2: MI","Stop Sign","","",1334450.71,1695787.2,"13344511695787"
"2013-1319-27/05/2021","2 Metropolitan","SALISBURY","5108","CITY OF SALISBURY",3,2,0,0,2,2013,"January","Thursday","11:45 am","060","Cross Road","Straight road","Level","Not Applicable","Sealed","Dry","Not Raining","Daylight","Rear End","01","Driver Rider","2: MI","Traffic Signals","","",1332782.42,1688511.32,"13327821688511"
"2013-1320-27/05/2021","3 Country","MIDDLETON","5213","ALEXANDRINA COUNCIL",2,1,0,1,0,2013,"January","Monday","02:30 pm","050","Not Divided","Straight road","Level","Not Applicable","Sealed","Dry","Not Raining","Daylight","Hit Parked Vehicle","01","Driver Rider","3: SI","No Control","","",1335929.37,1605604.38,"13359291605604"
"2013-1321-27/05/2021","2 Metropolitan","WAYVILLE","5034","CITY OF UNLEY",3,3,0,0,3,2013,"January","Thursday","07:40 am","060","Cross Road","Straight road","Level","Not Applicable","Sealed","Dry","Not Raining","Daylight","Right Angle","01","Driver Rider","2: MI","Traffic Signals","","",1326853.34,1668905.9,"13268531668906"
"2013-1322-27/05/2021","2 Metropolitan","NORWOOD","5067","CC OF NORWOOD,PAYNEHAM & ST PETERS",2,0,0,0,0,2013,"January","Thursday","11:55 am","060","Multiple","Straight road","Level","Not Applicable","Sealed","Dry","Not Raining","Daylight","Right Angle","02","Driver Rider","1: PDO","Roundabout","","",1330623.32,1670361.88,"13306231670362"
"2013-1323-27/05/2021","2 Metropolitan","GLENELG SOUTH","5045","CITY OF HOLDFAST BAY",2,0,0,0,0,2013,"January","Wednesday","12:30 pm","050","Cross Road","Straight road","Level","Not Applicable","Sealed","Dry","Not Raining","Daylight","Rear End","02","Driver Rider","1: PDO","Roundabout","","",1320813.33,1664340.79,"13208131664341"
"2013-1324-27/05/2021","2 Metropolitan","ULEYBURY","5114","CITY OF PLAYFORD.",2,1,0,0,1,2013,"January","Thursday","11:40 am","100","Not Divided","Straight road","Slope","Driveway or Entrance","Sealed","Dry","Not Raining","Daylight","Right Angle","02","Driver Rider","2: MI","No Control","","",1341862.62,1697073.43,"13418631697073"
"2013-1325-27/05/2021","3 Country","NARACOORTE","5271","DC NARACOORTE & LUCINDALE.",2,0,0,0,0,2013,"January","Thursday","01:45 pm","050","Not Divided","Straight road","Level","Not Applicable","Sealed","Dry","Not Raining","Daylight","Rear End","02","Driver Rider","1: PDO","No Control","","",1511332.43,1437102.56,"15113321437103"
"2013-1326-27/05/2021","2 Metropolitan","STEPNEY","5069","CC OF NORWOOD,PAYNEHAM & ST PETERS",2,1,0,0,1,2013,"January","Wednesday","08:15 am","060","Not Divided","Straight road","Level","Not Applicable","Sealed","Dry","Not Raining","Daylight","Right Turn","01","Driver Rider","2: MI","No Control","","",1330720,1671718.27,"13307201671718"
"2013-1327-27/05/2021","2 Metropolitan","ST GEORGES","5064","CITY OF BURNSIDE",2,0,0,0,0,2013,"January","Thursday","01:00 pm","060","T-Junction","Straight road","Level","Not Applicable","Sealed","Dry","Not Raining","Daylight","Right Turn","01","Driver Rider","1: PDO","No Control","","",1332351.62,1667980.5,"13323521667981"
"2013-1328-27/05/2021","3 Country","TAYLORVILLE","5330","LOXTON WAIKERIE DISTRICT COUNCIL",1,0,0,0,0,2013,"January","Thursday","07:30 am","110","Not Divided","CURVED, VIEW OPEN","Level","Not Applicable","Sealed","Dry","Not Raining","Daylight","Roll Over","01","Driver Rider","1: PDO","No Control","","",1456437.57,1759292.88,"14564381759293"
"2013-1329-27/05/2021","2 Metropolitan","MAYLANDS","5069","CC OF NORWOOD,PAYNEHAM & ST PETERS",2,0,0,0,0,2013,"January","Wednesday","10:10 am","060","Cross Road","Straight road","Level","Not Applicable","Sealed","Dry","Not Raining","Daylight","Side Swipe","01","Driver Rider","1: PDO","Traffic Signals","","",1332238.21,1671761.6,"13322381671762"
"2013-1330-27/05/2021","2 Metropolitan","MORPHETT VALE","5162","CITY OF ONKAPARINGA",2,0,0,0,0,2013,"January","Thursday","10:00 am","060","Divided Road","Straight road","Level","Not Applicable","Sealed","Dry","Not Raining","Daylight","Side Swipe","01","Driver Rider","1: PDO","No Control","","",1320785.58,1649020.87,"13207861649021"
"2013-1331-27/05/2021","3 Country","PORT VINCENT","5581","YORKE PENINSULA COUNCIL",2,1,0,0,1,2013,"January","Thursday","12:20 pm","050","Not Divided","Straight road","Level","Not Applicable","Sealed","Dry","Not Raining","Daylight","Side Swipe","02","Driver Rider","2: MI","No Control","","",1261506.12,1689090.17,"12615061689090"
"2013-1332-27/05/2021","2 Metropolitan","SEAFORD MEADOWS","5169","CITY OF ONKAPARINGA",2,1,0,0,1,2013,"January","Wednesday","09:40 pm","060","Divided Road","Straight road","Level","Not Applicable","Sealed","Dry","Not Raining","Night","Head On","02","Driver Rider","2: MI","No Control","","",1317558.66,1642796.93,"13175591642797"
"2013-1333-27/05/2021","2 Metropolitan","BURNSIDE","5066","CITY OF BURNSIDE",1,1,0,0,1,2013,"January","Thursday","02:45 pm","060","Divided Road","Straight road","Slope","Not Applicable","Sealed","Dry","Not Raining","Daylight","Roll Over","01","Driver Rider","2: MI","No Control","","",1334243.2,1669105.88,"13342431669106"
"2013-1334-27/05/2021","2 Metropolitan","MAWSON LAKES","5095","CITY OF SALISBURY",2,1,0,0,1,2013,"January","Wednesday","02:44 pm","070","Cross Road","Straight road","Level","Not Applicable","Sealed","Dry","Not Raining","Daylight","Rear End","01","Driver Rider","2: MI","Traffic Signals","","",1329566.06,1684422.81,"13295661684423"
"2013-1335-27/05/2021","2 Metropolitan","O'HALLORAN HILL","5158","CC MARION.                    ",2,0,0,0,0,2013,"January","Thursday","03:45 pm","080","Divided Road","Straight road","Level","Not Applicable","Sealed","Dry","Not Raining","Daylight","Rear End","02","Driver Rider","1: PDO","No Control","","",,,
"2013-1336-27/05/2021","2 Metropolitan","ELIZABETH","5112","CITY OF PLAYFORD.",3,0,0,0,0,2013,"January","Thursday","04:20 pm","050","Divided Road","Straight road","Level","Unknown","Sealed","Dry","Not Raining","Daylight","Side Swipe","02","Driver Rider","1: PDO","No Control","","",,,
"2013-1337-27/05/2021","1 City","ADELAIDE","5000","CITY OF ADELAIDE",2,1,0,1,0,2013,"January","Thursday","04:10 pm","050","Divided Road","Straight road","Level","Not Applicable","Sealed","Dry","Not Raining","Daylight","Right Angle","01","Driver Rider","3: SI","No Control","","",1329393.62,1671161.4,"13293941671161"
"2013-1338-27/05/2021","1 City","ADELAIDE","5000","CITY OF ADELAIDE",3,0,0,0,0,2013,"January","Thursday","04:20 pm","050","T-Junction","Straight road","Level","Not Applicable","Sealed","Dry","Not Raining","Daylight","Rear End","02","Driver Rider","1: PDO","Traffic Signals","","",1327382.28,1670486.86,"13273821670487"
"2013-1339-27/05/2021","2 Metropolitan","LEAWOOD GARDENS","5150","CC MITCHAM.                   ",1,1,0,0,1,2013,"January","Thursday","02:51 pm","050","Not Divided","Straight road","Slope","Median Opening (not at I/S)","Sealed","Dry","Not Raining","Daylight","Roll Over","09","Other","2: MI","No Control","","",1335025.75,1665088.56,"13350261665089"
"2013-1340-27/05/2021","2 Metropolitan","HACKHAM WEST","5163","CITY OF ONKAPARINGA",2,1,0,0,1,2013,"January","Thursday","05:14 pm","040","Not Divided","Straight road","Level","Roadworks","Sealed","Dry","Not Raining","Daylight","Rear End","02","Driver Rider","2: MI","No Control","","",1319606.74,1647493.76,"13196071647494"
"2013-1341-27/05/2021","2 Metropolitan","MARION","5043","CC MARION.                    ",2,0,0,0,0,2013,"January","Wednesday","05:30 pm","060","Divided Road","Straight road","Level","Not Applicable","Sealed","Dry","Not Raining","Daylight","Rear End","02","Driver Rider","1: PDO","No Control","","",1323663.41,1660652.43,"13236631660652"
"2013-1342-27/05/2021","2 Metropolitan","CROYDON PARK","5008","CITY OF PORT ADELAIDE ENFIELD",2,0,0,0,0,2013,"January","Thursday","04:30 pm","060","Multiple","CURVED, VIEW OPEN","Level","Not Applicable","Sealed","Dry","Not Raining","Daylight","Right Angle","02","Driver Rider","1: PDO","Traffic Signals","","",1325636.87,1675113.94,"13256371675114"
"2013-1343-27/05/2021","2 Metropolitan","ALDINGA","5173","CITY OF ONKAPARINGA",2,1,0,0,1,2013,"January","Wednesday","04:15 pm","100","Not Divided","Straight road","Crest of Hill","Not Applicable","Sealed","Dry","Not Raining","Daylight","Rear End","02","Driver Rider","2: MI","No Control","Y","",1317183.11,1633735.79,"13171831633736"
"2013-1344-27/05/2021","2 Metropolitan","NORWOOD","5067","CC OF NORWOOD,PAYNEHAM & ST PETERS",2,0,0,0,0,2013,"January","Thursday","08:00 pm","060","Cross Road","Straight road","Level","Not Applicable","Sealed","Dry","Not Raining","Night","Side Swipe","01","Driver Rider","1: PDO","Give Way Sign","","",1330633.41,1670862.92,"13306331670863"
"2013-1345-27/05/2021","3 Country","MILLICENT","5280","WATTLE RANGE COUNCIL",2,2,0,2,0,2013,"January","Thursday","09:30 pm","080","Cross Road","Straight road","Level","Not Applicable","Sealed","Dry","Not Raining","Night","Right Angle","01","Driver Rider","3: SI","Give Way Sign","","",1471615.59,1369178.63,"14716161369179"
"2013-1346-27/05/2021","2 Metropolitan","CHELTENHAM","5014","CITY OF CHARLES STURT",3,0,0,0,0,2013,"January","Friday","07:00 am","060","T-Junction","Straight road","Level","Roadworks","Sealed","Dry","Not Raining","Daylight","Rear End","02","Driver Rider","1: PDO","No Control","","",,,
"2013-1347-27/05/2021","2 Metropolitan","OAKLANDS PARK","5046","CC MARION.                    ",2,0,0,0,0,2013,"January","Saturday","02:15 pm","060","T-Junction","Straight road","Level","Not Applicable","Sealed","Dry","Not Raining","Daylight","Right Angle","02","Driver Rider","1: PDO","Stop Sign","","",1322870.12,1661284.54,"13228701661285"
"2013-1348-27/05/2021","2 Metropolitan","LOCKLEYS","5032","CITY OF WEST TORRENS",2,0,0,0,0,2013,"January","Friday","08:55 am","060","T-Junction","Straight road","Level","Not Applicable","Sealed","Dry","Not Raining","Daylight","Rear End","02","Driver Rider","1: PDO","No Control","","",1322610.51,1670839.05,"13226111670839"
"2013-1349-27/05/2021","2 Metropolitan","MELROSE PARK","5039","CC MITCHAM.                   ",2,1,0,0,1,2013,"January","Thursday","11:00 am","060","Divided Road","Straight road","Level","Not Applicable","Sealed","Dry","Not Raining","Daylight","Rear End","02","Driver Rider","2: MI","No Control","","",1325957.81,1663573.61,"13259581663574"
"2013-1350-27/05/2021","2 Metropolitan","HENDON","5014","CITY OF CHARLES STURT",2,1,0,0,1,2013,"January","Thursday","07:20 am","050","Not Divided","Straight road","Level","Not Applicable","Sealed","Dry","Not Raining","Daylight","Hit Parked Vehicle","02","Driver Rider","2: MI","No Control","","",1321020.85,1676022.13,"13210211676022"
"2013-1351-27/05/2021","2 Metropolitan","COLLEGE PARK","5069","CC OF NORWOOD,PAYNEHAM & ST PETERS",2,0,0,0,0,2013,"January","Thursday","01:00 am","050","Not Divided","Straight road","Level","Not Applicable","Sealed","Dry","Not Raining","Night","Hit Parked Vehicle","02","Driver Rider","1: PDO","No Control","","",1330156.62,1672442.68,"13301571672443"
"2013-1352-27/05/2021","2 Metropolitan","GLENELG","5045","CITY OF HOLDFAST BAY",1,1,0,1,0,2013,"January","Wednesday","01:20 pm","040","Cross Road","Straight road","Level","Not Applicable","Sealed","Dry","Not Raining","Daylight","Roll Over","01","Driver Rider","3: SI","No Control","","",1320712.38,1664891.54,"13207121664892"
"2013-1353-27/05/2021","1 City","ADELAIDE","5000","CITY OF ADELAIDE",2,1,0,0,1,2013,"January","Tuesday","08:40 am","050","Cross Road","Straight road","Level","Not Applicable","Sealed","Dry","Not Raining","Daylight","Rear End","02","Driver Rider","2: MI","Traffic Signals","","",1327386.29,1670322.63,"13273861670323"
"2013-1354-27/05/2021","2 Metropolitan","BLAIR ATHOL","5084","CITY OF PORT ADELAIDE ENFIELD",2,1,0,0,1,2013,"January","Friday","12:09 pm","050","Cross Road","Straight road","Level","Not Applicable","Sealed","Dry","Not Raining","Daylight","Right Angle","01","Driver Rider","2: MI","Roundabout","","Y",1328128.33,1677782.17,"13281281677782"
"2013-1355-27/05/2021","2 Metropolitan","COROMANDEL VALLEY","5051","CITY OF ONKAPARINGA",2,3,0,0,3,2013,"January","Friday","11:55 am","060","T-Junction","CURVED, VIEW OPEN","Level","Not Applicable","Sealed","Dry","Not Raining","Daylight","Rear End","02","Driver Rider","2: MI","No Control","","",1330129.53,1657494.39,"13301301657494"
"2013-1356-27/05/2021","2 Metropolitan","WARRADALE","5046","CC MARION.                    ",3,1,0,0,1,2013,"January","Friday","11:45 am","050","Not Divided","Straight road","Level","Not Applicable","Sealed","Dry","Not Raining","Daylight","Head On","02","Driver Rider","2: MI","No Control","","",1322528.56,1661142.44,"13225291661142"
"2013-1357-27/05/2021","2 Metropolitan","ROSTREVOR","5073","CC CAMPBELLTOWN.              ",2,0,0,0,0,2013,"January","Friday","09:50 am","060","Cross Road","Straight road","Level","Not Applicable","Sealed","Dry","Not Raining","Daylight","Right Angle","01","Driver Rider","1: PDO","Stop Sign","","",1335434.51,1673666.54,"13354351673667"
"2013-1358-27/05/2021","2 Metropolitan","ELIZABETH EAST","5112","CITY OF PLAYFORD.",3,1,0,0,1,2013,"January","Friday","01:15 pm","050","Not Divided","Straight road","Level","Not Applicable","Sealed","Dry","Not Raining","Daylight","Right Angle","01","Driver Rider","2: MI","No Control","","",1336396.17,1691669.6,"13363961691670"
"2013-1359-27/05/2021","2 Metropolitan","BLAIR ATHOL","5084","CITY OF PORT ADELAIDE ENFIELD",2,0,0,0,0,2013,"January","Friday","01:30 pm","060","T-Junction","Straight road","Level","Not Applicable","Sealed","Dry","Not Raining","Daylight","Right Angle","02","Driver Rider","1: PDO","Stop Sign","","",1328801.22,1679044.33,"13288011679044"
"2013-1360-27/05/2021","2 Metropolitan","KILBURN","5084","CITY OF PORT ADELAIDE ENFIELD",2,1,0,0,1,2013,"January","Wednesday","03:40 pm","060","T-Junction","Straight road","Level","Driveway or Entrance","Sealed","Dry","Not Raining","Daylight","Right Angle","02","Driver Rider","2: MI","Give Way Sign","","",1327180.84,1678813.88,"13271811678814"
"2013-1361-27/05/2021","2 Metropolitan","SEATON","5023","CITY OF CHARLES STURT",2,0,0,0,0,2013,"January","Tuesday","02:45 pm","060","Divided Road","Straight road","Level","Not Applicable","Sealed","Dry","Not Raining","Daylight","Rear End","02","Driver Rider","1: PDO","No Control","","",1320789.06,1673114.98,"13207891673115"
"2013-1362-27/05/2021","2 Metropolitan","NORTHFIELD","5085","CITY OF PORT ADELAIDE ENFIELD",4,0,0,0,0,2013,"January","Thursday","04:40 pm","060","Divided Road","Straight road","Level","Not Applicable","Sealed","Dry","Not Raining","Daylight","Rear End","01","Driver Rider","1: PDO","No Control","","",1330399.89,1678006.03,"13304001678006"
"2013-1363-27/05/2021","1 City","ADELAIDE","5000","CITY OF ADELAIDE",2,1,0,0,1,2013,"January","Friday","03:15 pm","050","Not Divided","Straight road","Level","Not Applicable","Sealed","Dry","Not Raining","Daylight","Hit Pedestrian","02","Pedestrian","2: MI","No Control","","",1329227.74,1671117.31,"13292281671117"
"2013-1364-27/05/2021","3 Country","BERRI","5343","THE BERRI BARMERA COUNCIL",2,0,0,0,0,2013,"January","Saturday","01:45 pm","050","T-Junction","Straight road","Level","Not Applicable","Sealed","Dry","Not Raining","Daylight","Hit Fixed Object","01","Driver Rider","1: PDO","Give Way Sign","Y","",1514329.95,1734805.14,"15143301734805"
"2013-1365-27/05/2021","2 Metropolitan","PORT ADELAIDE","5015","CITY OF PORT ADELAIDE ENFIELD",3,0,0,0,0,2013,"January","Friday","04:15 pm","060","Cross Road","Straight road","Level","Not Applicable","Sealed","Dry","Not Raining","Daylight","Rear End","01","Driver Rider","1: PDO","Traffic Signals","","",1320509.08,1679073.54,"13205091679074"
"2013-1366-27/05/2021","2 Metropolitan","ELIZABETH NORTH","5113","CITY OF PLAYFORD.",3,1,0,0,1,2013,"January","Friday","02:45 pm","060","Not Divided","Straight road","Level","Not Applicable","Sealed","Dry","Not Raining","Daylight","Hit Fixed Object","01","Driver Rider","2: MI","No Control","","",1336023.74,1694892.92,"13360241694893"
"2013-1367-27/05/2021","2 Metropolitan","OAKLANDS PARK","5046","CC MARION.                    ",2,1,0,0,1,2013,"January","Friday","04:35 pm","060","T-Junction","Straight road","Level","Not Applicable","Sealed","Dry","Not Raining","Daylight","Right Angle","02","Driver Rider","2: MI","No Control","","",1323030.35,1661184.46,"13230301661184"
"2013-1368-27/05/2021","2 Metropolitan","NORWOOD","5067","CC OF NORWOOD,PAYNEHAM & ST PETERS",2,0,0,0,0,2013,"January","Friday","05:30 pm","060","Divided Road","Straight road","Level","Not Applicable","Sealed","Dry","Not Raining","Daylight","Rear End","01","Driver Rider","1: PDO","No Control","","",1332246.15,1671404.5,"13322461671405"
"2013-1369-27/05/2021","2 Metropolitan","WEST BEACH","5024","CITY OF WEST TORRENS",3,0,0,0,0,2013,"January","Friday","03:55 pm","080","Divided Road","Straight road","Level","Not Applicable","Sealed","Dry","Not Raining","Daylight","Rear End","01","Driver Rider","1: PDO","No Control","","",1320922.92,1669050.19,"13209231669050"
"2013-1370-27/05/2021","3 Country","MENINGIE","5264","COORONG DISTRICT COUNCIL",4,1,0,1,0,2013,"January","Friday","04:25 pm","060","Not Divided","Straight road","Crest of Hill","Not Applicable","Sealed","Dry","Not Raining","Daylight","Hit Fixed Object","01","Driver Rider","3: SI","No Control","","",1392267,1583383.03,"13922671583383"
"2013-1371-27/05/2021","2 Metropolitan","SOUTH BRIGHTON","5048","CITY OF HOLDFAST BAY",2,0,0,0,0,2013,"January","Friday","05:35 pm","050","T-Junction","Straight road","Level","Not Applicable","Sealed","Dry","Not Raining","Daylight","Right Turn","01","Driver Rider","1: PDO","No Control","","",1320861.45,1659875.73,"13208611659876"
"2013-1372-27/05/2021","3 Country","MURRAY BRIDGE","5253","RC MURRAY BRIDGE.             ",2,0,0,0,0,2013,"January","Friday","02:30 pm","080","T-Junction","Straight road","Slope","Not Applicable","Sealed","Dry","Not Raining","Daylight","Side Swipe","02","Driver Rider","1: PDO","Give Way Sign","","",1392142.59,1647242.7,"13921431647243"
"2013-1373-27/05/2021","2 Metropolitan","SEAFORD RISE","5169","CITY OF ONKAPARINGA",2,0,0,0,0,2013,"January","Friday","06:10 pm","050","T-Junction","Straight road","Level","Not Applicable","Sealed","Dry","Not Raining","Daylight","Hit Fixed Object","01","Driver Rider","1: PDO","Roundabout","","",1316859.35,1639776.14,"13168591639776"
"2013-1374-27/05/2021","3 Country","MURRAY BRIDGE","5253","RC MURRAY BRIDGE.             ",2,0,0,0,0,2013,"January","Friday","03:40 pm","060","T-Junction","Straight road","Level","Not Applicable","Sealed","Dry","Not Raining","Daylight","Rear End","02","Driver Rider","1: PDO","No Control","","",1387457.24,1646454.97,"13874571646455"
"2013-1375-27/05/2021","2 Metropolitan","PARA HILLS WEST","5096","CITY OF SALISBURY",2,0,0,0,0,2013,"January","Friday","05:15 pm","050","T-Junction","Straight road","Level","Not Applicable","Sealed","Dry","Not Raining","Daylight","Right Angle","01","Driver Rider","1: PDO","No Control","","",1332917.23,1684860.66,"13329171684861"
"2013-1376-27/05/2021","2 Metropolitan","HACKNEY","5069","CC OF NORWOOD,PAYNEHAM & ST PETERS",2,0,0,0,0,2013,"January","Friday","06:00 pm","060","T-Junction","Straight road","Level","Not Applicable","Sealed","Dry","Not Raining","Daylight","Right Turn","02","Driver Rider","1: PDO","No Control","","",1329879.14,1671460.7,"13298791671461"
"2013-1377-27/05/2021","2 Metropolitan","MORPHETTVILLE","5043","CC MARION.                    ",2,0,0,0,0,2013,"January","Thursday","02:32 pm","060","T-Junction","Straight road","Level","Not Applicable","Sealed","Dry","Not Raining","Daylight","Right Angle","02","Driver Rider","1: PDO","Traffic Signals","","",1322654.74,1664699.5,"13226551664700"
"2013-1378-27/05/2021","2 Metropolitan","HOLDEN HILL","5088","CITY OF TEA TREE GULLY",2,0,0,0,0,2013,"January","Friday","07:50 pm","050","Cross Road","Straight road","Level","Not Applicable","Sealed","Dry","Not Raining","Daylight","Right Angle","02","Driver Rider","1: PDO","Give Way Sign","","",1335616.58,1678703.84,"13356171678704"
"2013-1379-27/05/2021","2 Metropolitan","UNDERDALE","5032","CITY OF WEST TORRENS",3,0,0,0,0,2013,"January","Wednesday","05:50 pm","060","T-Junction","Straight road","Level","Not Applicable","Sealed","Dry","Not Raining","Daylight","Rear End","01","Driver Rider","1: PDO","Traffic Signals","","",1323855.47,1670942.23,"13238551670942"
"2013-1380-27/05/2021","2 Metropolitan","WEST RICHMOND","5033","CITY OF WEST TORRENS",3,1,0,0,1,2013,"January","Friday","05:40 pm","060","Divided Road","Straight road","Level","Not Applicable","Sealed","Dry","Not Raining","Daylight","Rear End","01","Driver Rider","2: MI","No Control","","",1324163,1669085.69,"13241631669086"
"2013-1381-27/05/2021","1 City","ADELAIDE","5000","CITY OF ADELAIDE",1,0,0,0,0,2013,"January","Friday","04:58 pm","050","Divided Road","Straight road","Slope","Driveway or Entrance","Sealed","Dry","Not Raining","Daylight","Roll Over","09","Other","1: PDO","No Control","","",1328012.78,1671120.7,"13280131671121"
"2013-1382-27/05/2021","2 Metropolitan","WOODVILLE NORTH","5012","CITY OF CHARLES STURT",2,0,0,0,0,2013,"January","Friday","11:25 pm","060","T-Junction","Straight road","Level","Not Applicable","Sealed","Dry","Not Raining","Night","Hit Fixed Object","01","Driver Rider","1: PDO","No Control","Y","",1323694.63,1676645.06,"13236951676645"
"2013-1383-27/05/2021","2 Metropolitan","ECHUNGA","5153","DC MT.BARKER.                 ",2,1,0,0,1,2013,"January","Thursday","05:45 pm","100","T-Junction","Straight road","Level","Not Applicable","Sealed","Dry","Not Raining","Daylight","Rear End","02","Driver Rider","2: MI","No Control","","",1344635.93,1648003.39,"13446361648003"
"2013-1384-27/05/2021","3 Country","FOUNTAIN","5607","DC LOWER EYRE PENINSULA       ",2,0,0,0,0,2013,"January","Friday","11:00 pm","110","Not Divided","Straight road","Level","Not Applicable","Sealed","Dry","Not Raining","Night","Hit Animal","02","Animal","1: PDO","No Control","","",1059679.7,1711473.15,"10596801711473"
"2013-1385-27/05/2021","2 Metropolitan","KILKENNY","5009","CITY OF CHARLES STURT",3,0,0,0,0,2013,"January","Friday","10:37 pm","060","Not Divided","Straight road","Level","Not Applicable","Sealed","Dry","Not Raining","Night","Rear End","02","Driver Rider","1: PDO","No Control","","Y",1323992.72,1675206.71,"13239931675207"
"2013-1386-27/05/2021","2 Metropolitan","ERINDALE","5066","CITY OF BURNSIDE",2,0,0,0,0,2013,"January","Friday","06:45 pm","060","T-Junction","Straight road","Slope","Not Applicable","Sealed","Dry","Not Raining","Daylight","Rear End","02","Driver Rider","1: PDO","No Control","","",1334419.3,1670475.64,"13344191670476"
"2013-1387-27/05/2021","2 Metropolitan","MILE END","5031","CITY OF WEST TORRENS",2,0,0,0,0,2013,"January","Friday","06:45 pm","060","Divided Road","Straight road","Level","Not Applicable","Sealed","Dry","Not Raining","Daylight","Side Swipe","02","Driver Rider","1: PDO","No Control","","",1326626.52,1671028.75,"13266271671029"