"REPORT_ID","Stats Area","Suburb","Postcode","LGA Name","Total Units","Total Cas","Total Fats","Total SI","Total MI","Year","Month","Day","Time","Area Speed","Position Type","Horizontal Align","Vertical Align","Other Feat","Road Surface","Moisture Cond","Weather Cond","DayNight","Crash Type","Unit Resp","Entity Code","CSEF Severity","Traffic Ctrls","DUI Involved","Drugs Involved","ACCLOC_X","ACCLOC_Y","UNIQUE_LOC"
"2013-3012-27/05/2021","2 Metropolitan","URRBRAE","5064","CC MITCHAM.                   ",3,0,0,0,0,2013,"March","Saturday","12:30 pm","060","Cross Road","Straight road","Level","Roadworks","Sealed","Dry","Not Raining","Daylight","Rear End","01","Driver Rider","1: PDO","Traffic Signals","","",1332373.16,1666370.92,"13323731666371"
"2013-3013-27/05/2021","2 Metropolitan","GUMERACHA","5233","THE ADELAIDE HILLS COUNCIL",1,1,0,0,1,2013,"March","Saturday","09:30 am","080","Not Divided","CURVED, VIEW OPEN","Level","Not Applicable","Sealed","Dry","Not Raining","Daylight","Roll Over","01","Driver Rider","2: MI","No Control","","",1354072.31,1683252.34,"13540721683252"
"2013-3014-27/05/2021","2 Metropolitan","CRAIGMORE","5114","CITY OF PLAYFORD.",2,0,0,0,0,2013,"March","Saturday","01:05 pm","060","T-Junction","Straight road","Slope","Not Applicable","Sealed","Dry","Not Raining","Daylight","Right Turn","01","Driver Rider","1: PDO","Give Way Sign","","",1339119.6,1694449.6,"13391201694450"
"2013-3015-27/05/2021","2 Metropolitan","CUMBERLAND PARK","5041","CC MITCHAM.                   ",4,0,0,0,0,2013,"March","Saturday","12:02 pm","060","Divided Road","Straight road","Slope","Not Applicable","Sealed","Dry","Not Raining","Daylight","Rear End","01","Driver Rider","1: PDO","No Control","","",1327427.93,1666201.03,"13274281666201"
"2013-3016-27/05/2021","2 Metropolitan","PARK HOLME","5043","CC MARION.                    ",2,1,0,0,1,2013,"March","Saturday","01:18 pm","060","Divided Road","CURVED, VIEW OPEN","Level","Not Applicable","Sealed","Dry","Not Raining","Daylight","Side Swipe","02","Driver Rider","2: MI","No Control","","",1324070.88,1663130.04,"13240711663130"
"2013-3017-27/05/2021","2 Metropolitan","WEST BEACH","5024","CITY OF CHARLES STURT",3,0,0,0,0,2013,"March","Saturday","02:30 pm","050","Not Divided","Straight road","Unknown","Unknown","Sealed","Dry","Not Raining","Daylight","Hit Fixed Object","01","Driver Rider","1: PDO","No Control","","",1319341.63,1669530.36,"13193421669530"
"2013-3018-27/05/2021","2 Metropolitan","BLACKWOOD","5051","CC MITCHAM.                   ",2,0,0,0,0,2013,"March","Saturday","03:05 pm","050","Pedestrian Crossing","Straight road","Level","Driveway or Entrance","Sealed","Dry","Not Raining","Daylight","Right Angle","02","Driver Rider","1: PDO","Traffic Signals","","",1329580.18,1660043.25,"13295801660043"
"2013-3019-27/05/2021","2 Metropolitan","STEPNEY","5069","CC OF NORWOOD,PAYNEHAM & ST PETERS",2,1,0,1,0,2013,"March","Saturday","03:30 pm","060","Divided Road","Straight road","Level","Driveway or Entrance","Sealed","Dry","Not Raining","Daylight","Right Angle","01","Driver Rider","3: SI","No Control","","",1331293.89,1671997.9,"13312941671998"
"2013-3020-27/05/2021","2 Metropolitan","EDINBURGH NORTH","5113","CITY OF PLAYFORD.",2,1,0,0,1,2013,"March","Saturday","02:40 pm","060","Not Divided","Straight road","Level","Not Applicable","Sealed","Dry","Not Raining","Daylight","Side Swipe","02","Driver Rider","2: MI","No Control","","",1335482.92,1695199.54,"13354831695200"
"2013-3021-27/05/2021","3 Country","MIDDLETON","5213","ALEXANDRINA COUNCIL",2,1,0,0,1,2013,"March","Saturday","02:25 pm","100","Not Divided","Straight road","Level","Not Applicable","Sealed","Dry","Not Raining","Daylight","Hit Fixed Object","01","Driver Rider","2: MI","No Control","","",1338205.24,1605672.7,"13382051605673"
"2013-3022-27/05/2021","2 Metropolitan","PORT ADELAIDE","5015","CITY OF PORT ADELAIDE ENFIELD",2,0,0,0,0,2013,"March","Saturday","04:30 pm","050","Multiple","Straight road","Level","Not Applicable","Sealed","Dry","Not Raining","Daylight","Right Turn","02","Driver Rider","1: PDO","Traffic Signals","","",1319866.72,1679909.05,"13198671679909"
"2013-3023-27/05/2021","1 City","ADELAIDE","5000","CITY OF ADELAIDE",2,0,0,0,0,2013,"March","Friday","12:00 pm","050","Not Divided","Straight road","Level","Not Applicable","Sealed","Dry","Not Raining","Daylight","Hit Parked Vehicle","02","Driver Rider","1: PDO","No Control","","",1330026.11,1669939.9,"13300261669940"
"2013-3024-27/05/2021","3 Country","HONITON","5576","YORKE PENINSULA COUNCIL",2,1,0,0,1,2013,"March","Saturday","04:15 am","100","Not Divided","Straight road","Level","Not Applicable","Sealed","Dry","Not Raining","Night","Hit Fixed Object","01","Driver Rider","2: MI","No Control","","",1241545.85,1658242.81,"12415461658243"
"2013-3025-27/05/2021","2 Metropolitan","KILBURN","5084","CITY OF PORT ADELAIDE ENFIELD",2,1,0,0,1,2013,"March","Saturday","02:40 pm","060","Cross Road","Straight road","Level","Not Applicable","Sealed","Dry","Not Raining","Daylight","Rear End","02","Driver Rider","2: MI","Stop Sign","","",1327199.27,1678008.17,"13271991678008"
"2013-3026-27/05/2021","2 Metropolitan","KLEMZIG","5087","CITY OF PORT ADELAIDE ENFIELD",2,0,0,0,0,2013,"March","Friday","08:30 pm","060","Not Divided","Straight road","Level","Not Applicable","Sealed","Dry","Not Raining","Daylight","Hit Parked Vehicle","01","Driver Rider","1: PDO","No Control","","",1331773.58,1676012.83,"13317741676013"
"2013-3027-27/05/2021","2 Metropolitan","GLENELG EAST","5045","CITY OF HOLDFAST BAY",2,1,0,0,1,2013,"March","Saturday","06:20 pm","060","Multiple","Straight road","Level","Not Applicable","Sealed","Dry","Not Raining","Daylight","Side Swipe","01","Driver Rider","2: MI","Traffic Signals","","",1321021.92,1664900.43,"13210221664900"
"2013-3028-27/05/2021","3 Country","REEDY CREEK","5275","DC KINGSTON.",1,0,0,0,0,2013,"March","Friday","09:30 pm","110","Not Divided","Straight road","Level","Not Applicable","Sealed","Dry","Not Raining","Night","Left Road - Out of Control","01","Driver Rider","1: PDO","No Control","","",1446388.2,1439711.97,"14463881439712"
"2013-3029-27/05/2021","3 Country","KAPUNDA","5373","LIGHT REGIONAL COUNCIL",1,1,0,0,1,2013,"March","Saturday","10:00 pm","080","Not Divided","Straight road","Crest of Hill","Not Applicable","Unsealed","Dry","Not Raining","Night","Roll Over","01","Driver Rider","2: MI","No Control","","",1357192.95,1733315.03,"13571931733315"
"2013-3030-27/05/2021","2 Metropolitan","HALLETT COVE","5158","CC MARION.                    ",2,0,0,0,0,2013,"March","Friday","08:05 pm","050","Not Divided","Straight road","Level","Not Applicable","Sealed","Dry","Not Raining","Daylight","Hit Fixed Object","01","Driver Rider","1: PDO","No Control","","",1319446.52,1655218.9,"13194471655219"
"2013-3031-27/05/2021","2 Metropolitan","PARK HOLME","5043","CC MARION.                    ",2,1,0,0,1,2013,"March","Friday","06:50 pm","060","T-Junction","Straight road","Level","Not Applicable","Sealed","Dry","Not Raining","Daylight","Hit Parked Vehicle","01","Driver Rider","2: MI","No Control","","",1324290.69,1664433.91,"13242911664434"
"2013-3032-27/05/2021","2 Metropolitan","BEDFORD PARK","5042","CC MITCHAM.                   ",2,0,0,0,0,2013,"March","Friday","05:55 pm","070","Divided Road","Straight road","Level","Not Applicable","Sealed","Dry","Not Raining","Daylight","Rear End","01","Driver Rider","1: PDO","No Control","","",1325009.94,1660250.14,"13250101660250"
"2013-3033-27/05/2021","2 Metropolitan","BEDFORD PARK","5042","CC MITCHAM.                   ",2,1,0,1,0,2013,"March","Friday","05:05 pm","070","T-Junction","Straight road","Level","Not Applicable","Sealed","Dry","Not Raining","Daylight","Right Angle","01","Driver Rider","3: SI","No Control","","",1324986.2,1660223.29,"13249861660223"
"2013-3034-27/05/2021","2 Metropolitan","KINGSWOOD","5062","CC MITCHAM.                   ",2,1,0,1,0,2013,"March","Friday","02:50 pm","060","Not Divided","Straight road","Level","Not Applicable","Sealed","Dry","Not Raining","Daylight","Right Angle","02","Driver Rider","3: SI","No Control","","",1329157.24,1665508.66,"13291571665509"
"2013-3035-27/05/2021","3 Country","RISDON PARK","5540","PT.PIRIE CITY & DIST. COUNCIL ",1,1,1,0,0,2013,"March","Saturday","07:50 pm","050","T-Junction","Straight road","Level","Not Applicable","Sealed","Dry","Not Raining","Daylight","Other","01","Passenger","4: Fatal","No Control","","",1278524.12,1864109.67,"12785241864110"
"2013-3036-27/05/2021","3 Country","COFFIN BAY","5607","DC LOWER EYRE PENINSULA       ",1,0,0,0,0,2013,"March","Saturday","10:45 pm","050","Not Divided","Straight road","Level","Not Applicable","Sealed","Dry","Not Raining","Night","Roll Over","01","Driver Rider","1: PDO","No Control","","",1043086.15,1709405.72,"10430861709406"
"2013-3037-27/05/2021","2 Metropolitan","WEST CROYDON","5008","CITY OF CHARLES STURT",2,0,0,0,0,2013,"March","Saturday","03:15 am","050","Not Divided","Straight road","Level","Not Applicable","Sealed","Dry","Not Raining","Night","Hit Parked Vehicle","01","Driver Rider","1: PDO","No Control","Y","",1324521.54,1675196.85,"13245221675197"
"2013-3038-27/05/2021","3 Country","LINCOLN GAP","5715",,2,0,0,0,0,2013,"March","Sunday","06:15 am","110","Not Divided","Straight road","Level","Not Applicable","Sealed","Dry","Not Raining","Night","Hit Animal","02","Animal","1: PDO","No Control","","",1243533.36,1931093.96,"12435331931094"
"2013-3039-27/05/2021","2 Metropolitan","COWANDILLA","5033","CITY OF WEST TORRENS",2,0,0,0,0,2013,"March","Saturday","01:30 pm","060","Cross Road","Straight road","Level","Not Applicable","Sealed","Dry","Not Raining","Daylight","Right Turn","01","Driver Rider","1: PDO","Traffic Signals","","",1324145.71,1670043.9,"13241461670044"
"2013-3040-27/05/2021","2 Metropolitan","REYNELLA","5161","CITY OF ONKAPARINGA",2,0,0,0,0,2013,"March","Saturday","02:20 pm","060","Divided Road","Straight road","Level","Not Applicable","Sealed","Dry","Not Raining","Daylight","Rear End","02","Driver Rider","1: PDO","No Control","","",1321271.94,1651081.2,"13212721651081"
"2013-3041-27/05/2021","1 City","ADELAIDE","5000","CITY OF ADELAIDE",2,0,0,0,0,2013,"March","Sunday","07:40 am","060","Cross Road","Straight road","Level","Not Applicable","Sealed","Dry","Not Raining","Daylight","Rear End","01","Driver Rider","1: PDO","Traffic Signals","","",1327395.61,1669542.05,"13273961669542"
"2013-3042-27/05/2021","2 Metropolitan","LARGS BAY","5016","CITY OF PORT ADELAIDE ENFIELD",2,0,0,0,0,2013,"March","Sunday","02:30 am","050","Not Divided","Straight road","Level","Not Applicable","Sealed","Dry","Not Raining","Night","Hit Parked Vehicle","01","Driver Rider","1: PDO","No Control","","",1318620.39,1681851.75,"13186201681852"
"2013-3043-27/05/2021","2 Metropolitan","TUSMORE","5065","CITY OF BURNSIDE",2,0,0,0,0,2013,"March","Saturday","12:00 pm","040","Cross Road","Straight road","Level","Roadworks","Sealed","Dry","Not Raining","Daylight","Side Swipe","01","Driver Rider","1: PDO","Traffic Signals","","",1332324.24,1669046.54,"13323241669047"
"2013-3044-27/05/2021","2 Metropolitan","FULHAM","5024","CITY OF WEST TORRENS",2,0,0,0,0,2013,"March","Saturday","09:00 pm","060","Not Divided","Straight road","Level","Not Applicable","Sealed","Dry","Not Raining","Night","Right Angle","01","Driver Rider","1: PDO","No Control","","",1320905.68,1670856.51,"13209061670857"
"2013-3045-27/05/2021","2 Metropolitan","LOCKLEYS","5032","CITY OF WEST TORRENS",3,1,0,0,1,2013,"March","Saturday","05:15 pm","060","Cross Road","Straight road","Level","Not Applicable","Sealed","Dry","Not Raining","Daylight","Rear End","01","Driver Rider","2: MI","Traffic Signals","","",1322502.15,1670764.74,"13225021670765"
"2013-3046-27/05/2021","2 Metropolitan","PROSPECT","5082","CITY OF PROSPECT",2,0,0,0,0,2013,"March","Saturday","06:00 am","050","Not Divided","Straight road","Level","Not Applicable","Sealed","Dry","Not Raining","Daylight","Hit Parked Vehicle","01","Driver Rider","1: PDO","No Control","","",1328522.34,1676296.78,"13285221676297"
"2013-3047-27/05/2021","2 Metropolitan","NOARLUNGA DOWNS","5168","CITY OF ONKAPARINGA",2,0,0,0,0,2013,"March","Sunday","12:10 pm","060","Cross Road","Straight road","Level","Not Applicable","Sealed","Dry","Not Raining","Daylight","Side Swipe","01","Driver Rider","1: PDO","Roundabout","","",1317379.25,1646947.89,"13173791646948"
"2013-3048-27/05/2021","1 City","ADELAIDE","5000","CITY OF ADELAIDE",2,0,0,0,0,2013,"March","Saturday","10:20 am","050","Cross Road","Straight road","Level","Not Applicable","Sealed","Dry","Not Raining","Daylight","Right Turn","02","Driver Rider","1: PDO","Traffic Signals","","",1329235.83,1670846.58,"13292361670847"
"2013-3049-27/05/2021","2 Metropolitan","UNDERDALE","5032","CITY OF WEST TORRENS",2,0,0,0,0,2013,"March","Saturday","08:45 am","060","Divided Road","Straight road","Level","Not Applicable","Sealed","Dry","Not Raining","Daylight","Rear End","01","Driver Rider","1: PDO","No Control","","",1323812.58,1670930.78,"13238131670931"
"2013-3050-27/05/2021","2 Metropolitan","STURT","5047","CC MARION.                    ",2,0,0,0,0,2013,"March","Sunday","11:10 am","060","Divided Road","Straight road","Level","Not Applicable","Sealed","Dry","Not Raining","Daylight","Rear End","02","Driver Rider","1: PDO","No Control","","",1324016.03,1660663.92,"13240161660664"
"2013-3051-27/05/2021","2 Metropolitan","TOORAK GARDENS","5065","CITY OF BURNSIDE",2,0,0,0,0,2013,"March","Sunday","07:00 am","050","Not Divided","Straight road","Level","Roadworks","Sealed","Dry","Not Raining","Daylight","Hit Parked Vehicle","02","Driver Rider","1: PDO","No Control","","",1332163.98,1669594,"13321641669594"
"2013-3052-27/05/2021","2 Metropolitan","WILLUNGA","5172","CITY OF ONKAPARINGA",2,2,0,0,2,2013,"March","Sunday","11:30 am","050","T-Junction","Straight road","Level","Not Applicable","Sealed","Dry","Not Raining","Daylight","Right Turn","01","Driver Rider","2: MI","Give Way Sign","","",1323074.01,1632467,"13230741632467"
"2013-3053-27/05/2021","2 Metropolitan","CROMER","5235","THE ADELAIDE HILLS COUNCIL",2,5,0,0,5,2013,"March","Saturday","04:15 pm","100","Cross Road","Straight road","Level","Not Applicable","Sealed","Dry","Not Raining","Daylight","Right Angle","01","Driver Rider","2: MI","Give Way Sign","","",1361394.91,1684498.8,"13613951684499"
"2013-3054-27/05/2021","3 Country","GLENROY","5277","WATTLE RANGE COUNCIL",2,1,1,0,0,2013,"March","Saturday","10:45 pm","100","Not Divided","Straight road","Level","Not Applicable","Unsealed","Dry","Not Raining","Night","Hit Fixed Object","01","Driver Rider","4: Fatal","No Control","Y","",1519236.23,1402772.96,"15192361402773"
"2013-3055-27/05/2021","3 Country","GREENOCK","5360","LIGHT REGIONAL COUNCIL",2,1,0,0,1,2013,"March","Saturday","02:30 pm","100","Not Divided","Straight road","Level","Not Applicable","Sealed","Dry","Not Raining","Daylight","Hit Fixed Object","09","Other","2: MI","No Control","","",1361148.67,1723432.88,"13611491723433"
"2013-3056-27/05/2021","3 Country","FLAXMAN VALLEY","5235","THE BAROSSA COUNCIL.",2,1,0,0,1,2013,"February","Thursday","09:59 am","100","Not Divided","Straight road","Level","Not Applicable","Sealed","Dry","Not Raining","Daylight","Hit Fixed Object","01","Driver Rider","2: MI","No Control","","",1372913.83,1704680.65,"13729141704681"
"2013-3057-27/05/2021","2 Metropolitan","STEPNEY","5069","CC OF NORWOOD,PAYNEHAM & ST PETERS",3,2,0,0,2,2013,"March","Sunday","11:12 am","060","Multiple","Straight road","Level","Not Applicable","Sealed","Dry","Not Raining","Daylight","Right Angle","01","Driver Rider","2: MI","Traffic Signals","","",1330600.73,1671714.93,"13306011671715"
"2013-3058-27/05/2021","2 Metropolitan","GOLDEN GROVE","5125","CITY OF TEA TREE GULLY",2,0,0,0,0,2013,"March","Sunday","12:15 pm","060","T-Junction","Straight road","Slope","Not Applicable","Sealed","Dry","Not Raining","Daylight","Right Angle","02","Driver Rider","1: PDO","No Control","","",1339692.13,1685785.79,"13396921685786"
"2013-3059-27/05/2021","2 Metropolitan","DAWESLEY","5252","DC MT.BARKER.                 ",2,1,0,0,1,2013,"March","Sunday","01:25 pm","100","Not Divided","Straight road","Slope","Not Applicable","Sealed","Dry","Not Raining","Daylight","Hit Fixed Object","01","Driver Rider","2: MI","No Control","","",1360298.18,1657490.15,"13602981657490"
"2013-3060-27/05/2021","2 Metropolitan","SEAFORD MEADOWS","5169","CITY OF ONKAPARINGA",2,1,0,0,1,2013,"March","Sunday","01:55 pm","070","Cross Road","Straight road","Level","Not Applicable","Sealed","Dry","Not Raining","Daylight","Right Turn","01","Driver Rider","2: MI","Traffic Signals","","",1316352.56,1642778.71,"13163531642779"
"2013-3061-27/05/2021","3 Country","MOUNT GAMBIER","5290","CC MT.GAMBIER.                ",2,1,0,0,1,2013,"March","Sunday","09:50 am","060","T-Junction","Straight road","Level","Not Applicable","Sealed","Dry","Not Raining","Daylight","Right Turn","02","Driver Rider","2: MI","Traffic Signals","","",1511784.5,1339465.58,"15117851339466"
"2013-3062-27/05/2021","2 Metropolitan","BLACKWOOD","5051","CC MITCHAM.                   ",2,1,0,0,1,2013,"March","Sunday","01:30 pm","050","Cross Road","Straight road","Level","Not Applicable","Sealed","Dry","Not Raining","Daylight","Right Angle","01","Driver Rider","2: MI","Stop Sign","","",1329485.91,1660040.61,"13294861660041"
"2013-3063-27/05/2021","2 Metropolitan","WOODVILLE GARDENS","5012","CITY OF PORT ADELAIDE ENFIELD",2,1,0,0,1,2013,"March","Sunday","08:30 am","050","Cross Road","Straight road","Level","Not Applicable","Sealed","Dry","Not Raining","Daylight","Right Angle","02","Driver Rider","2: MI","Give Way Sign","","",1324303.24,1676848.13,"13243031676848"
"2013-3064-27/05/2021","2 Metropolitan","SALISBURY PLAIN","5109","CITY OF SALISBURY",2,1,0,0,1,2013,"March","Saturday","11:45 pm","060","Cross Road","Straight road","Level","Not Applicable","Sealed","Dry","Not Raining","Night","Rear End","01","Driver Rider","2: MI","Traffic Signals","","",1334710.63,1687202.55,"13347111687203"
"2013-3065-27/05/2021","2 Metropolitan","FLAGSTAFF HILL","5159","CITY OF ONKAPARINGA",2,0,0,0,0,2013,"March","Sunday","10:30 am","060","Not Divided","Straight road","Slope","Driveway or Entrance","Sealed","Dry","Not Raining","Daylight","Hit Fixed Object","01","Driver Rider","1: PDO","No Control","","",1327543.18,1655575.39,"13275431655575"
"2013-3066-27/05/2021","3 Country","SANDERSTON","5237","MID MURRAY DISTRICT COUNCIL",2,1,0,0,1,2013,"March","Sunday","03:30 pm","100","Not Divided","Straight road","Slope","Not Applicable","Sealed","Dry","Not Raining","Daylight","Hit Fixed Object","01","Driver Rider","2: MI","No Control","","",1382326.75,1687270.95,"13823271687271"
"2013-3067-27/05/2021","2 Metropolitan","CUDLEE CREEK","5232","THE ADELAIDE HILLS COUNCIL",2,1,0,0,1,2013,"March","Sunday","02:30 pm","080","Not Divided","Straight road","Slope","Not Applicable","Sealed","Dry","Not Raining","Daylight","Hit Fixed Object","01","Driver Rider","2: MI","No Control","","",1350470.48,1673964.53,"13504701673965"
"2013-3068-27/05/2021","3 Country","RENMARK","5341","DC RENMARK PARINGA            ",2,0,0,0,0,2013,"March","Sunday","02:00 pm","050","Divided Road","Straight road","Level","Not Applicable","Sealed","Dry","Not Raining","Daylight","Side Swipe","01","Driver Rider","1: PDO","No Control","","",1528824.15,1745831.1,"15288241745831"
"2013-3069-27/05/2021","2 Metropolitan","KENSINGTON GARDENS","5068","CITY OF BURNSIDE",2,0,0,0,0,2013,"March","Sunday","08:19 pm","060","T-Junction","Straight road","Level","Not Applicable","Sealed","Dry","Not Raining","Night","Right Turn","01","Driver Rider","1: PDO","No Control","","",1334271.68,1671815.69,"13342721671816"
"2013-3070-27/05/2021","2 Metropolitan","PARAFIELD","5106","CITY OF SALISBURY",2,1,0,0,1,2013,"March","Sunday","09:15 pm","070","Cross Road","Straight road","Level","Not Applicable","Sealed","Dry","Not Raining","Night","Right Turn","02","Driver Rider","2: MI","Traffic Signals","","",1331791.19,1683497.51,"13317911683498"
"2013-3071-27/05/2021","2 Metropolitan","EVANSTON GARDENS","5116","CT GAWLER.                    ",2,1,0,0,1,2013,"March","Sunday","10:45 pm","060","Not Divided","Straight road","Level","Not Applicable","Sealed","Dry","Not Raining","Night","Hit Fixed Object","01","Driver Rider","2: MI","No Control","Y","",1340849.58,1703737.44,"13408501703737"
"2013-3072-27/05/2021","2 Metropolitan","SALISBURY EAST","5109","CITY OF SALISBURY",3,0,0,0,0,2013,"March","Monday","01:00 am","050","Not Divided","Straight road","Level","Not Applicable","Sealed","Dry","Not Raining","Night","Hit Parked Vehicle","01","Driver Rider","1: PDO","No Control","","",1334593.35,1685812.62,"13345931685813"
"2013-3073-27/05/2021","2 Metropolitan","HILLBANK","5112","CITY OF PLAYFORD.",2,0,0,0,0,2013,"March","Sunday","11:40 pm","050","Not Divided","CURVED, VIEW OPEN","Level","Unknown","Sealed","Dry","Not Raining","Night","Hit Fixed Object","01","Driver Rider","1: PDO","No Control","Y","",1336261.51,1690646.14,"13362621690646"
"2013-3074-27/05/2021","2 Metropolitan","INGLEWOOD","5133","THE ADELAIDE HILLS COUNCIL",2,1,0,0,1,2013,"March","Saturday","01:45 pm","050","Not Divided","CURVED, VIEW OBSCURED","Level","Unknown","Sealed","Dry","Not Raining","Daylight","Head On","02","Driver Rider","2: MI","No Control","","",1344447.19,1681404.24,"13444471681404"
"2013-3075-27/05/2021","2 Metropolitan","OLD REYNELLA","5161","CITY OF ONKAPARINGA",3,1,0,0,1,2013,"March","Sunday","10:58 am","050","Not Divided","Straight road","Level","Not Applicable","Sealed","Dry","Not Raining","Daylight","Rear End","01","Driver Rider","2: MI","No Control","","",1322082.09,1651948.62,"13220821651949"
"2013-3076-27/05/2021","3 Country","MIDDLETON","5213","ALEXANDRINA COUNCIL",2,0,0,0,0,2013,"March","Sunday","10:45 am","050","T-Junction","Straight road","Level","Not Applicable","Sealed","Dry","Not Raining","Daylight","Rear End","01","Driver Rider","1: PDO","No Control","","",1336183.49,1605833.05,"13361831605833"
"2013-3077-27/05/2021","2 Metropolitan","GILLES PLAINS","5086","CITY OF PORT ADELAIDE ENFIELD",2,1,0,0,1,2013,"March","Sunday","12:25 pm","060","T-Junction","Straight road","Level","Not Applicable","Sealed","Dry","Not Raining","Daylight","Rear End","01","Driver Rider","2: MI","Stop Sign","","",1333698.17,1677996.07,"13336981677996"
"2013-3078-27/05/2021","2 Metropolitan","PARK HOLME","5043","CC MARION.                    ",2,0,0,0,0,2013,"March","Monday","09:55 am","060","Cross Road","Straight road","Level","Not Applicable","Sealed","Dry","Not Raining","Daylight","Side Swipe","02","Driver Rider","1: PDO","Traffic Signals","","",1324333.22,1663274.32,"13243331663274"
"2013-3079-27/05/2021","1 City","ADELAIDE","5000","CITY OF ADELAIDE",2,0,0,0,0,2013,"March","Monday","10:10 am","050","Cross Road","Straight road","Level","Not Applicable","Sealed","Dry","Not Raining","Daylight","Right Turn","01","Driver Rider","1: PDO","Traffic Signals","","",1329231.17,1671000.93,"13292311671001"
"2013-3080-27/05/2021","2 Metropolitan","ANDREWS FARM","5114","CITY OF PLAYFORD.",2,1,0,0,1,2013,"February","Friday","03:00 am","050","Not Divided","Straight road","Level","Not Applicable","Sealed","Wet","Raining","Night","Hit Object on Road","01","Driver Rider","2: MI","No Control","","",1334776.7,1697980.09,"13347771697980"
"2013-3081-27/05/2021","3 Country","TANUNDA","5352","THE BAROSSA COUNCIL.",2,1,0,0,1,2013,"March","Sunday","04:00 pm","050","T-Junction","CURVED, VIEW OPEN","Level","Not Applicable","Sealed","Dry","Not Raining","Daylight","Rear End","02","Driver Rider","2: MI","No Control","","",1364932.24,1715707.52,"13649321715708"
"2013-3082-27/05/2021","3 Country","SUNLANDS","5322","LOXTON WAIKERIE DISTRICT COUNCIL",3,0,0,0,0,2013,"March","Monday","10:15 am","080","T-Junction","Straight road","Level","Not Applicable","Sealed","Dry","Not Raining","Daylight","Hit Parked Vehicle","02","Driver Rider","1: PDO","No Control","","",1450019.93,1751717.53,"14500201751718"
"2013-3083-27/05/2021","3 Country","PASKEVILLE","5552","COPPER COAST DISTRICT COUNCIL",2,2,0,0,2,2013,"March","Sunday","01:00 pm","080","Not Divided","Straight road","Level","Not Applicable","Sealed","Dry","Not Raining","Daylight","Rear End","02","Driver Rider","2: MI","No Control","","",1267501.2,1770927.37,"12675011770927"
"2013-3084-27/05/2021","2 Metropolitan","WALKERVILLE","5081","WALKERVILLE TOWN COUNCIL",2,0,0,0,0,2013,"March","Monday","10:48 am","060","Divided Road","Straight road","Level","Not Applicable","Sealed","Dry","Not Raining","Daylight","Side Swipe","01","Driver Rider","1: PDO","No Control","","",1330243.32,1675000.35,"13302431675000"
"2013-3085-27/05/2021","2 Metropolitan","SEMAPHORE","5019","CITY OF PORT ADELAIDE ENFIELD",2,1,0,0,1,2013,"March","Monday","08:45 am","050","T-Junction","Straight road","Level","Not Applicable","Sealed","Dry","Not Raining","Daylight","Side Swipe","02","Driver Rider","2: MI","Roundabout","","",1317796.67,1680437.55,"13177971680438"
"2013-3086-27/05/2021","2 Metropolitan","SELLICKS BEACH","5174","CITY OF ONKAPARINGA",2,1,0,0,1,2013,"March","Monday","09:00 am","050","T-Junction","Straight road","Level","Not Applicable","Sealed","Dry","Not Raining","Daylight","Hit Fixed Object","01","Driver Rider","2: MI","No Control","","",1315516.95,1626783.94,"13155171626784"
"2013-3087-27/05/2021","2 Metropolitan","TORRENSVILLE","5031","CITY OF WEST TORRENS",3,1,0,0,1,2013,"March","Monday","11:15 am","060","Cross Road","Straight road","Level","Not Applicable","Sealed","Dry","Not Raining","Daylight","Right Turn","01","Driver Rider","2: MI","Traffic Signals","","",1325429.88,1672005.77,"13254301672006"
"2013-3088-27/05/2021","2 Metropolitan","TORRENSVILLE","5031","CITY OF WEST TORRENS",2,0,0,0,0,2013,"March","Monday","08:55 am","050","Cross Road","Straight road","Level","Not Applicable","Sealed","Dry","Not Raining","Daylight","Right Angle","01","Driver Rider","1: PDO","Give Way Sign","","",1324734.78,1671817.17,"13247351671817"
"2013-3089-27/05/2021","2 Metropolitan","EASTWOOD","5063","CITY OF BURNSIDE",2,0,0,0,0,2013,"March","Monday","08:05 am","060","Divided Road","Straight road","Level","Driveway or Entrance","Sealed","Dry","Not Raining","Daylight","Right Turn","02","Driver Rider","1: PDO","No Control","","",1330511.62,1668999.07,"13305121668999"
"2013-3090-27/05/2021","2 Metropolitan","ELIZABETH GROVE","5112","CITY OF PLAYFORD.",2,0,0,0,0,2013,"March","Monday","12:25 pm","050","T-Junction","CURVED, VIEW OPEN","Level","Not Applicable","Sealed","Dry","Not Raining","Daylight","Right Turn","01","Driver Rider","1: PDO","No Control","","",1335426.64,1691543,"13354271691543"
"2013-3091-27/05/2021","3 Country","MOONTA","5558","COPPER COAST DISTRICT COUNCIL",2,0,0,0,0,2013,"March","Monday","10:00 am","050","Cross Road","Straight road","Level","Not Applicable","Sealed","Dry","Not Raining","Daylight","Right Angle","02","Driver Rider","1: PDO","Give Way Sign","","",1238946.62,1768234.89,"12389471768235"
"2013-3092-27/05/2021","1 City","ADELAIDE","5000","CITY OF ADELAIDE",2,0,0,0,0,2013,"March","Monday","09:25 am","050","Cross Road","Straight road","Level","Not Applicable","Sealed","Dry","Not Raining","Daylight","Right Turn","02","Driver Rider","1: PDO","Traffic Signals","","",1329254.44,1670209.14,"13292541670209"
"2013-3093-27/05/2021","2 Metropolitan","O'HALLORAN HILL","5158","CC MARION.                    ",2,0,0,0,0,2013,"March","Monday","07:45 am","040","Freeway","Straight road","Slope","Roadworks","Sealed","Dry","Not Raining","Daylight","Rear End","01","Driver Rider","1: PDO","No Control","","",1323009.95,1655793.48,"13230101655793"