"REPORT_ID","Stats Area","Suburb","Postcode","LGA Name","Total Units","Total Cas","Total Fats","Total SI","Total MI","Year","Month","Day","Time","Area Speed","Position Type","Horizontal Align","Vertical Align","Other Feat","Road Surface","Moisture Cond","Weather Cond","DayNight","Crash Type","Unit Resp","Entity Code","CSEF Severity","Traffic Ctrls","DUI Involved","Drugs Involved","ACCLOC_X","ACCLOC_Y","UNIQUE_LOC"
"2013-3340-27/05/2021","2 Metropolitan","CHANDLERS HILL","5159","CITY OF ONKAPARINGA",2,0,0,0,0,2013,"March","Friday","06:00 pm","070","Not Divided","CURVED, VIEW OPEN","Level","Not Applicable","Sealed","Dry","Not Raining","Daylight","Hit Fixed Object","01","Driver Rider","1: PDO","No Control","","",,,
"2013-3341-27/05/2021","2 Metropolitan","KENSINGTON GARDENS","5068","CITY OF BURNSIDE",2,1,0,0,1,2013,"March","Friday","03:25 pm","060","Not Divided","Straight road","Level","Not Applicable","Sealed","Dry","Not Raining","Daylight","Side Swipe","02","Driver Rider","2: MI","No Control","","",1334360.76,1670474.04,"13343611670474"
"2013-3342-27/05/2021","3 Country","MOUNT GAMBIER","5290","CC MT.GAMBIER.                ",2,0,0,0,0,2013,"March","Friday","08:55 pm","060","T-Junction","Straight road","Level","Not Applicable","Sealed","Dry","Not Raining","Night","Right Turn","01","Driver Rider","1: PDO","Traffic Signals","","",1511784.5,1339465.58,"15117851339466"
"2013-3343-27/05/2021","2 Metropolitan","WEST RICHMOND","5033","CITY OF WEST TORRENS",2,0,0,0,0,2013,"March","Friday","05:15 pm","060","T-Junction","Straight road","Level","Not Applicable","Sealed","Dry","Not Raining","Daylight","Rear End","02","Driver Rider","1: PDO","No Control","","",1324157.49,1669263.7,"13241571669264"
"2013-3344-27/05/2021","2 Metropolitan","SMITHFIELD PLAINS","5114","CITY OF PLAYFORD.",2,1,0,0,1,2013,"March","Friday","07:05 pm","060","T-Junction","Straight road","Level","Not Applicable","Sealed","Dry","Not Raining","Night","Rear End","02","Driver Rider","2: MI","No Control","","",1336793.74,1697562.79,"13367941697563"
"2013-3345-27/05/2021","2 Metropolitan","FLINDERS PARK","5025","CITY OF CHARLES STURT",2,0,0,0,0,2013,"March","Friday","10:10 pm","050","Not Divided","Straight road","Level","Not Applicable","Sealed","Dry","Not Raining","Night","Hit Parked Vehicle","02","Driver Rider","1: PDO","No Control","Y","",1323532.15,1672824.76,"13235321672825"
"2013-3346-27/05/2021","3 Country","MONBULLA","5277","WATTLE RANGE COUNCIL",1,1,0,0,1,2013,"March","Friday","11:50 pm","110","Not Divided","Straight road","Level","Not Applicable","Sealed","Dry","Not Raining","Night","Roll Over","01","Driver Rider","2: MI","No Control","","",1508334.95,1387359.29,"15083351387359"
"2013-3347-27/05/2021","2 Metropolitan","GREEN FIELDS","5107","CITY OF SALISBURY",2,0,0,0,0,2013,"March","Saturday","01:00 am","080","T-Junction","Straight road","Level","Not Applicable","Sealed","Dry","Not Raining","Night","Right Turn","01","Driver Rider","1: PDO","Traffic Signals","","",1328689.4,1685255.52,"13286891685256"
"2013-3348-27/05/2021","2 Metropolitan","ROSE PARK","5067","CITY OF BURNSIDE",2,0,0,0,0,2013,"March","Friday","06:40 pm","050","Cross Road","Straight road","Level","Not Applicable","Sealed","Dry","Not Raining","Daylight","Right Angle","01","Driver Rider","1: PDO","Give Way Sign","","",1330727.81,1670129.39,"13307281670129"
"2013-3349-27/05/2021","2 Metropolitan","MOUNT BARKER","5251","DC MT.BARKER.                 ",2,0,0,0,0,2013,"March","Saturday","07:20 am","080","Not Divided","Straight road","Level","Not Applicable","Sealed","Wet","Not Raining","Daylight","Head On","02","Driver Rider","1: PDO","No Control","","",1352724.41,1652019.42,"13527241652019"
"2013-3350-27/05/2021","1 City","ADELAIDE","5000","CITY OF ADELAIDE",3,0,0,0,0,2013,"March","Friday","12:18 pm","050","T-Junction","Straight road","Level","Not Applicable","Sealed","Dry","Not Raining","Daylight","Rear End","02","Driver Rider","1: PDO","No Control","","",,,
"2013-3351-27/05/2021","3 Country","WATERVALE","5452","CLARE AND GILBERT VALLEYS DISTRICT COUNCIL",1,1,0,0,1,2013,"March","Friday","02:10 pm","100","Not Divided","Straight road","Level","Not Applicable","Sealed","Dry","Not Raining","Daylight","Roll Over","01","Driver Rider","2: MI","No Control","","",1336367.43,1778268.6,"13363671778269"
"2013-3352-27/05/2021","2 Metropolitan","ROSTREVOR","5073","CC CAMPBELLTOWN.              ",2,1,1,0,0,2013,"March","Saturday","08:15 am","050","Not Divided","Straight road","Level","Not Applicable","Sealed","Dry","Not Raining","Daylight","Hit Fixed Object","01","Driver Rider","4: Fatal","No Control","","",1335532.04,1673667.96,"13355321673668"
"2013-3353-27/05/2021","2 Metropolitan","NORTHFIELD","5085","CITY OF PORT ADELAIDE ENFIELD",2,0,0,0,0,2013,"March","Friday","06:45 pm","060","T-Junction","Straight road","Level","Not Applicable","Sealed","Dry","Not Raining","Daylight","Rear End","02","Driver Rider","1: PDO","Traffic Signals","","",1330407.78,1678042.15,"13304081678042"
"2013-3354-27/05/2021","2 Metropolitan","VISTA","5091","CITY OF TEA TREE GULLY",2,1,0,0,1,2013,"March","Saturday","10:00 am","080","Not Divided","Straight road","Slope","Not Applicable","Sealed","Wet","Raining","Daylight","Hit Fixed Object","01","Driver Rider","2: MI","No Control","","",1340755.1,1679945.82,"13407551679946"
"2013-3355-27/05/2021","2 Metropolitan","KENSINGTON GARDENS","5068","CITY OF BURNSIDE",2,1,0,0,1,2013,"March","Saturday","12:06 pm","060","Cross Road","Straight road","Level","Not Applicable","Sealed","Dry","Not Raining","Daylight","Side Swipe","02","Driver Rider","2: MI","Give Way Sign","","",1334131.2,1671128.66,"13341311671129"
"2013-3356-27/05/2021","2 Metropolitan","COWANDILLA","5033","CITY OF WEST TORRENS",2,0,0,0,0,2013,"March","Saturday","11:45 am","060","Divided Road","Straight road","Level","Not Applicable","Sealed","Dry","Not Raining","Daylight","Rear End","02","Driver Rider","1: PDO","No Control","","",1324139.41,1669922.32,"13241391669922"
"2013-3357-27/05/2021","2 Metropolitan","SMITHFIELD","5114","CITY OF PLAYFORD.",3,1,0,0,1,2013,"March","Friday","05:40 pm","060","Cross Road","Straight road","Level","Not Applicable","Sealed","Dry","Not Raining","Daylight","Rear End","02","Driver Rider","2: MI","Roundabout","","",1337539.39,1697379.42,"13375391697379"
"2013-3358-27/05/2021","2 Metropolitan","SALISBURY DOWNS","5108","CITY OF SALISBURY",2,0,0,0,0,2013,"March","Saturday","12:30 pm","060","Cross Road","Straight road","Level","Not Applicable","Sealed","Dry","Not Raining","Daylight","Right Angle","02","Driver Rider","1: PDO","Roundabout","","",1330533.89,1687541.31,"13305341687541"
"2013-3359-27/05/2021","2 Metropolitan","SALISBURY DOWNS","5108","CITY OF SALISBURY",2,0,0,0,0,2013,"March","Saturday","11:30 am","060","Cross Road","Straight road","Level","Not Applicable","Sealed","Dry","Not Raining","Daylight","Rear End","01","Driver Rider","1: PDO","Traffic Signals","","",1331452.34,1686817.44,"13314521686817"
"2013-3360-27/05/2021","2 Metropolitan","MUNNO PARA","5115","CITY OF PLAYFORD.",2,0,0,0,0,2013,"March","Saturday","12:30 pm","090","Divided Road","Straight road","Level","Not Applicable","Sealed","Dry","Not Raining","Daylight","Rear End","02","Driver Rider","1: PDO","No Control","","",1338670.03,1698609.76,"13386701698610"
"2013-3361-27/05/2021","2 Metropolitan","ROSE PARK","5067","CITY OF BURNSIDE",2,0,0,0,0,2013,"March","Friday","12:45 pm","050","Not Divided","Straight road","Slope","Driveway or Entrance","Sealed","Dry","Not Raining","Daylight","Right Angle","01","Driver Rider","1: PDO","No Control","","",1330729.01,1670091.89,"13307291670092"
"2013-3362-27/05/2021","2 Metropolitan","STURT","5047","CC MARION.                    ",2,1,0,0,1,2013,"March","Thursday","07:55 am","060","Cross Road","Straight road","Level","Not Applicable","Sealed","Dry","Not Raining","Daylight","Rear End","02","Driver Rider","2: MI","Traffic Signals","","",1324404.88,1660668.91,"13244051660669"
"2013-3363-27/05/2021","2 Metropolitan","TOORAK GARDENS","5065","CITY OF BURNSIDE",2,0,0,0,0,2013,"March","Friday","04:10 pm","060","T-Junction","Straight road","Level","Not Applicable","Sealed","Dry","Not Raining","Daylight","Right Turn","01","Driver Rider","1: PDO","No Control","","",1332281.44,1670031.47,"13322811670031"
"2013-3364-27/05/2021","3 Country","MOUNT PLEASANT","5235","THE BAROSSA COUNCIL.",3,0,0,0,0,2013,"March","Saturday","12:10 pm","080","Not Divided","Straight road","Level","Not Applicable","Sealed","Dry","Not Raining","Daylight","Hit Fixed Object","01","Driver Rider","1: PDO","No Control","","",1368660.76,1685109.74,"13686611685110"
"2013-3365-27/05/2021","3 Country","ALAWOONA","5311","LOXTON WAIKERIE DISTRICT COUNCIL",2,1,0,0,1,2013,"March","Saturday","01:15 pm","080","Not Divided","Straight road","Level","Not Applicable","Sealed","Dry","Not Raining","Daylight","Hit Fixed Object","01","Driver Rider","2: MI","No Control","","",1503214.22,1684401.99,"15032141684402"
"2013-3366-27/05/2021","2 Metropolitan","NOARLUNGA DOWNS","5168","CITY OF ONKAPARINGA",3,1,0,0,1,2013,"March","Saturday","12:50 pm","060","T-Junction","Straight road","Slope","Not Applicable","Sealed","Dry","Not Raining","Daylight","Rear End","01","Driver Rider","2: MI","Roundabout","","",1318895.69,1646333.3,"13188961646333"
"2013-3367-27/05/2021","2 Metropolitan","HILLBANK","5112","CITY OF PLAYFORD.",2,0,0,0,0,2013,"March","Saturday","03:50 pm","080","Cross Road","Straight road","Level","Not Applicable","Sealed","Dry","Not Raining","Daylight","Right Angle","02","Driver Rider","1: PDO","Traffic Signals","","",1336127.25,1690847.05,"13361271690847"
"2013-3368-27/05/2021","2 Metropolitan","PASADENA","5042","CC MITCHAM.                   ",2,0,0,0,0,2013,"March","Saturday","04:30 pm","060","T-Junction","Straight road","Level","Not Applicable","Sealed","Dry","Not Raining","Daylight","Rear End","01","Driver Rider","1: PDO","Traffic Signals","","",1327582.41,1663360.34,"13275821663360"
"2013-3369-27/05/2021","2 Metropolitan","OVINGHAM","5082","CITY OF CHARLES STURT",5,0,0,0,0,2013,"March","Friday","06:30 pm","060","Divided Road","Straight road","Crest of Hill","Bridge, Culvert, Causeway","Sealed","Dry","Not Raining","Daylight","Rear End","01","Driver Rider","1: PDO","No Control","","",1327050.13,1673210.17,"13270501673210"
"2013-3370-27/05/2021","2 Metropolitan","PLYMPTON","5038","CITY OF WEST TORRENS",2,1,0,0,1,2013,"March","Saturday","05:20 pm","060","Divided Road","Straight road","Level","Not Applicable","Sealed","Dry","Not Raining","Daylight","Side Swipe","02","Driver Rider","2: MI","No Control","","",1324603.01,1666855,"13246031666855"
"2013-3371-27/05/2021","2 Metropolitan","SALISBURY","5108","CITY OF SALISBURY",2,0,0,0,0,2013,"March","Saturday","11:00 am","060","T-Junction","Straight road","Level","Not Applicable","Sealed","Dry","Not Raining","Daylight","Right Turn","01","Driver Rider","1: PDO","No Control","","",1333600.19,1688085.5,"13336001688086"
"2013-3372-27/05/2021","2 Metropolitan","STURT","5047","CC MARION.                    ",2,0,0,0,0,2013,"March","Saturday","08:45 am","070","T-Junction","Straight road","Level","Not Applicable","Sealed","Dry","Not Raining","Daylight","Rear End","02","Driver Rider","1: PDO","Traffic Signals","","",1324240.85,1659440.06,"13242411659440"
"2013-3373-27/05/2021","3 Country","PORT AUGUSTA","5700","CC PT.AUGUSTA.                ",2,1,0,0,1,2013,"March","Saturday","06:30 pm","060","Cross Road","Straight road","Level","Not Applicable","Sealed","Dry","Not Raining","Daylight","Right Turn","02","Driver Rider","2: MI","Traffic Signals","","",1259792.65,1941867.98,"12597931941868"
"2013-3374-27/05/2021","2 Metropolitan","CROYDON","5008","CITY OF CHARLES STURT",3,0,0,0,0,2013,"March","Saturday","05:30 pm","060","Not Divided","Straight road","Level","Not Applicable","Sealed","Dry","Not Raining","Daylight","Rear End","01","Driver Rider","1: PDO","No Control","","",,,
"2013-3375-27/05/2021","2 Metropolitan","DARLINGTON","5047","CITY OF ONKAPARINGA",2,1,0,0,1,2013,"March","Saturday","04:50 pm","070","Divided Road","Straight road","Level","Driveway or Entrance","Sealed","Dry","Not Raining","Daylight","Right Angle","01","Driver Rider","2: MI","No Control","","",1324533.58,1659777.72,"13245341659778"
"2013-3376-27/05/2021","2 Metropolitan","HAPPY VALLEY","5159","CITY OF ONKAPARINGA",2,1,0,0,1,2013,"March","Saturday","08:30 pm","070","T-Junction","Straight road","Level","Not Applicable","Sealed","Dry","Not Raining","Night","Rear End","02","Driver Rider","2: MI","Traffic Signals","","",1324335.12,1656485.44,"13243351656485"
"2013-3377-27/05/2021","3 Country","NORMANVILLE","5204","DC YANKALILLA.                ",2,1,0,1,0,2013,"March","Saturday","04:45 pm","080","Not Divided","Straight road","Level","Driveway or Entrance","Sealed","Dry","Not Raining","Daylight","Side Swipe","01","Driver Rider","3: SI","No Control","","",1299980.39,1612303.99,"12999801612304"
"2013-3378-27/05/2021","3 Country","DEEP CREEK","5204","DC YANKALILLA.                ",2,0,0,0,0,2013,"March","Saturday","09:00 pm","050","Not Divided","Straight road","Level","Not Applicable","Unsealed","Dry","Not Raining","Night","Hit Fixed Object","01","Driver Rider","1: PDO","No Control","","",1291016.43,1592701.42,"12910161592701"
"2013-3379-27/05/2021","2 Metropolitan","DOVER GARDENS","5048","CC MARION.                    ",2,0,0,0,0,2013,"March","Saturday","11:47 pm","060","Cross Road","Straight road","Level","Not Applicable","Sealed","Dry","Not Raining","Night","Right Turn","01","Driver Rider","1: PDO","Traffic Signals","","",1322777.1,1660604.93,"13227771660605"
"2013-3380-27/05/2021","2 Metropolitan","MEDINDIE","5081","WALKERVILLE TOWN COUNCIL",2,0,0,0,0,2013,"March","Sunday","01:35 am","060","Divided Road","Straight road","Level","Not Applicable","Sealed","Dry","Not Raining","Night","Rear End","02","Driver Rider","1: PDO","No Control","Y","",1328384.16,1673709.68,"13283841673710"
"2013-3381-27/05/2021","2 Metropolitan","NORWOOD","5067","CC OF NORWOOD,PAYNEHAM & ST PETERS",2,0,0,0,0,2013,"March","Saturday","11:50 pm","060","Multiple","Straight road","Level","Not Applicable","Sealed","Dry","Not Raining","Night","Right Angle","02","Driver Rider","1: PDO","Roundabout","","",1330623.32,1670361.88,"13306231670362"
"2013-3382-27/05/2021","2 Metropolitan","NORTH HAVEN","5018","CITY OF PORT ADELAIDE ENFIELD",2,1,0,0,1,2013,"February","Thursday","03:20 pm","060","T-Junction","Straight road","Level","Not Applicable","Sealed","Dry","Not Raining","Daylight","Rear End","02","Driver Rider","2: MI","No Control","","Y",1319977.84,1685641,"13199781685641"
"2013-3383-27/05/2021","3 Country","WALLAROO MINES","5554","COPPER COAST DISTRICT COUNCIL",4,1,0,1,0,2013,"March","Saturday","09:20 pm","060","Not Divided","Straight road","Level","Not Applicable","Sealed","Dry","Not Raining","Night","Side Swipe","01","Driver Rider","3: SI","No Control","Y","",1248596.7,1780186.63,"12485971780187"
"2013-3384-27/05/2021","2 Metropolitan","CLARENCE GARDENS","5039","CC MITCHAM.                   ",2,0,0,0,0,2013,"March","Saturday","07:25 pm","060","T-Junction","Straight road","Level","Not Applicable","Sealed","Dry","Not Raining","Daylight","Right Angle","02","Driver Rider","1: PDO","No Control","","",1325905.32,1665214.83,"13259051665215"
"2013-3385-27/05/2021","2 Metropolitan","TWO WELLS","5501","DC MALLALA.                   ",2,3,0,0,3,2013,"March","Sunday","09:30 am","110","T-Junction","Straight road","Level","Not Applicable","Sealed","Dry","Not Raining","Daylight","Right Turn","02","Driver Rider","2: MI","Give Way Sign","","",1321397.01,1707669.72,"13213971707670"
"2013-3386-27/05/2021","3 Country","MOONTA","5558","COPPER COAST DISTRICT COUNCIL",2,0,0,0,0,2013,"March","Sunday","10:20 am","050","Not Divided","Straight road","Level","Driveway or Entrance","Sealed","Dry","Not Raining","Daylight","Right Angle","02","Driver Rider","1: PDO","No Control","","",1239018.13,1768330.17,"12390181768330"
"2013-3387-27/05/2021","2 Metropolitan","BROMPTON","5007","CITY OF CHARLES STURT",2,1,0,0,1,2013,"February","Monday","06:00 pm","050","T-Junction","Straight road","Level","Unknown","Sealed","Dry","Not Raining","Night","Right Angle","01","Driver Rider","2: MI","No Control","","",1326300.02,1673921.87,"13263001673922"
"2013-3388-27/05/2021","2 Metropolitan","MILLBROOK","5231","THE ADELAIDE HILLS COUNCIL",2,0,0,0,0,2013,"March","Saturday","10:00 pm","080","T-Junction","CURVED, VIEW OPEN","Slope","Driveway or Entrance","Sealed","Dry","Not Raining","Night","Head On","02","Driver Rider","1: PDO","No Control","","",1348123.25,1682323.59,"13481231682324"
"2013-3389-27/05/2021","2 Metropolitan","RIDLEYTON","5008","CITY OF CHARLES STURT",2,0,0,0,0,2013,"March","Saturday","06:30 am","060","Cross Road","Straight road","Level","Not Applicable","Sealed","Dry","Not Raining","Daylight","Right Turn","02","Driver Rider","1: PDO","Traffic Signals","","",1325910.89,1674899.36,"13259111674899"
"2013-3390-27/05/2021","2 Metropolitan","ONKAPARINGA HILLS","5163","CITY OF ONKAPARINGA",2,1,0,1,0,2013,"March","Sunday","10:15 am","100","Cross Road","Straight road","Level","Not Applicable","Sealed","Dry","Not Raining","Daylight","Hit Fixed Object","01","Driver Rider","3: SI","Give Way Sign","","",1325392.1,1651153.01,"13253921651153"
"2013-3391-27/05/2021","2 Metropolitan","CHANDLERS HILL","5159","CITY OF ONKAPARINGA",2,1,0,0,1,2013,"March","Sunday","11:30 am","080","T-Junction","Straight road","Level","Not Applicable","Sealed","Dry","Not Raining","Daylight","Rear End","01","Driver Rider","2: MI","Stop Sign","","",1328990.87,1651888.16,"13289911651888"
"2013-3392-27/05/2021","2 Metropolitan","MELROSE PARK","5039","CC MITCHAM.                   ",3,0,0,0,0,2013,"March","Sunday","12:21 pm","060","Divided Road","Straight road","Level","Not Applicable","Sealed","Dry","Not Raining","Daylight","Rear End","01","Driver Rider","1: PDO","No Control","","",1325960.27,1663497.95,"13259601663498"
"2013-3393-27/05/2021","2 Metropolitan","GREENHILL","5140","CITY OF BURNSIDE",2,0,0,0,0,2013,"March","Sunday","12:30 pm","080","Not Divided","CURVED, VIEW OPEN","Slope","Not Applicable","Sealed","Dry","Not Raining","Daylight","Hit Fixed Object","01","Driver Rider","1: PDO","No Control","","",1335012.33,1668113.18,"13350121668113"
"2013-3394-27/05/2021","3 Country","COORONG","5264","DC KINGSTON.",1,1,0,0,1,2013,"March","Saturday","11:30 am","050","Not Divided","Straight road","Level","Not Applicable","Unsealed","Dry","Not Raining","Daylight","Roll Over","01","Driver Rider","2: MI","No Control","","",1427542.95,1507338.46,"14275431507338"
"2013-3395-27/05/2021","2 Metropolitan","DULWICH","5065","CITY OF BURNSIDE",2,0,0,0,0,2013,"March","Sunday","02:45 pm","060","Divided Road","Straight road","Level","Not Applicable","Sealed","Dry","Not Raining","Daylight","Rear End","02","Driver Rider","1: PDO","No Control","","",1330659.24,1669432.52,"13306591669433"
"2013-3396-27/05/2021","3 Country","GOOLWA","5214","ALEXANDRINA COUNCIL",4,1,0,0,1,2013,"March","Sunday","03:00 pm","050","Not Divided","Straight road","Level","Not Applicable","Sealed","Dry","Not Raining","Daylight","Rear End","02","Driver Rider","2: MI","No Control","","",1342548.59,1606956.6,"13425491606957"
"2013-3397-27/05/2021","2 Metropolitan","PLYMPTON","5038","CITY OF WEST TORRENS",2,1,0,0,1,2013,"March","Saturday","10:54 pm","060","Cross Road","Straight road","Level","Not Applicable","Sealed","Dry","Not Raining","Night","Right Turn","01","Driver Rider","2: MI","Traffic Signals","","",1324236.71,1666587.41,"13242371666587"
"2013-3398-27/05/2021","2 Metropolitan","PAYNEHAM","5070","CC OF NORWOOD,PAYNEHAM & ST PETERS",2,1,0,1,0,2013,"March","Saturday","04:15 pm","060","Cross Road","Straight road","Level","Not Applicable","Sealed","Dry","Not Raining","Daylight","Hit Pedestrian","01","Driver Rider","3: SI","Traffic Signals","","",1332172.02,1673790.11,"13321721673790"
"2013-3399-27/05/2021","2 Metropolitan","SEAFORD RISE","5169","CITY OF ONKAPARINGA",2,0,0,0,0,2013,"March","Sunday","07:45 am","050","Not Divided","Straight road","Slope","Unknown","Sealed","Dry","Not Raining","Daylight","Hit Fixed Object","01","Driver Rider","1: PDO","No Control","Y","",1317491.37,1640716.16,"13174911640716"
"2013-3400-27/05/2021","2 Metropolitan","MYRTLE BANK","5064","CITY OF UNLEY",2,0,0,0,0,2013,"March","Sunday","12:30 pm","060","T-Junction","Straight road","Level","Unknown","Sealed","Dry","Not Raining","Daylight","Rear End","02","Driver Rider","1: PDO","No Control","","",1331037.84,1666298.68,"13310381666299"
"2013-3401-27/05/2021","2 Metropolitan","UPPER STURT","5156","THE ADELAIDE HILLS COUNCIL",2,0,0,0,0,2013,"March","Sunday","02:30 pm","060","Not Divided","CURVED, VIEW OBSCURED","Slope","Not Applicable","Sealed","Dry","Not Raining","Daylight","Hit Fixed Object","01","Driver Rider","1: PDO","No Control","","",1336184.93,1660361.74,"13361851660362"
"2013-3402-27/05/2021","2 Metropolitan","WARD BELT","5118","LIGHT REGIONAL COUNCIL",2,0,0,0,0,2013,"March","Sunday","03:40 pm","110","Freeway","Straight road","Level","Not Applicable","Sealed","Dry","Not Raining","Daylight","Rear End","02","Driver Rider","1: PDO","No Control","","",1339734.75,1706189.62,"13397351706190"
"2013-3403-27/05/2021","3 Country","YACKA","5470","NORTHERN AREAS DISTRICT COUNCIL",2,1,0,0,1,2013,"March","Sunday","02:00 pm","110","Not Divided","Straight road","Level","Not Applicable","Sealed","Dry","Not Raining","Daylight","Hit Fixed Object","01","Driver Rider","2: MI","No Control","","",1319445.72,1826372.09,"13194461826372"
"2013-3404-27/05/2021","2 Metropolitan","SURREY DOWNS","5126","CITY OF TEA TREE GULLY",2,1,0,0,1,2013,"March","Sunday","03:05 pm","060","T-Junction","Straight road","Level","Not Applicable","Sealed","Dry","Not Raining","Daylight","Hit Fixed Object","09","Other","2: MI","No Control","","",1338383.45,1683578.82,"13383831683579"
"2013-3405-27/05/2021","2 Metropolitan","WEST RICHMOND","5033","CITY OF WEST TORRENS",2,0,0,0,0,2013,"March","Friday","04:55 pm","060","Divided Road","Straight road","Level","Not Applicable","Sealed","Dry","Not Raining","Daylight","Rear End","02","Driver Rider","1: PDO","No Control","","",1324156.97,1669286.72,"13241571669287"
"2013-3406-27/05/2021","3 Country","VICTOR HARBOR","5211","DC VICTOR HARBOR.             ",2,0,0,0,0,2013,"March","Saturday","03:45 pm","060","Not Divided","Straight road","Level","Not Applicable","Sealed","Dry","Not Raining","Daylight","Hit Parked Vehicle","02","Driver Rider","1: PDO","No Control","","",1327818.02,1601108.94,"13278181601109"
"2013-3407-27/05/2021","3 Country","SEDDON","5223","KANGAROO ISLAND COUNCIL",2,0,0,0,0,2013,"March","Sunday","05:45 pm","100","Not Divided","CURVED, VIEW OPEN","Level","Not Applicable","Unsealed","Dry","Not Raining","Daylight","Hit Fixed Object","01","Driver Rider","1: PDO","No Control","","",1208906.13,1576495.14,"12089061576495"
"2013-3408-27/05/2021","2 Metropolitan","HIGHBURY","5089","CITY OF TEA TREE GULLY",2,0,0,0,0,2013,"March","Sunday","06:20 pm","060","T-Junction","Straight road","Level","Not Applicable","Sealed","Dry","Not Raining","Daylight","Right Angle","01","Driver Rider","1: PDO","No Control","Y","",1337369.85,1678736.25,"13373701678736"
"2013-3409-27/05/2021","2 Metropolitan","PLYMPTON","5038","CITY OF WEST TORRENS",2,0,0,0,0,2013,"March","Sunday","08:20 pm","060","Divided Road","Straight road","Level","Not Applicable","Sealed","Dry","Not Raining","Night","Hit Fixed Object","01","Driver Rider","1: PDO","No Control","","",1323966.27,1666366.57,"13239661666367"
"2013-3410-27/05/2021","3 Country","KADINA","5554","COPPER COAST DISTRICT COUNCIL",3,0,0,0,0,2013,"March","Sunday","10:15 pm","050","Cross Road","Straight road","Level","Not Applicable","Sealed","Dry","Not Raining","Night","Hit Fixed Object","01","Driver Rider","1: PDO","Give Way Sign","Y","",1251122.92,1779183.9,"12511231779184"
"2013-3411-27/05/2021","2 Metropolitan","GRANGE","5022","CITY OF CHARLES STURT",3,2,0,0,2,2013,"March","Sunday","09:45 pm","050","Cross Road","Straight road","Level","Not Applicable","Sealed","Dry","Not Raining","Night","Right Angle","02","Driver Rider","2: MI","Stop Sign","","",1318619.9,1673581.58,"13186201673582"
"2013-3412-27/05/2021","2 Metropolitan","GAWLER EAST","5118","CT GAWLER.                    ",2,0,0,0,0,2013,"March","Monday","12:31 am","050","Not Divided","Straight road","Level","Not Applicable","Sealed","Dry","Not Raining","Night","Hit Fixed Object","01","Driver Rider","1: PDO","No Control","Y","",1344035.38,1705667.15,"13440351705667"
"2013-3413-27/05/2021","2 Metropolitan","OLD REYNELLA","5161","CITY OF ONKAPARINGA",5,1,0,0,1,2013,"March","Monday","12:25 am","080","Divided Road","CURVED, VIEW OPEN","Slope","Not Applicable","Sealed","Dry","Not Raining","Night","Hit Fixed Object","01","Driver Rider","2: MI","No Control","","Y",1322484.65,1652882.3,"13224851652882"
"2013-3414-27/05/2021","2 Metropolitan","NORWOOD","5067","CC OF NORWOOD,PAYNEHAM & ST PETERS",2,3,0,0,3,2013,"March","Sunday","12:50 pm","060","Multiple","Straight road","Level","Not Applicable","Sealed","Dry","Not Raining","Daylight","Right Angle","01","Driver Rider","2: MI","Roundabout","","",1330623.32,1670361.88,"13306231670362"
"2013-3415-27/05/2021","3 Country","MOUNT COMPASS","5210","ALEXANDRINA COUNCIL",1,1,0,0,1,2013,"March","Sunday","12:10 pm","080","Not Divided","CURVED, VIEW OBSCURED","Level","Not Applicable","Sealed","Dry","Not Raining","Daylight","Roll Over","01","Driver Rider","2: MI","No Control","","",1329475.9,1622011.98,"13294761622012"
"2013-3416-27/05/2021","2 Metropolitan","PARKSIDE","5063","CITY OF UNLEY",2,0,0,0,0,2013,"March","Sunday","01:30 pm","060","Not Divided","Straight road","Level","Not Applicable","Sealed","Dry","Not Raining","Daylight","Right Angle","02","Driver Rider","1: PDO","No Control","","",1329976.91,1668900.55,"13299771668901"
"2013-3417-27/05/2021","2 Metropolitan","BOWDEN","5007","CITY OF CHARLES STURT",3,0,0,0,0,2013,"March","Sunday","02:20 pm","060","Divided Road","Straight road","Level","Not Applicable","Sealed","Dry","Not Raining","Daylight","Rear End","01","Driver Rider","1: PDO","No Control","","",1326764.92,1672940.85,"13267651672941"
"2013-3418-27/05/2021","3 Country","STONE HUT","5480","NORTHERN AREAS DISTRICT COUNCIL",2,1,0,0,1,2013,"March","Monday","04:00 am","110","Not Divided","Straight road","Level","Not Applicable","Sealed","Dry","Not Raining","Night","Hit Fixed Object","01","Driver Rider","2: MI","No Control","Y","",1307080.89,1872497.35,"13070811872497"
"2013-3419-27/05/2021","2 Metropolitan","NORWOOD","5067","CC OF NORWOOD,PAYNEHAM & ST PETERS",2,1,0,0,1,2013,"March","Monday","10:00 am","050","Not Divided","Straight road","Level","Not Applicable","Sealed","Dry","Not Raining","Daylight","Hit Parked Vehicle","01","Driver Rider","2: MI","No Control","","",1331857.38,1670972.62,"13318571670973"
"2013-3420-27/05/2021","2 Metropolitan","SALISBURY EAST","5109","CITY OF SALISBURY",2,0,0,0,0,2013,"March","Sunday","03:30 pm","060","Divided Road","Straight road","Level","Not Applicable","Sealed","Dry","Not Raining","Daylight","Side Swipe","02","Driver Rider","1: PDO","No Control","","",1334761.38,1685389.66,"13347611685390"
"2013-3421-27/05/2021","3 Country","MURRAY BRIDGE","5253","RC MURRAY BRIDGE.             ",3,0,0,0,0,2013,"March","Monday","11:45 am","050","T-Junction","Straight road","Level","Not Applicable","Sealed","Dry","Not Raining","Daylight","Rear End","01","Driver Rider","1: PDO","No Control","","",1388613.33,1646702.59,"13886131646703"