"REPORT_ID","Stats Area","Suburb","Postcode","LGA Name","Total Units","Total Cas","Total Fats","Total SI","Total MI","Year","Month","Day","Time","Area Speed","Position Type","Horizontal Align","Vertical Align","Other Feat","Road Surface","Moisture Cond","Weather Cond","DayNight","Crash Type","Unit Resp","Entity Code","CSEF Severity","Traffic Ctrls","DUI Involved","Drugs Involved","ACCLOC_X","ACCLOC_Y","UNIQUE_LOC"
"2013-3749-27/05/2021","2 Metropolitan","GREENACRES","5086","CITY OF PORT ADELAIDE ENFIELD",2,0,0,0,0,2013,"March","Monday","07:10 pm","060","Divided Road","Straight road","Level","Not Applicable","Sealed","Dry","Not Raining","Night","Rear End","01","Driver Rider","1: PDO","No Control","","",1330449.34,1676599.17,"13304491676599"
"2013-3750-27/05/2021","2 Metropolitan","NORTH PLYMPTON","5037","CITY OF WEST TORRENS",2,1,0,0,1,2013,"March","Monday","04:00 pm","060","Pedestrian Crossing","Straight road","Level","Not Applicable","Sealed","Dry","Not Raining","Daylight","Rear End","02","Driver Rider","2: MI","Traffic Signals","","",1324205.12,1667472.74,"13242051667473"
"2013-3751-27/05/2021","2 Metropolitan","PORT ADELAIDE","5015","CITY OF PORT ADELAIDE ENFIELD",4,3,0,0,3,2013,"March","Monday","07:30 pm","060","Cross Road","Straight road","Level","Not Applicable","Sealed","Dry","Not Raining","Daylight","Right Angle","01","Driver Rider","2: MI","Traffic Signals","","",1320480.89,1679072.79,"13204811679073"
"2013-3752-27/05/2021","3 Country","TANUNDA","5352","THE BAROSSA COUNCIL.",2,3,0,1,2,2013,"March","Monday","05:10 pm","050","Not Divided","Straight road","Level","Unknown","Sealed","Dry","Not Raining","Daylight","Rear End","02","Driver Rider","3: SI","No Control","","",1363690.32,1714621.74,"13636901714622"
"2013-3753-27/05/2021","2 Metropolitan","RICHMOND","5033","CITY OF WEST TORRENS",2,0,0,0,0,2013,"March","Monday","07:14 pm","060","T-Junction","Straight road","Level","Not Applicable","Sealed","Dry","Not Raining","Daylight","Right Turn","02","Driver Rider","1: PDO","Traffic Signals","","",1325495.46,1668940.99,"13254951668941"
"2013-3754-27/05/2021","2 Metropolitan","OTTOWAY","5013","CITY OF PORT ADELAIDE ENFIELD",2,1,0,1,0,2013,"March","Monday","06:20 pm","060","Cross Road","Straight road","Level","Not Applicable","Sealed","Dry","Not Raining","Daylight","Right Angle","01","Driver Rider","3: SI","Give Way Sign","","",1322902.28,1679362.03,"13229021679362"
"2013-3755-27/05/2021","2 Metropolitan","SEATON","5023","CITY OF CHARLES STURT",2,0,0,0,0,2013,"March","Monday","06:30 pm","060","Cross Road","Straight road","Level","Not Applicable","Sealed","Dry","Not Raining","Daylight","Right Turn","02","Driver Rider","1: PDO","Traffic Signals","","",1320713.72,1676060.8,"13207141676061"
"2013-3756-27/05/2021","2 Metropolitan","FULHAM GARDENS","5024","CITY OF CHARLES STURT",2,0,0,0,0,2013,"March","Monday","08:35 pm","060","Divided Road","Straight road","Level","Not Applicable","Sealed","Dry","Not Raining","Night","Rear End","02","Driver Rider","1: PDO","No Control","","",1320650.34,1672320.63,"13206501672321"
"2013-3757-27/05/2021","2 Metropolitan","GUMERACHA","5233","THE ADELAIDE HILLS COUNCIL",1,0,0,0,0,2013,"March","Saturday","02:40 pm","080","Not Divided","CURVED, VIEW OBSCURED","Slope","Not Applicable","Sealed","Wet","Raining","Daylight","Left Road - Out of Control","01","Driver Rider","1: PDO","No Control","","",,,
"2013-3758-27/05/2021","2 Metropolitan","STURT","5047","CC MARION.                    ",2,2,0,0,2,2013,"March","Monday","05:50 pm","070","T-Junction","Straight road","Level","Not Applicable","Sealed","Dry","Not Raining","Daylight","Rear End","02","Driver Rider","2: MI","Traffic Signals","","",1324240.85,1659440.06,"13242411659440"
"2013-3759-27/05/2021","3 Country","TARPEENA","5277","DISTRICT COUNCIL OF GRANT",1,0,0,0,0,2013,"March","Sunday","11:45 pm","110","Not Divided","CURVED, VIEW OBSCURED","Level","Not Applicable","Sealed","Dry","Not Raining","Night","Roll Over","01","Driver Rider","1: PDO","No Control","","",1511876.42,1357213.38,"15118761357213"
"2013-3760-27/05/2021","2 Metropolitan","BURTON","5110","CITY OF SALISBURY",3,0,0,0,0,2013,"March","Monday","11:40 pm","050","Not Divided","Straight road","Level","Roadworks","Sealed","Dry","Not Raining","Night","Hit Object on Road","01","Driver Rider","1: PDO","No Control","Y","",1330546.01,1691316.74,"13305461691317"
"2013-3761-27/05/2021","3 Country","YALATA","5690",,1,2,1,1,0,2013,"March","Monday","05:10 pm","110","Not Divided","Straight road","Level","Not Applicable","Sealed","Dry","Not Raining","Daylight","Roll Over","01","Driver Rider","4: Fatal","No Control","","",633778.07,2062733.83,"06337782062734"
"2013-3762-27/05/2021","2 Metropolitan","MOUNT BARKER","5251","DC MT.BARKER.                 ",2,0,0,0,0,2013,"March","Tuesday","07:35 am","060","Cross Road","Straight road","Level","Not Applicable","Sealed","Dry","Not Raining","Daylight","Right Turn","02","Driver Rider","1: PDO","Traffic Signals","","",1351314.75,1654262.86,"13513151654263"
"2013-3763-27/05/2021","2 Metropolitan","PROSPECT","5082","CITY OF PROSPECT",2,0,0,0,0,2013,"March","Tuesday","07:35 am","060","Divided Road","Straight road","Slope","Not Applicable","Sealed","Dry","Not Raining","Daylight","Rear End","02","Driver Rider","1: PDO","No Control","","",1327125.23,1676387.3,"13271251676387"
"2013-3764-27/05/2021","2 Metropolitan","TRANMERE","5073","CC CAMPBELLTOWN.              ",2,0,0,0,0,2013,"March","Monday","11:30 pm","050","Not Divided","Straight road","Level","Not Applicable","Sealed","Dry","Not Raining","Night","Hit Parked Vehicle","02","Driver Rider","1: PDO","No Control","","",1334137.13,1673633.04,"13341371673633"
"2013-3765-27/05/2021","2 Metropolitan","STEPNEY","5069","CC OF NORWOOD,PAYNEHAM & ST PETERS",2,0,0,0,0,2013,"March","Tuesday","08:35 am","060","Not Divided","Straight road","Level","Not Applicable","Sealed","Dry","Not Raining","Daylight","Side Swipe","02","Driver Rider","1: PDO","No Control","","",1331385.96,1671738.25,"13313861671738"
"2013-3766-27/05/2021","2 Metropolitan","WOODVILLE WEST","5011","CITY OF CHARLES STURT",2,0,0,0,0,2013,"March","Tuesday","08:25 am","060","T-Junction","Straight road","Level","Not Applicable","Sealed","Dry","Not Raining","Daylight","Right Angle","01","Driver Rider","1: PDO","No Control","","",1322370.02,1674898.73,"13223701674899"
"2013-3767-27/05/2021","2 Metropolitan","PARADISE","5075","CC CAMPBELLTOWN.              ",3,0,0,0,0,2013,"March","Tuesday","08:55 am","060","T-Junction","Straight road","Level","Not Applicable","Sealed","Dry","Not Raining","Daylight","Rear End","01","Driver Rider","1: PDO","No Control","","",1334798.34,1676493.47,"13347981676493"
"2013-3768-27/05/2021","2 Metropolitan","MITCHELL PARK","5043","CC MARION.                    ",2,1,0,0,1,2013,"March","Monday","06:15 pm","060","Cross Road","Straight road","Level","Not Applicable","Sealed","Dry","Not Raining","Daylight","Right Angle","02","Driver Rider","2: MI","Roundabout","","",1325086.53,1661634.86,"13250871661635"
"2013-3769-27/05/2021","2 Metropolitan","STURT","5047","CC MARION.                    ",1,0,0,0,0,2013,"March","Tuesday","07:30 am","070","Ramp Off","Straight road","Slope","Not Applicable","Sealed","Dry","Not Raining","Daylight","Roll Over","01","Driver Rider","1: PDO","No Control","","",1324404.62,1659861.1,"13244051659861"
"2013-3770-27/05/2021","2 Metropolitan","SALISBURY PARK","5109","CITY OF SALISBURY",2,2,0,0,2,2013,"March","Tuesday","08:25 am","080","Divided Road","Straight road","Level","Not Applicable","Sealed","Dry","Not Raining","Daylight","Rear End","01","Driver Rider","2: MI","No Control","","",1335517.92,1688209.32,"13355181688209"
"2013-3771-27/05/2021","2 Metropolitan","O'HALLORAN HILL","5158","CC MARION.                    ",3,0,0,0,0,2013,"March","Tuesday","08:45 am","100","Freeway","Straight road","Level","Not Applicable","Sealed","Dry","Not Raining","Daylight","Rear End","02","Driver Rider","1: PDO","No Control","","",1323545.9,1657481.03,"13235461657481"
"2013-3772-27/05/2021","2 Metropolitan","GUMERACHA","5233","THE ADELAIDE HILLS COUNCIL",2,1,0,0,1,2013,"March","Tuesday","08:05 am","080","Not Divided","Straight road","Crest of Hill","Not Applicable","Sealed","Dry","Not Raining","Daylight","Hit Fixed Object","01","Driver Rider","2: MI","No Control","","",1356458.3,1681478.06,"13564581681478"
"2013-3773-27/05/2021","2 Metropolitan","SELLICKS BEACH","5174","CITY OF ONKAPARINGA",2,2,0,0,2,2013,"March","Tuesday","08:10 am","050","Not Divided","Straight road","Level","Not Applicable","Sealed","Dry","Not Raining","Daylight","Hit Parked Vehicle","01","Driver Rider","2: MI","No Control","","",1315442.61,1626873.48,"13154431626873"
"2013-3774-27/05/2021","2 Metropolitan","WEST LAKES","5021","CITY OF CHARLES STURT",2,0,0,0,0,2013,"March","Tuesday","08:20 am","060","Cross Road","Straight road","Level","Not Applicable","Sealed","Dry","Not Raining","Daylight","Rear End","01","Driver Rider","1: PDO","Traffic Signals","","",1319884.21,1676043.55,"13198841676044"
"2013-3775-27/05/2021","3 Country","LANGHORNE CREEK","5255","ALEXANDRINA COUNCIL",2,0,0,0,0,2013,"March","Tuesday","06:00 am","100","Not Divided","CURVED, VIEW OPEN","Level","Not Applicable","Sealed","Dry","Not Raining","Night","Hit Animal","02","Animal","1: PDO","No Control","","",1365504.15,1630077.29,"13655041630077"
"2013-3776-27/05/2021","2 Metropolitan","SEATON","5023","CITY OF CHARLES STURT",4,1,0,0,1,2013,"March","Tuesday","08:30 am","060","Not Divided","Straight road","Level","Driveway or Entrance","Sealed","Dry","Not Raining","Daylight","Rear End","01","Driver Rider","2: MI","No Control","","",1319934.91,1674007.2,"13199351674007"
"2013-3777-27/05/2021","3 Country","MOUNT HOPE","5607","DC LOWER EYRE PENINSULA       ",2,0,0,0,0,2013,"March","Monday","10:20 am","110","Not Divided","Straight road","Level","Not Applicable","Sealed","Dry","Not Raining","Daylight","Hit Animal","02","Animal","1: PDO","No Control","","",,,
"2013-3778-27/05/2021","2 Metropolitan","ENFIELD","5085","CITY OF PORT ADELAIDE ENFIELD",2,0,0,0,0,2013,"March","Tuesday","08:30 am","060","Divided Road","Straight road","Slope","Not Applicable","Sealed","Dry","Not Raining","Daylight","Rear End","01","Driver Rider","1: PDO","No Control","","",1328836.67,1677999.49,"13288371677999"
"2013-3779-27/05/2021","2 Metropolitan","PORT ADELAIDE","5015","CITY OF PORT ADELAIDE ENFIELD",2,0,0,0,0,2013,"March","Tuesday","09:30 am","050","Not Divided","Straight road","Level","Not Applicable","Sealed","Dry","Not Raining","Daylight","Side Swipe","01","Driver Rider","1: PDO","No Control","","",1319821.26,1679656.23,"13198211679656"
"2013-3780-27/05/2021","2 Metropolitan","GOODWOOD","5034","CITY OF UNLEY",3,0,0,0,0,2013,"March","Tuesday","08:30 am","050","Cross Road","Straight road","Level","Not Applicable","Sealed","Dry","Not Raining","Daylight","Right Angle","02","Driver Rider","1: PDO","Stop Sign","","",1328130.62,1668061.9,"13281311668062"
"2013-3781-27/05/2021","2 Metropolitan","KENT TOWN","5067","CC OF NORWOOD,PAYNEHAM & ST PETERS",2,1,0,1,0,2013,"March","Tuesday","09:35 am","050","Cross Road","Straight road","Level","Not Applicable","Sealed","Dry","Not Raining","Daylight","Right Turn","01","Driver Rider","3: SI","Stop Sign","","",1330378.42,1671304.28,"13303781671304"
"2013-3782-27/05/2021","2 Metropolitan","WESTBOURNE PARK","5041","CC MITCHAM.                   ",2,0,0,0,0,2013,"March","Tuesday","08:50 am","060","Not Divided","Straight road","Level","Not Applicable","Sealed","Dry","Not Raining","Daylight","Rear End","01","Driver Rider","1: PDO","No Control","","",1328116.01,1665021.75,"13281161665022"
"2013-3783-27/05/2021","2 Metropolitan","SALISBURY","5108","CITY OF SALISBURY",2,2,0,0,2,2013,"March","Tuesday","12:20 pm","050","T-Junction","Straight road","Level","Not Applicable","Sealed","Dry","Not Raining","Daylight","Rear End","02","Driver Rider","2: MI","No Control","","",1333442.96,1687456.8,"13334431687457"
"2013-3784-27/05/2021","2 Metropolitan","KURRALTA PARK","5037","CITY OF WEST TORRENS",2,1,0,0,1,2013,"February","Wednesday","06:00 pm","060","Divided Road","Straight road","Level","Not Applicable","Sealed","Dry","Not Raining","Daylight","Hit Pedestrian","01","Pedestrian","2: MI","No Control","","",1325263.34,1667339.15,"13252631667339"
"2013-3785-27/05/2021","2 Metropolitan","BRIGHTON","5048","CITY OF HOLDFAST BAY",2,0,0,0,0,2013,"March","Tuesday","02:00 pm","060","Cross Road","Straight road","Level","Not Applicable","Sealed","Dry","Not Raining","Daylight","Rear End","02","Driver Rider","1: PDO","Traffic Signals","","",1321148.27,1660553.89,"13211481660554"
"2013-3786-27/05/2021","2 Metropolitan","WEST LAKES SHORE","5020","CITY OF CHARLES STURT",2,1,0,0,1,2013,"March","Tuesday","01:00 pm","050","T-Junction","Straight road","Crest of Hill","Bridge, Culvert, Causeway","Sealed","Dry","Not Raining","Daylight","Rear End","01","Driver Rider","2: MI","No Control","","",1318302.33,1677819.72,"13183021677820"
"2013-3787-27/05/2021","2 Metropolitan","RICHMOND","5033","CITY OF WEST TORRENS",2,0,0,0,0,2013,"March","Monday","10:45 pm","060","Not Divided","Straight road","Level","Not Applicable","Sealed","Dry","Not Raining","Night","Hit Parked Vehicle","02","Driver Rider","1: PDO","No Control","","",,,
"2013-3788-27/05/2021","2 Metropolitan","GLYNDE","5070","CC OF NORWOOD,PAYNEHAM & ST PETERS",3,0,0,0,0,2013,"March","Tuesday","07:45 am","060","Divided Road","Straight road","Level","Not Applicable","Sealed","Dry","Not Raining","Daylight","Rear End","02","Driver Rider","1: PDO","No Control","","",,,
"2013-3789-27/05/2021","3 Country","MONASH","5342","THE BERRI BARMERA COUNCIL",2,0,0,0,0,2013,"March","Tuesday","12:20 pm","110","Not Divided","CURVED, VIEW OPEN","Level","Not Applicable","Sealed","Dry","Not Raining","Daylight","Hit Fixed Object","01","Driver Rider","1: PDO","No Control","","",1516486.07,1738600.87,"15164861738601"
"2013-3790-27/05/2021","2 Metropolitan","KERSBROOK","5231","THE ADELAIDE HILLS COUNCIL",2,0,0,0,0,2013,"March","Thursday","06:10 am","100","Not Divided","Straight road","Level","Not Applicable","Sealed","Dry","Not Raining","Night","Hit Animal","02","Animal","1: PDO","No Control","","",1350960.03,1694523.92,"13509601694524"
"2013-3791-27/05/2021","2 Metropolitan","UNDERDALE","5032","CITY OF WEST TORRENS",2,0,0,0,0,2013,"March","Tuesday","03:30 pm","060","Pedestrian Crossing","Straight road","Level","Not Applicable","Sealed","Dry","Not Raining","Daylight","Rear End","01","Driver Rider","1: PDO","Traffic Signals","","",1323836.22,1671468.59,"13238361671469"
"2013-3792-27/05/2021","2 Metropolitan","EXETER","5019","CITY OF PORT ADELAIDE ENFIELD",2,0,0,0,0,2013,"March","Tuesday","02:25 pm","060","T-Junction","Straight road","Level","Not Applicable","Sealed","Dry","Not Raining","Daylight","Rear End","02","Driver Rider","1: PDO","Traffic Signals","","",1319005.86,1680428.29,"13190061680428"
"2013-3793-27/05/2021","2 Metropolitan","KILKENNY","5009","CITY OF CHARLES STURT",3,1,0,0,1,2013,"March","Tuesday","03:00 pm","060","Not Divided","Straight road","Level","Not Applicable","Sealed","Dry","Not Raining","Daylight","Rear End","02","Driver Rider","2: MI","No Control","","",,,
"2013-3794-27/05/2021","2 Metropolitan","WEST CROYDON","5008","CITY OF CHARLES STURT",2,0,0,0,0,2013,"March","Monday","04:30 pm","050","Not Divided","Straight road","Level","Not Applicable","Sealed","Dry","Not Raining","Daylight","Right Angle","02","Driver Rider","1: PDO","No Control","","",,,
"2013-3795-27/05/2021","2 Metropolitan","KILBURN","5084","CITY OF PORT ADELAIDE ENFIELD",2,0,0,0,0,2013,"March","Tuesday","02:00 pm","050","Not Divided","Straight road","Level","Not Applicable","Sealed","Dry","Not Raining","Daylight","Hit Parked Vehicle","01","Driver Rider","1: PDO","No Control","","",1328022.39,1678293.35,"13280221678293"
"2013-3796-27/05/2021","2 Metropolitan","CAMDEN PARK","5038","CITY OF WEST TORRENS",2,0,0,0,0,2013,"March","Monday","07:51 pm","060","Cross Road","Straight road","Level","Not Applicable","Sealed","Dry","Not Raining","Night","Right Turn","01","Driver Rider","1: PDO","Stop Sign","","",1322956.94,1666114.4,"13229571666114"
"2013-3797-27/05/2021","2 Metropolitan","KENSINGTON","5068","CC OF NORWOOD,PAYNEHAM & ST PETERS",2,0,0,0,0,2013,"March","Tuesday","12:00 pm","050","Cross Road","Straight road","Level","Not Applicable","Sealed","Dry","Not Raining","Daylight","Right Turn","01","Driver Rider","1: PDO","Traffic Signals","","",1332250,1671075.27,"13322501671075"
"2013-3798-27/05/2021","2 Metropolitan","RICHMOND","5033","CITY OF WEST TORRENS",2,0,0,0,0,2013,"March","Saturday","12:30 pm","060","Multiple","Straight road","Level","Not Applicable","Sealed","Dry","Not Raining","Daylight","Rear End","01","Driver Rider","1: PDO","Traffic Signals","","",1325787.24,1669433.92,"13257871669434"
"2013-3799-27/05/2021","2 Metropolitan","EASTWOOD","5063","CITY OF BURNSIDE",2,0,0,0,0,2013,"March","Tuesday","03:20 pm","060","Divided Road","Straight road","Level","Not Applicable","Sealed","Dry","Not Raining","Daylight","Rear End","01","Driver Rider","1: PDO","No Control","","",1330263.08,1668994.03,"13302631668994"
"2013-3800-27/05/2021","2 Metropolitan","WARRADALE","5046","CC MARION.                    ",3,1,0,0,1,2013,"March","Tuesday","03:40 pm","050","Not Divided","Straight road","Level","Driveway or Entrance","Sealed","Dry","Not Raining","Daylight","Hit Pedestrian","01","Driver Rider","2: MI","No Control","","",1322432.06,1662391.37,"13224321662391"
"2013-3801-27/05/2021","2 Metropolitan","OAKDEN","5086","CITY OF PORT ADELAIDE ENFIELD",2,0,0,0,0,2013,"March","Tuesday","06:20 pm","060","Cross Road","Straight road","Level","Not Applicable","Sealed","Dry","Not Raining","Daylight","Right Angle","01","Driver Rider","1: PDO","Roundabout","","",1332046.12,1678084.56,"13320461678085"
"2013-3802-27/05/2021","2 Metropolitan","HOLDEN HILL","5088","CITY OF PORT ADELAIDE ENFIELD",3,1,0,0,1,2013,"March","Tuesday","04:15 pm","060","Divided Road","Straight road","Slope","Not Applicable","Sealed","Dry","Not Raining","Daylight","Rear End","01","Driver Rider","2: MI","No Control","","",,,
"2013-3803-27/05/2021","2 Metropolitan","UNLEY","5061","CITY OF UNLEY",2,0,0,0,0,2013,"March","Tuesday","05:37 pm","040","Not Divided","Straight road","Slope","Driveway or Entrance","Sealed","Dry","Not Raining","Daylight","Right Angle","01","Driver Rider","1: PDO","No Control","","",1329744.32,1668163.9,"13297441668164"
"2013-3804-27/05/2021","2 Metropolitan","STEPNEY","5069","CC OF NORWOOD,PAYNEHAM & ST PETERS",2,0,0,0,0,2013,"March","Tuesday","05:54 pm","060","Not Divided","Straight road","Level","Not Applicable","Sealed","Dry","Not Raining","Daylight","Side Swipe","02","Driver Rider","1: PDO","No Control","","",1330838.79,1672033.66,"13308391672034"
"2013-3805-27/05/2021","2 Metropolitan","SALISBURY","5108","CITY OF SALISBURY",2,0,0,0,0,2013,"March","Tuesday","06:20 pm","060","T-Junction","Straight road","Slope","Not Applicable","Sealed","Dry","Not Raining","Daylight","Right Angle","02","Driver Rider","1: PDO","Stop Sign","","",1333598.3,1688752.7,"13335981688753"
"2013-3806-27/05/2021","2 Metropolitan","GLENALTA","5052","CC MITCHAM.                   ",2,1,0,0,1,2013,"March","Monday","08:15 pm","060","T-Junction","Straight road","Level","Not Applicable","Sealed","Dry","Not Raining","Night","Right Angle","02","Driver Rider","2: MI","Give Way Sign","Y","",1331210.11,1661692.56,"13312101661693"
"2013-3807-27/05/2021","2 Metropolitan","EDWARDSTOWN","5039","CC MITCHAM.                   ",4,1,0,0,1,2013,"March","Tuesday","05:30 pm","060","Divided Road","Straight road","Level","Not Applicable","Sealed","Dry","Not Raining","Daylight","Rear End","01","Driver Rider","2: MI","No Control","","",1325923.4,1664410.96,"13259231664411"
"2013-3808-27/05/2021","2 Metropolitan","PROSPECT","5082","CITY OF PROSPECT",2,0,0,0,0,2013,"March","Tuesday","03:50 pm","060","T-Junction","Straight road","Level","Not Applicable","Sealed","Dry","Not Raining","Daylight","Right Angle","01","Driver Rider","1: PDO","Stop Sign","","",1328910.67,1674677.89,"13289111674678"
"2013-3809-27/05/2021","3 Country","OWEN","5460","WAKEFIELD REGIONAL COUNCIL",2,1,0,0,1,2013,"March","Tuesday","06:12 pm","060","Not Divided","Straight road","Level","Not Applicable","Sealed","Dry","Not Raining","Daylight","Side Swipe","01","Driver Rider","2: MI","No Control","","",1325580.98,1743078.46,"13255811743078"
"2013-3810-27/05/2021","2 Metropolitan","POORAKA","5095","CITY OF SALISBURY",2,2,0,0,2,2013,"March","Tuesday","05:15 pm","070","T-Junction","Straight road","Level","Not Applicable","Sealed","Dry","Not Raining","Daylight","Right Turn","01","Driver Rider","2: MI","No Control","","",1331898.14,1681814.67,"13318981681815"
"2013-3811-27/05/2021","2 Metropolitan","MAGILL","5072","CC CAMPBELLTOWN.              ",2,0,0,0,0,2013,"February","Tuesday","07:47 pm","060","Cross Road","Straight road","Level","Not Applicable","Sealed","Dry","Not Raining","Daylight","Right Angle","01","Driver Rider","1: PDO","Traffic Signals","","",1335483.19,1671847.51,"13354831671848"
"2013-3812-27/05/2021","2 Metropolitan","KENSINGTON PARK","5068","CITY OF BURNSIDE",2,0,0,0,0,2013,"March","Tuesday","09:35 pm","060","Cross Road","Straight road","Level","Not Applicable","Sealed","Dry","Not Raining","Night","Right Angle","02","Driver Rider","1: PDO","Traffic Signals","","",1333879.5,1671121.62,"13338801671122"
"2013-3813-27/05/2021","1 City","NORTH ADELAIDE","5006","CITY OF ADELAIDE",5,0,0,0,0,2013,"March","Monday","09:00 am","060","T-Junction","Straight road","Level","Not Applicable","Sealed","Dry","Not Raining","Daylight","Rear End","01","Driver Rider","1: PDO","Give Way Sign","","",1328268.71,1673564.61,"13282691673565"
"2013-3814-27/05/2021","2 Metropolitan","WINGFIELD","5013","CITY OF PORT ADELAIDE ENFIELD",2,0,0,0,0,2013,"March","Wednesday","06:50 am","080","Divided Road","Straight road","Level","Not Applicable","Sealed","Dry","Not Raining","Daylight","Rear End","02","Driver Rider","1: PDO","No Control","","",1325857.41,1679188.84,"13258571679189"
"2013-3815-27/05/2021","2 Metropolitan","WYNN VALE","5127","CITY OF TEA TREE GULLY",1,1,0,0,1,2013,"March","Tuesday","10:20 am","025","T-Junction","Straight road","Level","Roadworks","Sealed","Dry","Not Raining","Daylight","Roll Over","09","Other","2: MI","No Control","","",1336816.75,1684469.13,"13368171684469"
"2013-3816-27/05/2021","2 Metropolitan","POORAKA","5095","CITY OF SALISBURY",3,6,0,0,6,2013,"March","Tuesday","08:20 am","070","T-Junction","Straight road","Level","Not Applicable","Sealed","Dry","Not Raining","Daylight","Rear End","01","Driver Rider","2: MI","No Control","","",1331615.17,1681808.05,"13316151681808"
"2013-3817-27/05/2021","3 Country","WORROLONG","5291","DISTRICT COUNCIL OF GRANT",2,0,0,0,0,2013,"March","Wednesday","08:10 am","100","Not Divided","Straight road","Level","Not Applicable","Sealed","Dry","Not Raining","Daylight","Rear End","01","Driver Rider","1: PDO","No Control","","",1513452.27,1343195.47,"15134521343195"
"2013-3818-27/05/2021","2 Metropolitan","SOMERTON PARK","5044","CITY OF HOLDFAST BAY",2,1,0,0,1,2013,"March","Wednesday","08:15 am","060","Cross Road","Straight road","Level","Not Applicable","Sealed","Dry","Not Raining","Daylight","Side Swipe","02","Driver Rider","2: MI","Stop Sign","","",1321067.89,1663310.45,"13210681663310"
"2013-3819-27/05/2021","3 Country","WAITPINGA","5211","DC VICTOR HARBOR.             ",3,1,0,0,1,2013,"March","Wednesday","08:45 am","100","Not Divided","Straight road","Crest of Hill","Not Applicable","Sealed","Dry","Not Raining","Daylight","Hit Fixed Object","01","Driver Rider","2: MI","No Control","","",1324936.43,1599121.04,"13249361599121"
"2013-3820-27/05/2021","2 Metropolitan","PARK HOLME","5043","CC MARION.                    ",2,0,0,0,0,2013,"March","Monday","02:30 pm","060","T-Junction","Straight road","Level","Not Applicable","Sealed","Dry","Not Raining","Daylight","Rear End","02","Driver Rider","1: PDO","Traffic Signals","","",1323515.98,1663112.23,"13235161663112"
"2013-3821-27/05/2021","2 Metropolitan","PARKSIDE","5063","CITY OF UNLEY",2,1,0,0,1,2013,"March","Monday","06:15 pm","040","T-Junction","Straight road","Level","Not Applicable","Sealed","Dry","Not Raining","Daylight","Right Angle","02","Driver Rider","2: MI","No Control","","",1329341.7,1668675.59,"13293421668676"
"2013-3822-27/05/2021","2 Metropolitan","PARK HOLME","5043","CC MARION.                    ",2,0,0,0,0,2013,"March","Wednesday","10:50 am","060","Divided Road","Straight road","Level","Driveway or Entrance","Sealed","Dry","Not Raining","Daylight","Right Angle","01","Driver Rider","1: PDO","No Control","","",1324311.31,1664053.22,"13243111664053"
"2013-3823-27/05/2021","3 Country","MINTARO","5415","CLARE AND GILBERT VALLEYS DISTRICT COUNCIL",2,0,0,0,0,2013,"March","Wednesday","07:45 am","050","Not Divided","Straight road","Level","Not Applicable","Sealed","Dry","Not Raining","Daylight","Rear End","02","Driver Rider","1: PDO","No Control","","",1343654.98,1781956.65,"13436551781957"
"2013-3824-27/05/2021","2 Metropolitan","BRIGHTON","5048","CITY OF HOLDFAST BAY",2,1,0,0,1,2013,"March","Wednesday","09:20 am","060","Cross Road","Straight road","Level","Not Applicable","Sealed","Dry","Not Raining","Daylight","Right Angle","01","Driver Rider","2: MI","Give Way Sign","","",1321408.21,1660562.41,"13214081660562"
"2013-3825-27/05/2021","2 Metropolitan","MORPHETT VALE","5162","CITY OF ONKAPARINGA",2,0,0,0,0,2013,"March","Wednesday","08:50 am","060","Cross Road","Straight road","Level","Not Applicable","Sealed","Dry","Not Raining","Daylight","Rear End","02","Driver Rider","1: PDO","Traffic Signals","","",1320776.05,1649856.4,"13207761649856"
"2013-3826-27/05/2021","2 Metropolitan","REYNELLA","5161","CITY OF ONKAPARINGA",2,0,0,0,0,2013,"March","Wednesday","08:45 am","060","Divided Road","Straight road","Level","Not Applicable","Sealed","Dry","Not Raining","Daylight","Hit Parked Vehicle","01","Driver Rider","1: PDO","No Control","","",,,
"2013-3827-27/05/2021","2 Metropolitan","MAGILL","5072","CC CAMPBELLTOWN.              ",2,2,0,0,2,2013,"March","Wednesday","10:40 am","050","Cross Road","Straight road","Level","Not Applicable","Sealed","Dry","Not Raining","Daylight","Right Angle","02","Driver Rider","2: MI","Give Way Sign","","",1335046.8,1672918.96,"13350471672919"
"2013-3828-27/05/2021","3 Country","TRIHI","5279","WATTLE RANGE COUNCIL",2,1,0,1,0,2013,"March","Wednesday","12:30 pm","110","Not Divided","Straight road","Level","Not Applicable","Sealed","Dry","Not Raining","Daylight","Rear End","02","Driver Rider","3: SI","No Control","","",1499825.71,1371606.38,"14998261371606"
"2013-3829-27/05/2021","3 Country","MOUNT GAMBIER","5290","CC MT.GAMBIER.                ",2,0,0,0,0,2013,"March","Wednesday","11:45 am","050","T-Junction","Straight road","Level","Not Applicable","Sealed","Dry","Not Raining","Daylight","Right Angle","01","Driver Rider","1: PDO","No Control","","",1509594.23,1340060.41,"15095941340060"
"2013-3830-27/05/2021","2 Metropolitan","IRONBANK","5153","THE ADELAIDE HILLS COUNCIL",2,0,0,0,0,2013,"March","Wednesday","11:36 am","060","Not Divided","CURVED, VIEW OBSCURED","Slope","Not Applicable","Sealed","Dry","Not Raining","Daylight","Head On","02","Driver Rider","1: PDO","No Control","","",1336639.28,1656804,"13366391656804"
"2013-3831-27/05/2021","2 Metropolitan","LOBETHAL","5241","THE ADELAIDE HILLS COUNCIL",1,1,0,0,1,2013,"March","Wednesday","12:50 pm","080","Not Divided","CURVED, VIEW OPEN","Slope","Not Applicable","Sealed","Dry","Not Raining","Daylight","Roll Over","01","Driver Rider","2: MI","No Control","","",,,