"REPORT_ID","Stats Area","Suburb","Postcode","LGA Name","Total Units","Total Cas","Total Fats","Total SI","Total MI","Year","Month","Day","Time","Area Speed","Position Type","Horizontal Align","Vertical Align","Other Feat","Road Surface","Moisture Cond","Weather Cond","DayNight","Crash Type","Unit Resp","Entity Code","CSEF Severity","Traffic Ctrls","DUI Involved","Drugs Involved","ACCLOC_X","ACCLOC_Y","UNIQUE_LOC"
"2013-4405-27/05/2021","2 Metropolitan","HAPPY VALLEY","5159","CITY OF ONKAPARINGA",3,0,0,0,0,2013,"April","Monday","08:00 pm","080","T-Junction","Straight road","Level","Not Applicable","Sealed","Dry","Not Raining","Night","Right Turn","02","Driver Rider","1: PDO","Stop Sign","","",1326281.49,1653498.68,"13262811653499"
"2013-4406-27/05/2021","2 Metropolitan","WATERLOO CORNER","5110","CITY OF SALISBURY",3,1,1,0,0,2013,"April","Monday","05:40 pm","090","Divided Road","Straight road","Level","Not Applicable","Sealed","Dry","Not Raining","Daylight","Hit Pedestrian","02","Pedestrian","4: Fatal","No Control","","",1327316.05,1693399.29,"13273161693399"
"2013-4407-27/05/2021","2 Metropolitan","GEPPS CROSS","5094","CITY OF PORT ADELAIDE ENFIELD",2,0,0,0,0,2013,"April","Monday","06:10 am","060","Cross Road","Straight road","Level","Not Applicable","Sealed","Dry","Not Raining","Night","Right Angle","02","Driver Rider","1: PDO","Traffic Signals","","",1327168.52,1679219.26,"13271691679219"
"2013-4408-27/05/2021","2 Metropolitan","SEACLIFF PARK","5049","CC MARION.                    ",2,0,0,0,0,2013,"April","Monday","11:23 pm","060","Divided Road","CURVED, VIEW OPEN","Slope","Not Applicable","Sealed","Dry","Not Raining","Night","Hit Fixed Object","01","Driver Rider","1: PDO","No Control","","",1321338.83,1658270.83,"13213391658271"
"2013-4409-27/05/2021","2 Metropolitan","WEST CROYDON","5008","CITY OF CHARLES STURT",2,0,0,0,0,2013,"April","Tuesday","12:40 am","050","Cross Road","Straight road","Level","Not Applicable","Sealed","Dry","Not Raining","Night","Hit Fixed Object","01","Driver Rider","1: PDO","Roundabout","Y","",1325116.29,1674475.14,"13251161674475"
"2013-4410-27/05/2021","2 Metropolitan","WOODVILLE SOUTH","5011","CITY OF CHARLES STURT",3,0,0,0,0,2013,"April","Tuesday","07:45 am","060","Cross Road","Straight road","Level","Not Applicable","Sealed","Wet","Not Raining","Daylight","Rear End","01","Driver Rider","1: PDO","Traffic Signals","","",1322757.46,1675873.19,"13227571675873"
"2013-4411-27/05/2021","3 Country","HALBURY","5461","CLARE AND GILBERT VALLEYS DISTRICT COUNCIL",2,0,0,0,0,2013,"March","Sunday","08:10 am","100","Not Divided","Straight road","Level","Not Applicable","Sealed","Wet","Not Raining","Daylight","Hit Animal","02","Animal","1: PDO","No Control","","",1329788.89,1765399.11,"13297891765399"
"2013-4412-27/05/2021","2 Metropolitan","CHAIN OF PONDS","5231","THE ADELAIDE HILLS COUNCIL",3,0,0,0,0,2013,"April","Monday","02:15 pm","080","T-Junction","CURVED, VIEW OPEN","Bottom of Hill","Not Applicable","Sealed","Dry","Not Raining","Daylight","Right Angle","01","Driver Rider","1: PDO","Stop Sign","","",1351890.59,1681231.91,"13518911681232"
"2013-4413-27/05/2021","3 Country","COWELL","5602","DC FRANKLIN HARBOR.           ",2,1,0,0,1,2013,"April","Monday","03:30 pm","050","Cross Road","Straight road","Level","Not Applicable","Sealed","Dry","Not Raining","Daylight","Right Angle","01","Driver Rider","2: MI","No Control","","",1178045.46,1812007.54,"11780451812008"
"2013-4414-27/05/2021","3 Country","MILANG","5256","ALEXANDRINA COUNCIL",2,0,0,0,0,2013,"March","Sunday","06:30 am","100","Not Divided","CURVED, VIEW OBSCURED","Level","Not Applicable","Unsealed","Dry","Not Raining","Night","Hit Fixed Object","01","Driver Rider","1: PDO","No Control","","",1355649.71,1616646.06,"13556501616646"
"2013-4415-27/05/2021","3 Country","WAITPINGA","5211","DC VICTOR HARBOR.             ",2,0,0,0,0,2013,"March","Saturday","05:00 pm","080","Cross Road","Straight road","Level","Not Applicable","Sealed","Dry","Not Raining","Daylight","Side Swipe","02","Driver Rider","1: PDO","Give Way Sign","","",1325135.16,1599410.37,"13251351599410"
"2013-4416-27/05/2021","2 Metropolitan","MITCHELL PARK","5043","CC MARION.                    ",2,0,0,0,0,2013,"April","Tuesday","08:00 am","060","Divided Road","Straight road","Level","Not Applicable","Sealed","Dry","Not Raining","Daylight","Rear End","02","Driver Rider","1: PDO","No Control","","",1324362.67,1662113.16,"13243631662113"
"2013-4417-27/05/2021","2 Metropolitan","GLENELG NORTH","5045","CITY OF HOLDFAST BAY",2,1,0,0,1,2013,"April","Monday","10:13 am","060","Cross Road","Straight road","Level","Not Applicable","Sealed","Dry","Not Raining","Daylight","Right Turn","01","Driver Rider","2: MI","Traffic Signals","","",1321009.59,1665321.55,"13210101665322"
"2013-4418-27/05/2021","2 Metropolitan","DAW PARK","5041","CC MITCHAM.                   ",2,0,0,0,0,2013,"April","Tuesday","08:20 am","060","Not Divided","Straight road","Level","Not Applicable","Sealed","Dry","Not Raining","Daylight","Hit Parked Vehicle","01","Driver Rider","1: PDO","No Control","","",1327113.62,1664982.72,"13271141664983"
"2013-4419-27/05/2021","2 Metropolitan","HAHNDORF","5245","DC MT.BARKER.                 ",2,0,0,0,0,2013,"April","Tuesday","09:00 am","050","Not Divided","Straight road","Level","Not Applicable","Sealed","Dry","Not Raining","Daylight","Side Swipe","01","Driver Rider","1: PDO","No Control","","",1347162.46,1658690.3,"13471621658690"
"2013-4420-27/05/2021","2 Metropolitan","OVINGHAM","5082","CITY OF CHARLES STURT",2,1,0,0,1,2013,"April","Tuesday","09:00 am","060","Divided Road","Straight road","Slope","Not Applicable","Sealed","Dry","Not Raining","Daylight","Rear End","01","Driver Rider","2: MI","No Control","","",1327300.92,1673460.09,"13273011673460"
"2013-4421-27/05/2021","3 Country","SEPPELTSFIELD","5355","LIGHT REGIONAL COUNCIL",2,0,0,0,0,2013,"March","Friday","10:30 am","110","Not Divided","CURVED, VIEW OPEN","Level","Not Applicable","Unsealed","Dry","Not Raining","Daylight","Hit Fixed Object","01","Driver Rider","1: PDO","No Control","","",1357849.94,1714813.79,"13578501714814"
"2013-4422-27/05/2021","2 Metropolitan","PARA VISTA","5093","CITY OF SALISBURY",2,0,0,0,0,2013,"April","Tuesday","08:20 am","050","Not Divided","Straight road","Slope","Not Applicable","Sealed","Dry","Not Raining","Daylight","Hit Parked Vehicle","02","Driver Rider","1: PDO","No Control","","",1334801.5,1680877.38,"13348021680877"
"2013-4423-27/05/2021","2 Metropolitan","ENFIELD","5085","CITY OF PORT ADELAIDE ENFIELD",2,0,0,0,0,2013,"April","Tuesday","10:15 am","060","Divided Road","Straight road","Level","Driveway or Entrance","Sealed","Dry","Not Raining","Daylight","Right Angle","02","Driver Rider","1: PDO","No Control","","",1328967.44,1676435.86,"13289671676436"
"2013-4424-27/05/2021","3 Country","PANDIE PANDIE","5733",,1,0,0,0,0,2013,"April","Monday","03:00 pm","100","Not Divided","Straight road","Level","Not Applicable","Unsealed","Wet","Not Raining","Daylight","Roll Over","01","Driver Rider","1: PDO","No Control","","",1447785.88,2626268.41,"14477862626268"
"2013-4425-27/05/2021","2 Metropolitan","MODBURY NORTH","5092","CITY OF TEA TREE GULLY",2,0,0,0,0,2013,"April","Tuesday","11:15 am","060","Cross Road","Straight road","Level","Not Applicable","Sealed","Dry","Not Raining","Daylight","Rear End","02","Driver Rider","1: PDO","Traffic Signals","","",1336848.16,1681212.44,"13368481681212"
"2013-4426-27/05/2021","2 Metropolitan","GILLES PLAINS","5086","CITY OF TEA TREE GULLY",2,3,0,0,3,2013,"April","Tuesday","08:20 am","050","Not Divided","Straight road","Level","Not Applicable","Sealed","Dry","Not Raining","Daylight","Hit Fixed Object","01","Driver Rider","2: MI","No Control","","",1334253.17,1679119.68,"13342531679120"
"2013-4427-27/05/2021","2 Metropolitan","NORTHFIELD","5085","CITY OF PORT ADELAIDE ENFIELD",2,1,0,0,1,2013,"April","Tuesday","09:04 am","060","T-Junction","Straight road","Slope","Not Applicable","Sealed","Dry","Not Raining","Daylight","Right Turn","01","Driver Rider","2: MI","No Control","","",1330655.84,1679290.52,"13306561679291"
"2013-4428-27/05/2021","2 Metropolitan","BELAIR","5052","CC MITCHAM.                   ",3,1,0,0,1,2013,"April","Tuesday","07:30 am","060","T-Junction","Straight road","Level","Not Applicable","Sealed","Dry","Not Raining","Daylight","Right Angle","01","Driver Rider","2: MI","No Control","","",1330365.88,1662230.23,"13303661662230"
"2013-4429-27/05/2021","2 Metropolitan","SEFTON PARK","5083","CITY OF PORT ADELAIDE ENFIELD",2,0,0,0,0,2013,"April","Tuesday","11:30 am","050","Not Divided","Straight road","Level","Driveway or Entrance","Sealed","Dry","Not Raining","Daylight","Side Swipe","01","Driver Rider","1: PDO","No Control","","",1329033.1,1676290.81,"13290331676291"
"2013-4430-27/05/2021","2 Metropolitan","GLANDORE","5037","CC MARION.                    ",3,0,0,0,0,2013,"March","Saturday","11:00 am","060","Divided Road","Straight road","Level","Not Applicable","Sealed","Dry","Not Raining","Daylight","Rear End","01","Driver Rider","1: PDO","No Control","","",1325854.38,1666889.26,"13258541666889"
"2013-4431-27/05/2021","2 Metropolitan","NORWOOD","5067","CC OF NORWOOD,PAYNEHAM & ST PETERS",2,1,0,0,1,2013,"March","Thursday","07:40 am","050","Cross Road","CURVED, VIEW OPEN","Level","Not Applicable","Sealed","Dry","Not Raining","Daylight","Right Angle","02","Driver Rider","2: MI","Roundabout","","",1331020.19,1671390.92,"13310201671391"
"2013-4432-27/05/2021","2 Metropolitan","KILBURN","5084","CITY OF PORT ADELAIDE ENFIELD",2,1,0,0,1,2013,"April","Tuesday","06:50 am","060","Divided Road","Straight road","Level","Not Applicable","Sealed","Dry","Not Raining","Daylight","Rear End","01","Driver Rider","2: MI","No Control","","",,,
"2013-4433-27/05/2021","3 Country","STANSBURY","5582","YORKE PENINSULA COUNCIL",3,0,0,0,0,2013,"March","Sunday","11:50 am","050","T-Junction","Straight road","Slope","Not Applicable","Sealed","Wet","Raining","Daylight","Hit Parked Vehicle","02","Driver Rider","1: PDO","No Control","","",1255156.81,1674880.33,"12551571674880"
"2013-4434-27/05/2021","2 Metropolitan","SEATON","5023","CITY OF CHARLES STURT",3,3,0,0,3,2013,"April","Tuesday","08:30 am","060","Not Divided","Straight road","Level","Not Applicable","Sealed","Dry","Not Raining","Daylight","Side Swipe","02","Driver Rider","2: MI","No Control","","",1320862.39,1674686.88,"13208621674687"
"2013-4435-27/05/2021","3 Country","KOPPAMURRA","5271","DC NARACOORTE & LUCINDALE.",2,0,0,0,0,2013,"April","Tuesday","02:55 pm","100","T-Junction","CURVED, VIEW OPEN","Level","Not Applicable","Unsealed","Wet","Raining","Daylight","Right Angle","01","Driver Rider","1: PDO","No Control","","",1522401.11,1428433.84,"15224011428434"
"2013-4436-27/05/2021","2 Metropolitan","SEATON","5023","CITY OF CHARLES STURT",3,1,0,0,1,2013,"April","Tuesday","03:10 pm","060","Not Divided","Straight road","Level","Not Applicable","Sealed","Dry","Not Raining","Daylight","Rear End","02","Driver Rider","2: MI","No Control","","",1319890.49,1675608.05,"13198901675608"
"2013-4437-27/05/2021","2 Metropolitan","NAIRNE","5252","DC MT.BARKER.                 ",2,0,0,0,0,2013,"March","Sunday","12:00 pm","050","Not Divided","CURVED, VIEW OPEN","Level","Not Applicable","Sealed","Dry","Not Raining","Daylight","Hit Parked Vehicle","02","Driver Rider","1: PDO","No Control","","",1356263.47,1658662.31,"13562631658662"
"2013-4438-27/05/2021","3 Country","BORDERTOWN","5268","DC TATIARA.                   ",2,1,0,0,1,2013,"April","Tuesday","01:50 pm","050","Cross Road","Straight road","Level","Not Applicable","Sealed","Dry","Not Raining","Daylight","Hit Fixed Object","01","Driver Rider","2: MI","Give Way Sign","","",1517628.25,1508496.6,"15176281508497"
"2013-4439-27/05/2021","2 Metropolitan","MITCHELL PARK","5043","CC MARION.                    ",2,0,0,0,0,2013,"April","Tuesday","04:10 pm","060","Divided Road","Straight road","Level","Not Applicable","Sealed","Dry","Not Raining","Daylight","Side Swipe","02","Driver Rider","1: PDO","No Control","","",1324408.96,1660722.59,"13244091660723"
"2013-4440-27/05/2021","2 Metropolitan","FREWVILLE","5063","CITY OF BURNSIDE",2,0,0,0,0,2013,"March","Thursday","01:00 am","050","T-Junction","Straight road","Level","Not Applicable","Sealed","Dry","Not Raining","Night","Hit Fixed Object","01","Driver Rider","1: PDO","No Control","","",1331528.36,1668241.53,"13315281668242"
"2013-4441-27/05/2021","2 Metropolitan","MEDINDIE","5081","CITY OF PROSPECT",2,0,0,0,0,2013,"April","Tuesday","06:00 pm","060","T-Junction","Straight road","Level","Driveway or Entrance","Sealed","Wet","Not Raining","Daylight","Right Angle","02","Driver Rider","1: PDO","No Control","","",1329228.37,1674237.6,"13292281674238"
"2013-4442-27/05/2021","2 Metropolitan","FLINDERS PARK","5025","CITY OF CHARLES STURT",2,0,0,0,0,2013,"April","Tuesday","06:20 pm","060","Not Divided","Straight road","Level","Not Applicable","Sealed","Dry","Not Raining","Daylight","Rear End","02","Driver Rider","1: PDO","No Control","","",,,
"2013-4443-27/05/2021","2 Metropolitan","GLYNDE","5070","CC OF NORWOOD,PAYNEHAM & ST PETERS",2,0,0,0,0,2013,"April","Tuesday","08:45 am","060","Cross Road","Straight road","Level","Not Applicable","Sealed","Dry","Not Raining","Daylight","Rear End","02","Driver Rider","1: PDO","Traffic Signals","","",1333785.54,1674516.59,"13337861674517"
"2013-4444-27/05/2021","3 Country","MURRAY BRIDGE","5253","RC MURRAY BRIDGE.             ",3,0,0,0,0,2013,"April","Tuesday","03:20 pm","050","Not Divided","Straight road","Crest of Hill","Not Applicable","Sealed","Dry","Not Raining","Daylight","Hit Parked Vehicle","01","Driver Rider","1: PDO","No Control","","",1389294.03,1646964.59,"13892941646965"
"2013-4445-27/05/2021","1 City","ADELAIDE","5000","CITY OF ADELAIDE",2,0,0,0,0,2013,"April","Tuesday","05:34 pm","060","Divided Road","Straight road","Level","Not Applicable","Sealed","Wet","Raining","Daylight","Rear End","02","Driver Rider","1: PDO","No Control","","",1327372.31,1670065.24,"13273721670065"
"2013-4446-27/05/2021","2 Metropolitan","HEWETT","5118","LIGHT REGIONAL COUNCIL",2,1,0,0,1,2013,"April","Tuesday","05:30 pm","050","Not Divided","Straight road","Level","Not Applicable","Sealed","Dry","Not Raining","Daylight","Side Swipe","02","Driver Rider","2: MI","No Control","","",1343950.46,1709491.49,"13439501709491"
"2013-4447-27/05/2021","2 Metropolitan","MAWSON LAKES","5095","CITY OF SALISBURY",2,0,0,0,0,2013,"April","Tuesday","03:25 pm","050","Not Divided","CURVED, VIEW OPEN","Level","Not Applicable","Sealed","Dry","Not Raining","Daylight","Hit Fixed Object","01","Driver Rider","1: PDO","No Control","Y","",1330022.15,1684300.95,"13300221684301"
"2013-4448-27/05/2021","2 Metropolitan","CAMPBELLTOWN","5074","CC CAMPBELLTOWN.              ",2,0,0,0,0,2013,"April","Tuesday","04:25 pm","060","Divided Road","Straight road","Level","Driveway or Entrance","Sealed","Wet","Not Raining","Daylight","Right Angle","01","Driver Rider","1: PDO","No Control","","",1335126.98,1674551.17,"13351271674551"
"2013-4449-27/05/2021","2 Metropolitan","CRAFERS WEST","5152","THE ADELAIDE HILLS COUNCIL",2,0,0,0,0,2013,"April","Tuesday","06:10 pm","060","Not Divided","CURVED, VIEW OPEN","Slope","Not Applicable","Sealed","Wet","Raining","Daylight","Hit Fixed Object","01","Driver Rider","1: PDO","No Control","","",1337118.7,1661055.88,"13371191661056"
"2013-4450-27/05/2021","2 Metropolitan","MITCHELL PARK","5043","CC MARION.                    ",1,1,0,0,1,2013,"April","Tuesday","05:10 pm","060","Divided Road","Straight road","Level","Not Applicable","Sealed","Dry","Not Raining","Daylight","Roll Over","09","Other","2: MI","No Control","","",1324380.77,1661529.6,"13243811661530"
"2013-4451-27/05/2021","2 Metropolitan","MOUNT BARKER","5251","DC MT.BARKER.                 ",2,1,0,0,1,2013,"April","Tuesday","04:20 pm","050","Not Divided","Straight road","Slope","Not Applicable","Sealed","Wet","Raining","Daylight","Hit Pedestrian","02","Pedestrian","2: MI","No Control","Y","",1351530.65,1654556.99,"13515311654557"
"2013-4452-27/05/2021","1 City","ADELAIDE","5000","CITY OF ADELAIDE",2,0,0,0,0,2013,"April","Tuesday","05:30 pm","050","Cross Road","Straight road","Level","Not Applicable","Sealed","Dry","Not Raining","Daylight","Hit Pedestrian","01","Driver Rider","1: PDO","No Control","","",1328422.34,1670669.67,"13284221670670"
"2013-4453-27/05/2021","2 Metropolitan","GLEN OSMOND","5064","CITY OF BURNSIDE",2,0,0,0,0,2013,"April","Tuesday","05:00 pm","060","Pedestrian Crossing","Straight road","Level","Not Applicable","Sealed","Dry","Not Raining","Daylight","Rear End","02","Driver Rider","1: PDO","Traffic Signals","","",1332371.07,1667150.99,"13323711667151"
"2013-4454-27/05/2021","2 Metropolitan","REYNELLA","5161","CITY OF ONKAPARINGA",2,0,0,0,0,2013,"April","Tuesday","06:30 pm","050","Not Divided","Straight road","Level","Not Applicable","Sealed","Dry","Not Raining","Daylight","Hit Parked Vehicle","02","Driver Rider","1: PDO","No Control","","",1321441.74,1651528.73,"13214421651529"
"2013-4455-27/05/2021","2 Metropolitan","PENFIELD","5121","CITY OF PLAYFORD.",2,0,0,0,0,2013,"April","Tuesday","06:20 pm","080","Multiple","CURVED, VIEW OPEN","Level","Not Applicable","Sealed","Dry","Not Raining","Daylight","Side Swipe","01","Driver Rider","1: PDO","Roundabout","","",1331401.54,1697660.52,"13314021697661"
"2013-4456-27/05/2021","2 Metropolitan","HENLEY BEACH SOUTH","5022","CITY OF CHARLES STURT",2,1,0,0,1,2013,"April","Tuesday","05:50 pm","050","Cross Road","CURVED, VIEW OPEN","Slope","Road hump or Slow point","Sealed","Dry","Not Raining","Daylight","Right Angle","01","Driver Rider","2: MI","Roundabout","","",1319125.61,1670999.07,"13191261670999"
"2013-4457-27/05/2021","2 Metropolitan","STIRLING","5152","THE ADELAIDE HILLS COUNCIL",2,4,0,0,4,2013,"April","Tuesday","05:43 pm","050","Not Divided","CURVED, VIEW OBSCURED","Slope","Not Applicable","Sealed","Wet","Raining","Daylight","Head On","01","Driver Rider","2: MI","No Control","","",1337600.34,1661082.61,"13376001661083"
"2013-4458-27/05/2021","2 Metropolitan","OAKLANDS PARK","5046","CC MARION.                    ",2,1,0,0,1,2013,"April","Tuesday","06:50 pm","060","T-Junction","CURVED, VIEW OPEN","Level","Not Applicable","Sealed","Dry","Not Raining","Daylight","Right Angle","01","Driver Rider","2: MI","Traffic Signals","","",1322759.23,1661320.47,"13227591661320"
"2013-4459-27/05/2021","2 Metropolitan","NAIRNE","5252","DC MT.BARKER.                 ",1,0,0,0,0,2013,"April","Tuesday","03:18 pm","110","Freeway","Straight road","Slope","Not Applicable","Sealed","Wet","Raining","Daylight","Roll Over","01","Driver Rider","1: PDO","No Control","","",1357329.24,1655143.23,"13573291655143"
"2013-4460-27/05/2021","2 Metropolitan","PROSPECT","5082","CITY OF PROSPECT",2,2,0,0,2,2013,"April","Tuesday","05:50 pm","060","Divided Road","Straight road","Level","Not Applicable","Sealed","Wet","Not Raining","Daylight","Rear End","02","Driver Rider","2: MI","No Control","","",1328712.05,1676437.68,"13287121676438"
"2013-4461-27/05/2021","2 Metropolitan","FULHAM GARDENS","5024","CITY OF CHARLES STURT",2,0,0,0,0,2013,"April","Tuesday","05:00 pm","050","Not Divided","Straight road","Level","Not Applicable","Sealed","Dry","Not Raining","Daylight","Hit Fixed Object","01","Driver Rider","1: PDO","No Control","","",1320877.14,1672477.2,"13208771672477"
"2013-4462-27/05/2021","2 Metropolitan","LOBETHAL","5241","THE ADELAIDE HILLS COUNCIL",2,0,0,0,0,2013,"April","Tuesday","06:00 pm","080","Not Divided","CURVED, VIEW OBSCURED","Level","Not Applicable","Sealed","Wet","Raining","Daylight","Hit Fixed Object","01","Driver Rider","1: PDO","No Control","","",1352392.65,1671579.07,"13523931671579"
"2013-4463-27/05/2021","2 Metropolitan","PENFIELD GARDENS","5121","CITY OF PLAYFORD.",2,0,0,0,0,2013,"April","Wednesday","02:50 am","100","Not Divided","Straight road","Level","Not Applicable","Sealed","Dry","Not Raining","Night","Hit Animal","02","Animal","1: PDO","No Control","","",1331200.34,1699510.51,"13312001699511"
"2013-4464-27/05/2021","2 Metropolitan","PARADISE","5075","CC CAMPBELLTOWN.              ",2,0,0,0,0,2013,"April","Tuesday","06:15 am","060","Cross Road","Straight road","Level","Not Applicable","Sealed","Wet","Raining","Night","Right Turn","01","Driver Rider","1: PDO","Traffic Signals","","",1334976.63,1676238.55,"13349771676239"
"2013-4465-27/05/2021","2 Metropolitan","ROSTREVOR","5073","CC CAMPBELLTOWN.              ",2,0,0,0,0,2013,"April","Wednesday","12:45 am","060","Not Divided","CURVED, VIEW OBSCURED","Bottom of Hill","Not Applicable","Sealed","Dry","Not Raining","Night","Hit Fixed Object","01","Driver Rider","1: PDO","No Control","","",1338343.12,1674726.75,"13383431674727"
"2013-4466-27/05/2021","1 City","ADELAIDE","5000","CITY OF ADELAIDE",2,0,0,0,0,2013,"April","Tuesday","02:30 pm","050","T-Junction","Straight road","Level","Roadworks","Sealed","Dry","Not Raining","Daylight","Rear End","01","Driver Rider","1: PDO","Traffic Signals","","",1327391.56,1670156.91,"13273921670157"
"2013-4467-27/05/2021","2 Metropolitan","BRIDGEWATER","5155","THE ADELAIDE HILLS COUNCIL",2,1,0,0,1,2013,"April","Tuesday","04:45 pm","060","T-Junction","Straight road","Slope","Not Applicable","Sealed","Wet","Raining","Daylight","Rear End","02","Driver Rider","2: MI","No Control","","",1343267.47,1660867.27,"13432671660867"
"2013-4468-27/05/2021","2 Metropolitan","PROSPECT","5082","CITY OF PROSPECT",2,0,0,0,0,2013,"April","Tuesday","01:10 pm","060","Not Divided","CURVED, VIEW OPEN","Level","Not Applicable","Sealed","Dry","Not Raining","Daylight","Hit Fixed Object","01","Driver Rider","1: PDO","No Control","","",1328147.26,1674844.5,"13281471674845"
"2013-4469-27/05/2021","2 Metropolitan","KINGSWOOD","5062","CC MITCHAM.                   ",2,1,0,0,1,2013,"April","Wednesday","08:45 am","060","Cross Road","Straight road","Level","Not Applicable","Sealed","Dry","Not Raining","Daylight","Side Swipe","02","Driver Rider","2: MI","Traffic Signals","","",1329136.22,1666247.3,"13291361666247"
"2013-4470-27/05/2021","2 Metropolitan","WARRADALE","5046","CC MARION.                    ",2,0,0,0,0,2013,"April","Wednesday","07:20 am","060","T-Junction","Straight road","Level","Not Applicable","Sealed","Dry","Not Raining","Daylight","Rear End","01","Driver Rider","1: PDO","No Control","","",1322350.54,1662191.18,"13223511662191"
"2013-4471-27/05/2021","2 Metropolitan","GAWLER SOUTH","5118","CT GAWLER.                    ",2,0,0,0,0,2013,"March","Friday","02:00 pm","050","Not Divided","Straight road","Level","Driveway or Entrance","Sealed","Dry","Not Raining","Daylight","Right Angle","02","Driver Rider","1: PDO","No Control","","",1342879.93,1705521.64,"13428801705522"
"2013-4472-27/05/2021","2 Metropolitan","ABERFOYLE PARK","5159","CITY OF ONKAPARINGA",2,0,0,0,0,2013,"April","Tuesday","03:05 pm","050","Not Divided","CURVED, VIEW OBSCURED","Slope","Not Applicable","Sealed","Wet","Raining","Daylight","Hit Parked Vehicle","02","Driver Rider","1: PDO","No Control","","",1327706.12,1654015.86,"13277061654016"
"2013-4473-27/05/2021","1 City","ADELAIDE","5000","CITY OF ADELAIDE",2,0,0,0,0,2013,"April","Tuesday","11:30 am","060","Cross Road","Straight road","Level","Not Applicable","Sealed","Dry","Not Raining","Daylight","Rear End","02","Driver Rider","1: PDO","Traffic Signals","","",1327386.29,1670322.63,"13273861670323"
"2013-4474-27/05/2021","2 Metropolitan","GLENELG EAST","5045","CITY OF HOLDFAST BAY",2,1,0,0,1,2013,"April","Tuesday","05:45 pm","060","Not Divided","Straight road","Level","Not Applicable","Sealed","Dry","Not Raining","Daylight","Side Swipe","02","Driver Rider","2: MI","No Control","","",1321073.49,1664324.82,"13210731664325"
"2013-4475-27/05/2021","2 Metropolitan","HOUGHTON","5131","THE ADELAIDE HILLS COUNCIL",2,1,0,0,1,2013,"April","Tuesday","08:00 pm","080","Not Divided","CURVED, VIEW OPEN","Level","Not Applicable","Sealed","Wet","Raining","Night","Hit Fixed Object","01","Driver Rider","2: MI","No Control","","",1344091.06,1681269.39,"13440911681269"
"2013-4476-27/05/2021","3 Country","MURRAY BRIDGE","5253","RC MURRAY BRIDGE.             ",2,0,0,0,0,2013,"April","Wednesday","12:30 pm","060","Not Divided","Straight road","Level","Driveway or Entrance","Sealed","Dry","Not Raining","Daylight","Rear End","02","Driver Rider","1: PDO","No Control","","",1387136.89,1646051.87,"13871371646052"
"2013-4477-27/05/2021","2 Metropolitan","TOORAK GARDENS","5065","CITY OF BURNSIDE",2,1,0,0,1,2013,"April","Wednesday","12:40 pm","060","Cross Road","Straight road","Slope","Not Applicable","Sealed","Dry","Not Raining","Daylight","Right Angle","01","Driver Rider","2: MI","Give Way Sign","","",1331982.58,1669046.35,"13319831669046"
"2013-4478-27/05/2021","1 City","ADELAIDE","5000","CITY OF ADELAIDE",2,0,0,0,0,2013,"March","Wednesday","03:30 pm","050","T-Junction","Straight road","Level","Not Applicable","Sealed","Dry","Not Raining","Daylight","Rear End","01","Driver Rider","1: PDO","No Control","","",1327982.02,1670018.4,"13279821670018"
"2013-4479-27/05/2021","3 Country","SPRINGTON","5235","THE BAROSSA COUNCIL.",2,0,0,0,0,2013,"April","Wednesday","09:00 am","100","Not Divided","Straight road","Level","Driveway or Entrance","Unsealed","Dry","Not Raining","Daylight","Right Angle","02","Driver Rider","1: PDO","No Control","","",1378781.85,1691799.87,"13787821691800"
"2013-4480-27/05/2021","2 Metropolitan","WEST LAKES","5021","CITY OF CHARLES STURT",2,1,0,0,1,2013,"April","Wednesday","08:30 am","060","Cross Road","Straight road","Level","Not Applicable","Sealed","Dry","Not Raining","Daylight","Rear End","02","Driver Rider","2: MI","Traffic Signals","","",1319883.93,1676055.07,"13198841676055"
"2013-4481-27/05/2021","2 Metropolitan","CHRISTIE DOWNS","5164","CITY OF ONKAPARINGA",2,0,0,0,0,2013,"April","Wednesday","02:45 pm","025","Not Divided","Straight road","Level","Driveway or Entrance","Sealed","Dry","Not Raining","Daylight","Right Angle","02","Driver Rider","1: PDO","No Control","","",1318047.54,1647991.65,"13180481647992"
"2013-4482-27/05/2021","2 Metropolitan","KINGSWOOD","5062","CC MITCHAM.                   ",2,1,0,0,1,2013,"February","Wednesday","05:30 pm","060","Divided Road","Straight road","Level","Not Applicable","Sealed","Dry","Not Raining","Daylight","Rear End","02","Driver Rider","2: MI","No Control","","",1329138.45,1666171.52,"13291381666172"
"2013-4483-27/05/2021","3 Country","NARACOORTE","5271","DC NARACOORTE & LUCINDALE.",2,0,0,0,0,2013,"April","Wednesday","02:30 pm","060","Cross Road","Straight road","Level","Not Applicable","Sealed","Dry","Not Raining","Daylight","Right Angle","02","Driver Rider","1: PDO","Give Way Sign","","",1512517.92,1437202.37,"15125181437202"
"2013-4484-27/05/2021","3 Country","INGOMAR","5723",,1,0,0,0,0,2013,"April","Wednesday","01:00 pm","110","Not Divided","Straight road","Level","Not Applicable","Sealed","Dry","Not Raining","Daylight","Left Road - Out of Control","01","Driver Rider","1: PDO","No Control","","",1013043.89,2258680.38,"10130442258680"
"2013-4485-27/05/2021","2 Metropolitan","MOUNT BARKER","5251","DC MT.BARKER.                 ",2,0,0,0,0,2013,"April","Wednesday","02:30 pm","050","Not Divided","Straight road","Level","Driveway or Entrance","Sealed","Dry","Not Raining","Daylight","Right Angle","02","Driver Rider","1: PDO","No Control","","",1351504.47,1654134.79,"13515041654135"
"2013-4486-27/05/2021","2 Metropolitan","ST PETERS","5069","CC OF NORWOOD,PAYNEHAM & ST PETERS",2,1,0,0,1,2013,"April","Wednesday","03:05 pm","050","Cross Road","Straight road","Level","Not Applicable","Sealed","Dry","Not Raining","Daylight","Right Turn","01","Driver Rider","2: MI","Give Way Sign","","",1330283.04,1672492.12,"13302831672492"