"REPORT_ID","Stats Area","Suburb","Postcode","LGA Name","Total Units","Total Cas","Total Fats","Total SI","Total MI","Year","Month","Day","Time","Area Speed","Position Type","Horizontal Align","Vertical Align","Other Feat","Road Surface","Moisture Cond","Weather Cond","DayNight","Crash Type","Unit Resp","Entity Code","CSEF Severity","Traffic Ctrls","DUI Involved","Drugs Involved","ACCLOC_X","ACCLOC_Y","UNIQUE_LOC"
"2013-4650-27/05/2021","2 Metropolitan","MONTACUTE","5134","THE ADELAIDE HILLS COUNCIL",2,1,0,0,1,2013,"April","Sunday","02:30 pm","070","Not Divided","CURVED, VIEW OBSCURED","Slope","Road hump or Slow point","Sealed","Dry","Not Raining","Daylight","Head On","02","Driver Rider","2: MI","No Control","","",1340730.22,1677937.69,"13407301677938"
"2013-4651-27/05/2021","2 Metropolitan","HIGHBURY","5089","CITY OF TEA TREE GULLY",2,0,0,0,0,2013,"April","Saturday","09:30 am","050","T-Junction","Straight road","Slope","Not Applicable","Sealed","Dry","Not Raining","Daylight","Right Angle","01","Driver Rider","1: PDO","No Control","","",1336735.96,1677745.42,"13367361677745"
"2013-4652-27/05/2021","3 Country","TAILEM BEND","5259","COORONG DISTRICT COUNCIL",2,0,0,0,0,2013,"March","Saturday","05:30 pm","110","T-Junction","CURVED, VIEW OPEN","Level","Not Applicable","Sealed","Dry","Not Raining","Daylight","Hit Fixed Object","01","Driver Rider","1: PDO","No Control","","",1405326.16,1629367.76,"14053261629368"
"2013-4653-27/05/2021","2 Metropolitan","NORWOOD","5067","CC OF NORWOOD,PAYNEHAM & ST PETERS",2,0,0,0,0,2013,"April","Sunday","01:00 pm","050","Cross Road","Straight road","Level","Not Applicable","Sealed","Dry","Not Raining","Daylight","Right Angle","02","Driver Rider","1: PDO","No Control","","",1331459.11,1670721.51,"13314591670722"
"2013-4654-27/05/2021","2 Metropolitan","RENOWN PARK","5008","CITY OF CHARLES STURT",2,0,0,0,0,2013,"April","Sunday","04:30 pm","050","Not Divided","Straight road","Level","Not Applicable","Sealed","Dry","Not Raining","Daylight","Hit Fixed Object","01","Driver Rider","1: PDO","No Control","","",1326239.38,1674901.27,"13262391674901"
"2013-4655-27/05/2021","3 Country","REEVES PLAINS","5501","LIGHT REGIONAL COUNCIL",2,1,0,1,0,2013,"April","Sunday","05:40 pm","100","Not Divided","Straight road","Level","Not Applicable","Sealed","Dry","Not Raining","Daylight","Hit Fixed Object","01","Driver Rider","3: SI","No Control","","",1334277.42,1714778.75,"13342771714779"
"2013-4656-27/05/2021","3 Country","TINTINARA","5266","COORONG DISTRICT COUNCIL",2,1,0,0,1,2013,"April","Sunday","02:00 pm","110","Not Divided","Straight road","Level","Not Applicable","Sealed","Dry","Not Raining","Daylight","Hit Fixed Object","01","Driver Rider","2: MI","No Control","","",1453421.87,1562181.34,"14534221562181"
"2013-4657-27/05/2021","2 Metropolitan","ELIZABETH","5112","CITY OF PLAYFORD.",2,0,0,0,0,2013,"April","Saturday","08:15 pm","050","T-Junction","CURVED, VIEW OPEN","Level","Not Applicable","Sealed","Dry","Not Raining","Night","Right Turn","01","Driver Rider","1: PDO","Traffic Signals","","",1335294.24,1693555.16,"13352941693555"
"2013-4658-27/05/2021","1 City","ADELAIDE","5000","CITY OF ADELAIDE",2,0,0,0,0,2013,"April","Sunday","07:00 pm","050","Divided Road","Straight road","Level","Not Applicable","Sealed","Dry","Not Raining","Daylight","Hit Fixed Object","01","Driver Rider","1: PDO","No Control","","",1328272.21,1670181.92,"13282721670182"
"2013-4659-27/05/2021","2 Metropolitan","COLLINSWOOD","5081","CITY OF PROSPECT",2,1,0,0,1,2013,"April","Friday","05:10 pm","050","Not Divided","Straight road","Level","Driveway or Entrance","Sealed","Dry","Not Raining","Daylight","Hit Fixed Object","01","Driver Rider","2: MI","No Control","","",1329715.15,1674582.03,"13297151674582"
"2013-4660-27/05/2021","2 Metropolitan","PROSPECT","5082","CITY OF PROSPECT",3,2,0,0,2,2013,"April","Friday","03:50 pm","060","Divided Road","Straight road","Level","Not Applicable","Sealed","Dry","Not Raining","Daylight","Rear End","01","Driver Rider","2: MI","No Control","","Y",1328858.57,1676666.15,"13288591676666"
"2013-4661-27/05/2021","2 Metropolitan","ELIZABETH VALE","5112","CITY OF SALISBURY",3,0,0,0,0,2013,"April","Saturday","12:20 am","050","Not Divided","Straight road","Level","Not Applicable","Sealed","Dry","Not Raining","Night","Hit Fixed Object","01","Driver Rider","1: PDO","No Control","Y","",1334525.53,1689414.19,"13345261689414"
"2013-4662-27/05/2021","3 Country","STRATHALBYN","5255","ALEXANDRINA COUNCIL",2,0,0,0,0,2013,"April","Sunday","08:25 pm","050","Not Divided","Straight road","Level","Not Applicable","Sealed","Dry","Not Raining","Night","Hit Fixed Object","01","Driver Rider","1: PDO","No Control","","",1354087.48,1632333.83,"13540871632334"
"2013-4663-27/05/2021","2 Metropolitan","MAWSON LAKES","5095","CITY OF SALISBURY",2,1,0,0,1,2013,"April","Sunday","04:05 pm","080","Cross Road","Straight road","Level","Not Applicable","Sealed","Dry","Not Raining","Daylight","Right Turn","02","Driver Rider","2: MI","Traffic Signals","","",1328697.75,1683414.9,"13286981683415"
"2013-4664-27/05/2021","2 Metropolitan","REDWOOD PARK","5097","CITY OF TEA TREE GULLY",2,2,0,2,0,2013,"April","Sunday","10:40 pm","050","Not Divided","CURVED, VIEW OPEN","Level","Not Applicable","Sealed","Dry","Not Raining","Night","Hit Parked Vehicle","02","Driver Rider","3: SI","No Control","Y","Y",1338066.71,1683140.43,"13380671683140"
"2013-4665-27/05/2021","3 Country","MENINGIE","5264","COORONG DISTRICT COUNCIL",1,1,1,0,0,2013,"April","Sunday","10:00 pm","025","Other","Unknown","Level","Unknown","Unsealed","Dry","Not Raining","Night","Roll Over","01","Driver Rider","4: Fatal","No Control","Y","",1393138.24,1586863.48,"13931381586863"
"2013-4666-27/05/2021","3 Country","KIMBA","5641","DC KIMBA.                     ",2,0,0,0,0,2013,"April","Saturday","06:15 pm","080","Not Divided","Straight road","Level","Not Applicable","Sealed","Dry","Not Raining","Daylight","Hit Fixed Object","01","Driver Rider","1: PDO","No Control","","",1131847.3,1873531.43,"11318471873531"
"2013-4667-27/05/2021","2 Metropolitan","TUSMORE","5065","CITY OF BURNSIDE",2,0,0,0,0,2013,"April","Sunday","01:20 pm","060","T-Junction","Straight road","Level","Not Applicable","Sealed","Dry","Not Raining","Daylight","Rear End","02","Driver Rider","1: PDO","No Control","","",1332915.85,1669071.22,"13329161669071"
"2013-4668-27/05/2021","2 Metropolitan","MCLAREN VALE","5171","CITY OF ONKAPARINGA",2,0,0,0,0,2013,"April","Sunday","06:20 pm","060","Cross Road","Straight road","Level","Not Applicable","Sealed","Dry","Not Raining","Daylight","Right Angle","02","Driver Rider","1: PDO","Give Way Sign","","",1322927.48,1637161.46,"13229271637161"
"2013-4669-27/05/2021","2 Metropolitan","HILLCREST","5086","CITY OF PORT ADELAIDE ENFIELD",2,0,0,0,0,2013,"April","Sunday","09:10 am","060","Not Divided","Straight road","Level","Not Applicable","Sealed","Dry","Not Raining","Daylight","Hit Object on Road","01","Driver Rider","1: PDO","No Control","","",1332061.52,1677593.2,"13320621677593"
"2013-4670-27/05/2021","2 Metropolitan","RIDLEYTON","5008","CITY OF CHARLES STURT",2,1,0,0,1,2013,"April","Monday","09:15 am","060","Cross Road","Straight road","Level","Not Applicable","Sealed","Dry","Not Raining","Daylight","Rear End","02","Driver Rider","2: MI","Traffic Signals","","",1325910.89,1674899.36,"13259111674899"
"2013-4671-27/05/2021","2 Metropolitan","NORTHGATE","5085","CITY OF PORT ADELAIDE ENFIELD",2,0,0,0,0,2013,"April","Saturday","02:45 pm","060","T-Junction","Straight road","Level","Not Applicable","Sealed","Dry","Not Raining","Daylight","Right Turn","02","Driver Rider","1: PDO","Give Way Sign","","",1331923.29,1678081.55,"13319231678082"
"2013-4672-27/05/2021","3 Country","BEAUFORT","5550","WAKEFIELD REGIONAL COUNCIL",1,2,0,1,1,2013,"April","Monday","06:00 am","110","Not Divided","Straight road","Level","Not Applicable","Sealed","Dry","Not Raining","Night","Roll Over","01","Driver Rider","3: SI","No Control","","",1293963.31,1763233.65,"12939631763234"
"2013-4673-27/05/2021","2 Metropolitan","ELIZABETH NORTH","5113","CITY OF PLAYFORD.",3,0,0,0,0,2013,"April","Saturday","04:35 pm","080","Cross Road","Straight road","Level","Not Applicable","Sealed","Dry","Not Raining","Daylight","Rear End","01","Driver Rider","1: PDO","Traffic Signals","","",1336943,1695475.26,"13369431695475"
"2013-4674-27/05/2021","1 City","NORTH ADELAIDE","5006","CITY OF ADELAIDE",2,0,0,0,0,2013,"April","Friday","11:45 pm","050","Not Divided","Straight road","Level","Not Applicable","Sealed","Dry","Not Raining","Night","Hit Fixed Object","01","Driver Rider","1: PDO","No Control","","",1328257.56,1672477.9,"13282581672478"
"2013-4675-27/05/2021","2 Metropolitan","ELIZABETH PARK","5113","CITY OF PLAYFORD.",2,0,0,0,0,2013,"April","Monday","09:30 am","060","T-Junction","Straight road","Level","Not Applicable","Sealed","Dry","Not Raining","Daylight","Right Angle","01","Driver Rider","1: PDO","No Control","","",1336652.22,1693682.37,"13366521693682"
"2013-4676-27/05/2021","3 Country","DUNCAN","5223","KANGAROO ISLAND COUNCIL",2,1,0,1,0,2013,"March","Saturday","05:00 am","100","Not Divided","Unknown","Unknown","Unknown","Unsealed","Unknown","Unknown","Night","Hit Fixed Object","01","Driver Rider","3: SI","No Control","Y","",1195218.71,1581274.08,"11952191581274"
"2013-4677-27/05/2021","2 Metropolitan","NORTH BRIGHTON","5048","CITY OF HOLDFAST BAY",2,0,0,0,0,2013,"April","Saturday","06:25 pm","050","Not Divided","Straight road","Level","Driveway or Entrance","Sealed","Dry","Not Raining","Daylight","Hit Fixed Object","01","Driver Rider","1: PDO","No Control","","",1320182.01,1661852.23,"13201821661852"
"2013-4678-27/05/2021","2 Metropolitan","CLOVELLY PARK","5042","CC MARION.                    ",3,0,0,0,0,2013,"April","Thursday","03:25 pm","060","T-Junction","Straight road","Level","Not Applicable","Sealed","Dry","Not Raining","Daylight","Rear End","01","Driver Rider","1: PDO","No Control","","",1325977.66,1662705.24,"13259781662705"
"2013-4679-27/05/2021","2 Metropolitan","WOODVILLE NORTH","5012","CITY OF CHARLES STURT",2,0,0,0,0,2013,"April","Monday","10:30 am","060","Cross Road","Straight road","Level","Not Applicable","Sealed","Dry","Not Raining","Daylight","Right Angle","02","Driver Rider","1: PDO","Traffic Signals","","",1323940.22,1677840.22,"13239401677840"
"2013-4680-27/05/2021","1 City","ADELAIDE","5000","CITY OF ADELAIDE",2,0,0,0,0,2013,"April","Sunday","08:50 am","050","Pedestrian Crossing","Straight road","Level","Not Applicable","Sealed","Dry","Not Raining","Daylight","Rear End","01","Driver Rider","1: PDO","Traffic Signals","","",1327823.11,1671131.54,"13278231671132"
"2013-4681-27/05/2021","2 Metropolitan","O'HALLORAN HILL","5158","CITY OF ONKAPARINGA",2,0,0,0,0,2013,"April","Monday","08:30 am","080","Divided Road","CURVED, VIEW OPEN","Level","Not Applicable","Sealed","Dry","Not Raining","Daylight","Side Swipe","02","Driver Rider","1: PDO","No Control","","",1323948.7,1655521.18,"13239491655521"
"2013-4682-27/05/2021","2 Metropolitan","PARA HILLS","5096","CITY OF TEA TREE GULLY",3,0,0,0,0,2013,"April","Monday","08:45 am","050","Not Divided","Straight road","Slope","Not Applicable","Sealed","Dry","Not Raining","Daylight","Hit Fixed Object","01","Driver Rider","1: PDO","No Control","","",1335629.1,1682979.16,"13356291682979"
"2013-4683-27/05/2021","2 Metropolitan","FLINDERS PARK","5025","CITY OF CHARLES STURT",2,1,0,0,1,2013,"April","Sunday","09:00 pm","060","T-Junction","Straight road","Level","Not Applicable","Sealed","Dry","Not Raining","Night","Right Angle","02","Driver Rider","2: MI","No Control","","",1322549.83,1673124.34,"13225501673124"
"2013-4684-27/05/2021","2 Metropolitan","WOODVILLE WEST","5011","CITY OF CHARLES STURT",2,0,0,0,0,2013,"April","Sunday","05:20 pm","060","Multiple","Straight road","Level","Not Applicable","Sealed","Dry","Not Raining","Daylight","Side Swipe","01","Driver Rider","1: PDO","Traffic Signals","","",1322387.2,1676199.15,"13223871676199"
"2013-4685-27/05/2021","2 Metropolitan","ST MARYS","5042","CC MITCHAM.                   ",2,0,0,0,0,2013,"April","Monday","08:15 am","060","Cross Road","Straight road","Level","Not Applicable","Sealed","Dry","Not Raining","Daylight","Side Swipe","02","Driver Rider","1: PDO","Give Way Sign","","",1325986.83,1662296.25,"13259871662296"
"2013-4686-27/05/2021","1 City","ADELAIDE","5000","CITY OF ADELAIDE",2,0,0,0,0,2013,"April","Monday","12:00 pm","050","Not Divided","Straight road","Level","Not Applicable","Sealed","Dry","Not Raining","Daylight","Side Swipe","02","Driver Rider","1: PDO","No Control","","",1327552.13,1670555.5,"13275521670556"
"2013-4687-27/05/2021","2 Metropolitan","OTTOWAY","5013","CITY OF PORT ADELAIDE ENFIELD",2,0,0,0,0,2013,"April","Monday","09:30 am","060","T-Junction","Straight road","Level","Not Applicable","Sealed","Dry","Not Raining","Daylight","Right Turn","01","Driver Rider","1: PDO","Traffic Signals","","",1323011.02,1679141.01,"13230111679141"
"2013-4688-27/05/2021","2 Metropolitan","MAWSON LAKES","5095","CITY OF SALISBURY",2,0,0,0,0,2013,"April","Monday","07:45 am","080","Divided Road","Straight road","Level","Not Applicable","Sealed","Dry","Not Raining","Daylight","Rear End","01","Driver Rider","1: PDO","No Control","","",1328679.76,1683831.57,"13286801683832"
"2013-4689-27/05/2021","2 Metropolitan","MONTACUTE","5134","THE ADELAIDE HILLS COUNCIL",3,2,0,0,2,2013,"April","Monday","06:30 am","080","Not Divided","Straight road","Level","Not Applicable","Sealed","Dry","Not Raining","Daylight","Hit Object on Road","01","Driver Rider","2: MI","No Control","","",1339435.28,1674306.9,"13394351674307"
"2013-4690-27/05/2021","2 Metropolitan","POORAKA","5095","CITY OF SALISBURY",2,1,0,0,1,2013,"April","Saturday","10:30 am","050","Not Divided","Straight road","Level","Driveway or Entrance","Sealed","Dry","Not Raining","Daylight","Right Turn","01","Driver Rider","2: MI","No Control","","",1331619.52,1683075.13,"13316201683075"
"2013-4691-27/05/2021","2 Metropolitan","ENFIELD","5085","CITY OF PORT ADELAIDE ENFIELD",3,0,0,0,0,2013,"April","Sunday","10:40 am","060","Divided Road","Straight road","Level","Not Applicable","Sealed","Dry","Not Raining","Daylight","Rear End","01","Driver Rider","1: PDO","No Control","","",1328795.96,1679242.65,"13287961679243"
"2013-4692-27/05/2021","2 Metropolitan","NORWOOD","5067","CC OF NORWOOD,PAYNEHAM & ST PETERS",2,0,0,0,0,2013,"April","Monday","01:55 pm","050","Not Divided","Straight road","Level","Not Applicable","Sealed","Dry","Not Raining","Daylight","Side Swipe","02","Driver Rider","1: PDO","No Control","","",1332056.53,1670999.7,"13320571671000"
"2013-4693-27/05/2021","3 Country","PORT LINCOLN","5606","CC PT.LINCOLN.                ",2,0,0,0,0,2013,"April","Monday","01:30 pm","050","T-Junction","Straight road","Level","Not Applicable","Sealed","Dry","Not Raining","Daylight","Right Angle","02","Driver Rider","1: PDO","No Control","","",1079028.3,1697977.39,"10790281697977"
"2013-4694-27/05/2021","2 Metropolitan","WINGFIELD","5013","CITY OF PORT ADELAIDE ENFIELD",2,1,0,0,1,2013,"April","Monday","02:30 pm","050","Cross Road","Straight road","Level","Not Applicable","Sealed","Dry","Not Raining","Daylight","Right Turn","01","Driver Rider","2: MI","Stop Sign","","",1323900.67,1679670.46,"13239011679670"
"2013-4695-27/05/2021","2 Metropolitan","HOLDEN HILL","5088","CITY OF TEA TREE GULLY",3,0,0,0,0,2013,"April","Friday","02:30 pm","060","T-Junction","Straight road","Level","Not Applicable","Sealed","Dry","Not Raining","Daylight","Side Swipe","01","Driver Rider","1: PDO","Give Way Sign","","",1335081.04,1678894.68,"13350811678895"
"2013-4696-27/05/2021","2 Metropolitan","HILTON","5033","CITY OF WEST TORRENS",2,0,0,0,0,2013,"April","Monday","03:00 pm","060","Cross Road","Straight road","Level","Not Applicable","Sealed","Dry","Not Raining","Daylight","Rear End","02","Driver Rider","1: PDO","Traffic Signals","","",1325771.37,1670085.26,"13257711670085"
"2013-4697-27/05/2021","2 Metropolitan","HINDMARSH","5007","CITY OF CHARLES STURT",2,0,0,0,0,2013,"April","Monday","01:00 pm","060","Cross Road","Straight road","Level","Not Applicable","Sealed","Dry","Not Raining","Daylight","Rear End","01","Driver Rider","1: PDO","Traffic Signals","","",1326468.95,1672639.58,"13264691672640"
"2013-4698-27/05/2021","2 Metropolitan","KLEMZIG","5087","CITY OF PORT ADELAIDE ENFIELD",2,0,0,0,0,2013,"April","Monday","02:00 pm","060","Divided Road","Straight road","Level","Not Applicable","Sealed","Dry","Not Raining","Daylight","Rear End","02","Driver Rider","1: PDO","No Control","","",1332157.48,1676652.48,"13321571676652"
"2013-4699-27/05/2021","3 Country","TANUNDA","5352","THE BAROSSA COUNCIL.",2,0,0,0,0,2013,"April","Monday","04:30 pm","050","Not Divided","Straight road","Level","Driveway or Entrance","Sealed","Dry","Not Raining","Daylight","Rear End","02","Driver Rider","1: PDO","No Control","","",1363624.32,1714563.62,"13636241714564"
"2013-4700-27/05/2021","2 Metropolitan","SALISBURY EAST","5109","CITY OF SALISBURY",3,0,0,0,0,2013,"April","Monday","03:30 pm","060","T-Junction","Straight road","Level","Not Applicable","Sealed","Dry","Not Raining","Daylight","Side Swipe","02","Driver Rider","1: PDO","Traffic Signals","","",1334901.75,1685566.81,"13349021685567"
"2013-4701-27/05/2021","3 Country","PORT MACDONNELL","5291","DISTRICT COUNCIL OF GRANT",2,0,0,0,0,2013,"April","Sunday","12:15 pm","080","Cross Road","Straight road","Level","Not Applicable","Sealed","Dry","Not Raining","Daylight","Side Swipe","02","Driver Rider","1: PDO","Give Way Sign","","",1501719.53,1316670.83,"15017201316671"
"2013-4702-27/05/2021","2 Metropolitan","MITCHELL PARK","5043","CC MARION.                    ",2,0,0,0,0,2013,"April","Monday","01:15 pm","060","Divided Road","Straight road","Level","Not Applicable","Sealed","Dry","Not Raining","Daylight","Rear End","02","Driver Rider","1: PDO","No Control","","",1324384.3,1661411.83,"13243841661412"
"2013-4703-27/05/2021","2 Metropolitan","ELIZABETH","5112","CITY OF PLAYFORD.",4,1,0,0,1,2013,"April","Monday","03:45 pm","060","Crossover","Straight road","Level","Driveway or Entrance","Sealed","Dry","Not Raining","Daylight","Right Angle","01","Driver Rider","2: MI","No Control","","",1335513.25,1693104.31,"13355131693104"
"2013-4704-27/05/2021","2 Metropolitan","COROMANDEL VALLEY","5051","CITY OF ONKAPARINGA",2,1,0,0,1,2013,"April","Monday","04:45 pm","060","Not Divided","Straight road","Slope","Not Applicable","Sealed","Dry","Not Raining","Daylight","Rear End","02","Driver Rider","2: MI","No Control","","",1329806.42,1656072.55,"13298061656073"
"2013-4705-27/05/2021","2 Metropolitan","NORTHGATE","5085","CITY OF PORT ADELAIDE ENFIELD",2,1,0,0,1,2013,"April","Monday","04:05 pm","060","Not Divided","Straight road","Level","Not Applicable","Sealed","Dry","Not Raining","Daylight","Side Swipe","02","Driver Rider","2: MI","No Control","","Y",1331375.09,1679294.43,"13313751679294"
"2013-4706-27/05/2021","2 Metropolitan","CLELAND","5152","THE ADELAIDE HILLS COUNCIL",1,1,0,1,0,2013,"April","Sunday","11:00 am","080","Not Divided","Straight road","Slope","Not Applicable","Sealed","Dry","Not Raining","Daylight","Roll Over","01","Driver Rider","3: SI","No Control","","",1336059.44,1667459.9,"13360591667460"
"2013-4707-27/05/2021","3 Country","COWIRRA","5238","MID MURRAY DISTRICT COUNCIL",2,0,0,0,0,2013,"April","Friday","02:00 pm","080","Not Divided","Straight road","Level","Not Applicable","Sealed","Dry","Not Raining","Daylight","Hit Fixed Object","01","Driver Rider","1: PDO","No Control","","",1397200.2,1671786.03,"13972001671786"
"2013-4708-27/05/2021","2 Metropolitan","KINGSWOOD","5062","CC MITCHAM.                   ",2,0,0,0,0,2013,"April","Monday","03:30 pm","050","T-Junction","Straight road","Level","Not Applicable","Sealed","Dry","Not Raining","Daylight","Hit Fixed Object","01","Driver Rider","1: PDO","Give Way Sign","","",1329556.2,1665584.13,"13295561665584"
"2013-4709-27/05/2021","2 Metropolitan","GLANDORE","5037","CC MARION.                    ",2,0,0,0,0,2013,"April","Monday","04:00 pm","050","Not Divided","Straight road","Level","Not Applicable","Sealed","Dry","Not Raining","Daylight","Hit Parked Vehicle","02","Driver Rider","1: PDO","No Control","","",1325563.2,1666949.77,"13255631666950"
"2013-4710-27/05/2021","2 Metropolitan","WINGFIELD","5013","CITY OF PORT ADELAIDE ENFIELD",2,0,0,0,0,2013,"April","Monday","03:45 pm","050","Cross Road","Straight road","Level","Not Applicable","Sealed","Dry","Not Raining","Daylight","Right Angle","01","Driver Rider","1: PDO","Stop Sign","","",1323900.67,1679670.46,"13239011679670"
"2013-4711-27/05/2021","2 Metropolitan","PLYMPTON","5038","CITY OF WEST TORRENS",2,0,0,0,0,2013,"April","Monday","03:27 pm","060","Divided Road","Straight road","Level","Not Applicable","Sealed","Dry","Not Raining","Daylight","Rear End","02","Driver Rider","1: PDO","No Control","","",1324245.39,1666251.32,"13242451666251"
"2013-4712-27/05/2021","2 Metropolitan","UNLEY PARK","5061","CITY OF UNLEY",2,1,0,0,1,2013,"April","Monday","04:15 pm","040","T-Junction","Straight road","Level","Not Applicable","Sealed","Dry","Not Raining","Daylight","Right Turn","01","Driver Rider","2: MI","Give Way Sign","","",1328566.64,1666822.91,"13285671666823"
"2013-4713-27/05/2021","2 Metropolitan","GLENELG","5045","CITY OF HOLDFAST BAY",3,0,0,0,0,2013,"April","Friday","01:30 pm","040","T-Junction","Straight road","Level","Not Applicable","Sealed","Dry","Not Raining","Daylight","Side Swipe","01","Driver Rider","1: PDO","No Control","","",1320629.77,1664889.26,"13206301664889"
"2013-4714-27/05/2021","2 Metropolitan","UNLEY","5061","CITY OF UNLEY",2,0,0,0,0,2013,"April","Monday","07:00 am","060","Cross Road","Straight road","Level","Not Applicable","Sealed","Dry","Not Raining","Daylight","Rear End","02","Driver Rider","1: PDO","Traffic Signals","","",1328488.62,1668945.86,"13284891668946"
"2013-4715-27/05/2021","2 Metropolitan","THEBARTON","5031","CITY OF WEST TORRENS",2,1,0,0,1,2013,"April","Monday","03:30 pm","060","T-Junction","Straight road","Level","Not Applicable","Sealed","Dry","Not Raining","Daylight","Rear End","02","Driver Rider","2: MI","Traffic Signals","","",1326511.33,1672105.66,"13265111672106"
"2013-4716-27/05/2021","2 Metropolitan","PLYMPTON","5038","CITY OF WEST TORRENS",2,1,0,0,1,2013,"April","Monday","05:30 pm","060","Cross Road","Straight road","Level","Not Applicable","Sealed","Dry","Not Raining","Daylight","Right Turn","01","Driver Rider","2: MI","Traffic Signals","","",1324237.57,1666566.34,"13242381666566"
"2013-4717-27/05/2021","2 Metropolitan","ENFIELD","5085","CITY OF PORT ADELAIDE ENFIELD",4,1,0,1,0,2013,"April","Monday","07:30 pm","060","Cross Road","Straight road","Level","Not Applicable","Sealed","Dry","Not Raining","Night","Right Angle","02","Driver Rider","3: SI","Give Way Sign","","",1329224.9,1676451.08,"13292251676451"
"2013-4718-27/05/2021","2 Metropolitan","BOLIVAR","5110","CITY OF SALISBURY",4,2,0,0,2,2013,"April","Monday","10:05 pm","090","T-Junction","Straight road","Level","Not Applicable","Sealed","Dry","Not Raining","Night","Right Turn","02","Driver Rider","2: MI","Traffic Signals","","",1328471.89,1688636.97,"13284721688637"
"2013-4719-27/05/2021","2 Metropolitan","MARION","5043","CC MARION.                    ",2,0,0,0,0,2013,"April","Tuesday","07:50 am","060","T-Junction","Straight road","Level","Not Applicable","Sealed","Dry","Not Raining","Daylight","Right Turn","02","Driver Rider","1: PDO","No Control","","",1324348.81,1662443.15,"13243491662443"
"2013-4720-27/05/2021","2 Metropolitan","PLYMPTON","5038","CITY OF WEST TORRENS",2,0,0,0,0,2013,"April","Monday","06:20 pm","060","Not Divided","Straight road","Level","Not Applicable","Sealed","Dry","Not Raining","Daylight","Side Swipe","01","Driver Rider","1: PDO","No Control","","",1324228.54,1666531.26,"13242291666531"
"2013-4721-27/05/2021","2 Metropolitan","GLYNDE","5070","CC OF NORWOOD,PAYNEHAM & ST PETERS",2,0,0,0,0,2013,"April","Tuesday","08:18 am","060","Divided Road","Straight road","Level","Not Applicable","Sealed","Dry","Not Raining","Daylight","Rear End","01","Driver Rider","1: PDO","No Control","","",1333280.79,1674289.89,"13332811674290"
"2013-4722-27/05/2021","2 Metropolitan","SALISBURY PLAIN","5109","CITY OF SALISBURY",3,1,0,0,1,2013,"April","Tuesday","08:45 am","060","Cross Road","Straight road","Level","Not Applicable","Sealed","Dry","Not Raining","Daylight","Rear End","01","Driver Rider","2: MI","Traffic Signals","","",1335452.41,1688124.93,"13354521688125"
"2013-4723-27/05/2021","3 Country","WIRRULLA","5661","DC STREAKY BAY.               ",2,1,0,0,1,2013,"April","Monday","02:00 pm","110","Not Divided","Straight road","Level","Not Applicable","Sealed","Dry","Not Raining","Daylight","Hit Fixed Object","01","Driver Rider","2: MI","No Control","","",955085.74,1955146.52,"09550861955147"
"2013-4724-27/05/2021","2 Metropolitan","HACKHAM WEST","5163","CITY OF ONKAPARINGA",2,0,0,0,0,2013,"April","Tuesday","09:20 am","040","Not Divided","Straight road","Slope","Roadworks","Sealed","Dry","Not Raining","Daylight","Rear End","02","Driver Rider","1: PDO","No Control","","",1319191.61,1647487.27,"13191921647487"
"2013-4725-27/05/2021","3 Country","MURRAY BRIDGE","5253","RC MURRAY BRIDGE.             ",3,1,0,0,1,2013,"April","Tuesday","06:55 am","050","Cross Road","Straight road","Slope","Not Applicable","Sealed","Dry","Not Raining","Daylight","Right Angle","01","Driver Rider","2: MI","Roundabout","","",1389317.28,1646930.48,"13893171646930"
"2013-4726-27/05/2021","2 Metropolitan","MOUNT BARKER","5251","DC MT.BARKER.                 ",2,1,0,0,1,2013,"April","Monday","02:30 pm","060","Not Divided","Straight road","Level","Driveway or Entrance","Sealed","Dry","Not Raining","Daylight","Rear End","02","Driver Rider","2: MI","No Control","","",1352290.11,1652679.74,"13522901652680"
"2013-4727-27/05/2021","2 Metropolitan","MARINO","5049","CC MARION.                    ",4,2,0,0,2,2013,"April","Tuesday","07:40 am","060","Not Divided","Straight road","Slope","Not Applicable","Sealed","Dry","Not Raining","Daylight","Rear End","01","Driver Rider","2: MI","No Control","","",1319634.06,1657233.09,"13196341657233"
"2013-4728-27/05/2021","2 Metropolitan","NORWOOD","5067","CC OF NORWOOD,PAYNEHAM & ST PETERS",2,1,0,0,1,2013,"April","Tuesday","08:45 am","060","Multiple","CURVED, VIEW OPEN","Level","Not Applicable","Sealed","Dry","Not Raining","Daylight","Right Angle","02","Driver Rider","2: MI","Roundabout","","",1330623.32,1670361.88,"13306231670362"
"2013-4729-27/05/2021","2 Metropolitan","MAWSON LAKES","5095","CITY OF SALISBURY",3,0,0,0,0,2013,"April","Tuesday","07:45 am","070","Not Divided","Straight road","Crest of Hill","Bridge, Culvert, Causeway","Sealed","Dry","Not Raining","Daylight","Rear End","02","Driver Rider","1: PDO","No Control","","",1330078.73,1684186,"13300791684186"
"2013-4730-27/05/2021","2 Metropolitan","PARK HOLME","5043","CC MARION.                    ",4,1,0,0,1,2013,"April","Tuesday","08:45 am","060","Divided Road","Straight road","Level","Not Applicable","Sealed","Dry","Not Raining","Daylight","Rear End","01","Driver Rider","2: MI","No Control","","",1324329.78,1663224.47,"13243301663224"