"REPORT_ID","Stats Area","Suburb","Postcode","LGA Name","Total Units","Total Cas","Total Fats","Total SI","Total MI","Year","Month","Day","Time","Area Speed","Position Type","Horizontal Align","Vertical Align","Other Feat","Road Surface","Moisture Cond","Weather Cond","DayNight","Crash Type","Unit Resp","Entity Code","CSEF Severity","Traffic Ctrls","DUI Involved","Drugs Involved","ACCLOC_X","ACCLOC_Y","UNIQUE_LOC"
"2013-5879-27/05/2021","1 City","ADELAIDE","5000","CITY OF ADELAIDE",2,1,0,0,1,2013,"May","Saturday","01:00 pm","050","Divided Road","Straight road","Level","Not Applicable","Sealed","Dry","Not Raining","Daylight","Hit Parked Vehicle","01","Driver Rider","2: MI","No Control","","",1329048.77,1669852.53,"13290491669853"
"2013-5880-27/05/2021","2 Metropolitan","MOUNT BARKER","5251","DC MT.BARKER.                 ",2,0,0,0,0,2013,"May","Sunday","12:53 pm","060","Cross Road","Straight road","Slope","Not Applicable","Sealed","Dry","Not Raining","Daylight","Right Angle","02","Driver Rider","1: PDO","Give Way Sign","","",1352235.68,1652736.58,"13522361652737"
"2013-5881-27/05/2021","2 Metropolitan","NETHERBY","5064","CC MITCHAM.                   ",2,1,0,0,1,2013,"May","Friday","03:20 pm","060","Cross Road","Straight road","Slope","Not Applicable","Sealed","Dry","Not Raining","Daylight","Right Turn","02","Driver Rider","2: MI","Traffic Signals","","",1330786.88,1665600.37,"13307871665600"
"2013-5882-27/05/2021","3 Country","KORUNYE","5502","DC MALLALA.                   ",2,0,0,0,0,2013,"May","Sunday","06:15 am","100","Not Divided","Straight road","Level","Not Applicable","Sealed","Dry","Not Raining","Night","Hit Animal","02","Animal","1: PDO","No Control","","",1321844.28,1711696.11,"13218441711696"
"2013-5883-27/05/2021","2 Metropolitan","KINGSWOOD","5062","CC MITCHAM.                   ",2,0,0,0,0,2013,"May","Sunday","12:10 pm","060","Cross Road","CURVED, VIEW OPEN","Level","Not Applicable","Sealed","Dry","Not Raining","Daylight","Rear End","02","Driver Rider","1: PDO","Traffic Signals","","",1329136.22,1666247.3,"13291361666247"
"2013-5884-27/05/2021","2 Metropolitan","BROOKLYN PARK","5032","CITY OF WEST TORRENS",2,0,0,0,0,2013,"May","Sunday","02:10 pm","060","Cross Road","Straight road","Level","Not Applicable","Sealed","Dry","Not Raining","Daylight","Rear End","02","Driver Rider","1: PDO","Traffic Signals","","",1323131.39,1670090.51,"13231311670091"
"2013-5885-27/05/2021","2 Metropolitan","STEPNEY","5069","CC OF NORWOOD,PAYNEHAM & ST PETERS",2,1,0,1,0,2013,"May","Sunday","04:50 am","060","Not Divided","Straight road","Level","Not Applicable","Sealed","Dry","Not Raining","Night","Hit Pedestrian","02","Pedestrian","3: SI","No Control","Y","",1331038.6,1672301.27,"13310391672301"
"2013-5886-27/05/2021","2 Metropolitan","FLINDERS PARK","5025","CITY OF CHARLES STURT",2,0,0,0,0,2013,"May","Friday","05:00 pm","050","Not Divided","Straight road","Level","Not Applicable","Sealed","Dry","Not Raining","Daylight","Hit Fixed Object","01","Driver Rider","1: PDO","No Control","","",1324049.41,1672284.36,"13240491672284"
"2013-5887-27/05/2021","2 Metropolitan","CROYDON","5008","CITY OF CHARLES STURT",2,0,0,0,0,2013,"May","Saturday","07:30 pm","060","T-Junction","Straight road","Level","Not Applicable","Sealed","Dry","Not Raining","Night","Right Angle","01","Driver Rider","1: PDO","Give Way Sign","","",1325223.55,1673744.78,"13252241673745"
"2013-5888-27/05/2021","2 Metropolitan","KENSINGTON","5068","CC OF NORWOOD,PAYNEHAM & ST PETERS",2,0,0,0,0,2013,"May","Sunday","04:10 pm","050","Not Divided","Straight road","Level","Not Applicable","Sealed","Dry","Not Raining","Daylight","Hit Parked Vehicle","02","Driver Rider","1: PDO","No Control","","",1332782.86,1670708.4,"13327831670708"
"2013-5889-27/05/2021","3 Country","MURRAY BRIDGE","5253","RC MURRAY BRIDGE.             ",2,0,0,0,0,2013,"May","Sunday","04:55 pm","050","T-Junction","Straight road","Level","Not Applicable","Sealed","Dry","Not Raining","Daylight","Hit Fixed Object","01","Driver Rider","1: PDO","No Control","Y","",1389386.69,1644559.12,"13893871644559"
"2013-5890-27/05/2021","2 Metropolitan","CAREY GULLY","5144","THE ADELAIDE HILLS COUNCIL",2,1,0,0,1,2013,"May","Sunday","02:00 pm","080","Not Divided","CURVED, VIEW OPEN","Level","Not Applicable","Sealed","Dry","Not Raining","Daylight","Hit Fixed Object","01","Driver Rider","2: MI","No Control","","",1344880.28,1666692.35,"13448801666692"
"2013-5891-27/05/2021","3 Country","MALLALA","5502","DC MALLALA.                   ",2,0,0,0,0,2013,"May","Sunday","01:45 pm","100","Not Divided","Straight road","Level","Not Applicable","Unsealed","Dry","Not Raining","Daylight","Hit Fixed Object","01","Driver Rider","1: PDO","No Control","","",1318058.8,1727433.77,"13180591727434"
"2013-5892-27/05/2021","2 Metropolitan","LENSWOOD","5240","THE ADELAIDE HILLS COUNCIL",3,1,0,0,1,2013,"May","Sunday","03:30 pm","080","Not Divided","CURVED, VIEW OBSCURED","Slope","Not Applicable","Sealed","Dry","Not Raining","Daylight","Head On","01","Driver Rider","2: MI","No Control","","",1348677.68,1670478,"13486781670478"
"2013-5893-27/05/2021","3 Country","QUORN","5433","THE FLINDERS RANGES COUNCIL.",2,1,0,0,1,2013,"May","Sunday","06:00 pm","110","Not Divided","CURVED, VIEW OPEN","Crest of Hill","Not Applicable","Sealed","Dry","Not Raining","Night","Hit Animal","02","Animal","2: MI","No Control","","",1279020.72,1948511.01,"12790211948511"
"2013-5894-27/05/2021","2 Metropolitan","MAWSON LAKES","5095","CITY OF SALISBURY",2,1,0,0,1,2013,"May","Sunday","03:20 pm","070","Cross Road","Straight road","Slope","Bridge, Culvert, Causeway","Sealed","Dry","Not Raining","Daylight","Right Angle","02","Driver Rider","2: MI","Traffic Signals","","",1330496.32,1683916.41,"13304961683916"
"2013-5895-27/05/2021","2 Metropolitan","LOWER MITCHAM","5062","CC MITCHAM.                   ",2,0,0,0,0,2013,"May","Sunday","08:25 pm","060","T-Junction","Straight road","Level","Not Applicable","Sealed","Dry","Not Raining","Night","Right Turn","02","Driver Rider","1: PDO","Traffic Signals","","",1329170.96,1665061.71,"13291711665062"
"2013-5896-27/05/2021","2 Metropolitan","ANGLE PARK","5010","CITY OF PORT ADELAIDE ENFIELD",2,0,0,0,0,2013,"May","Saturday","05:00 pm","050","Not Divided","CURVED, VIEW OPEN","Level","Not Applicable","Sealed","Dry","Not Raining","Daylight","Hit Fixed Object","01","Driver Rider","1: PDO","No Control","Y","",1324886.66,1678549.02,"13248871678549"
"2013-5897-27/05/2021","2 Metropolitan","WILLASTON","5118","CT GAWLER.                    ",2,1,0,0,1,2013,"May","Sunday","10:15 pm","110","Divided Road","Straight road","Level","Not Applicable","Sealed","Wet","Raining","Night","Hit Fixed Object","01","Driver Rider","2: MI","No Control","","",1342746.72,1708955.82,"13427471708956"
"2013-5898-27/05/2021","3 Country","WILLIAMSTOWN","5351","THE BAROSSA COUNCIL.",1,0,0,0,0,2013,"May","Sunday","06:00 pm","100","Not Divided","CURVED, VIEW OPEN","Slope","Bridge, Culvert, Causeway","Sealed","Dry","Not Raining","Night","Roll Over","01","Driver Rider","1: PDO","No Control","","",,,
"2013-5899-27/05/2021","2 Metropolitan","STURT","5047","CC MARION.                    ",2,0,0,0,0,2013,"May","Sunday","08:03 pm","060","Cross Road","Straight road","Level","Not Applicable","Sealed","Dry","Not Raining","Night","Rear End","02","Driver Rider","1: PDO","Traffic Signals","","",1324418.54,1660680,"13244191660680"
"2013-5900-27/05/2021","2 Metropolitan","HOLDEN HILL","5088","CITY OF TEA TREE GULLY",2,1,0,0,1,2013,"May","Monday","12:10 am","050","Not Divided","Straight road","Level","Not Applicable","Sealed","Dry","Not Raining","Night","Hit Parked Vehicle","01","Driver Rider","2: MI","No Control","","",1336196.18,1679242.08,"13361961679242"
"2013-5901-27/05/2021","2 Metropolitan","KALBEEBA","5118","THE BAROSSA COUNCIL.",3,1,0,0,1,2013,"May","Friday","02:00 pm","080","Not Divided","Straight road","Level","Not Applicable","Sealed","Dry","Not Raining","Daylight","Hit Fixed Object","01","Driver Rider","2: MI","No Control","","",1346925.63,1705698.28,"13469261705698"
"2013-5902-27/05/2021","2 Metropolitan","ST MARYS","5042","CC MITCHAM.                   ",3,0,0,0,0,2013,"May","Monday","08:40 am","060","Not Divided","Straight road","Level","Not Applicable","Sealed","Dry","Not Raining","Daylight","Rear End","01","Driver Rider","1: PDO","No Control","","",,,
"2013-5903-27/05/2021","2 Metropolitan","WOODSIDE","5244","THE ADELAIDE HILLS COUNCIL",2,0,0,0,0,2013,"May","Sunday","11:40 am","100","Cross Road","Straight road","Level","Not Applicable","Sealed","Dry","Not Raining","Daylight","Roll Over","01","Driver Rider","1: PDO","Stop Sign","","",1354970.26,1669407.68,"13549701669408"
"2013-5904-27/05/2021","2 Metropolitan","NORWOOD","5067","CC OF NORWOOD,PAYNEHAM & ST PETERS",2,1,0,0,1,2013,"May","Monday","08:40 am","060","Cross Road","Straight road","Level","Not Applicable","Sealed","Dry","Not Raining","Daylight","Right Angle","02","Driver Rider","2: MI","Give Way Sign","","",1330847.9,1670368.13,"13308481670368"
"2013-5905-27/05/2021","3 Country","ROXBY DOWNS STATION","5725",,2,1,0,0,1,2013,"May","Monday","05:15 am","110","Not Divided","Straight road","Level","Not Applicable","Sealed","Dry","Not Raining","Night","Hit Animal","02","Animal","2: MI","No Control","","",1182197.69,2144780.67,"11821982144781"
"2013-5906-27/05/2021","2 Metropolitan","PARKSIDE","5063","CITY OF UNLEY",2,1,0,0,1,2013,"April","Wednesday","06:00 pm","050","Not Divided","Straight road","Level","Not Applicable","Sealed","Dry","Not Raining","Night","Rear End","01","Driver Rider","2: MI","No Control","","",1329608.45,1668810.13,"13296081668810"
"2013-5907-27/05/2021","2 Metropolitan","PLYMPTON","5038","CITY OF WEST TORRENS",4,1,0,0,1,2013,"May","Monday","08:10 am","060","T-Junction","Straight road","Level","Not Applicable","Sealed","Dry","Not Raining","Daylight","Rear End","01","Driver Rider","2: MI","Traffic Signals","","",1324215.94,1667044.83,"13242161667045"
"2013-5908-27/05/2021","2 Metropolitan","GREENACRES","5086","CITY OF PORT ADELAIDE ENFIELD",2,1,0,1,0,2013,"May","Sunday","08:40 am","060","Cross Road","Straight road","Level","Unknown","Sealed","Dry","Not Raining","Daylight","Hit Pedestrian","01","Driver Rider","3: SI","No Control","","",1330430.11,1677200.82,"13304301677201"
"2013-5909-27/05/2021","2 Metropolitan","HALLETT COVE","5158","CC MARION.                    ",2,1,0,0,1,2013,"May","Monday","10:40 am","050","Not Divided","CURVED, VIEW OPEN","Level","Not Applicable","Sealed","Wet","Raining","Daylight","Hit Parked Vehicle","01","Driver Rider","2: MI","No Control","","",1320274.62,1654887.3,"13202751654887"
"2013-5910-27/05/2021","2 Metropolitan","BEDFORD PARK","5042","CC MITCHAM.                   ",2,2,0,0,2,2013,"May","Monday","07:30 am","060","Cross Road","CURVED, VIEW OPEN","Level","Not Applicable","Sealed","Dry","Not Raining","Daylight","Rear End","02","Driver Rider","2: MI","Traffic Signals","","",1325386.13,1660697.91,"13253861660698"
"2013-5911-27/05/2021","2 Metropolitan","MYLOR","5153","DC MT.BARKER.                 ",2,0,0,0,0,2013,"May","Monday","06:30 am","080","T-Junction","CURVED, VIEW OPEN","Level","Not Applicable","Sealed","Wet","Not Raining","Night","Right Angle","01","Driver Rider","1: PDO","No Control","","",1342572.16,1656227.83,"13425721656228"
"2013-5912-27/05/2021","3 Country","HAYBOROUGH","5211","ALEXANDRINA COUNCIL",2,0,0,0,0,2013,"April","Saturday","08:00 pm","060","Not Divided","Straight road","Level","Not Applicable","Sealed","Dry","Not Raining","Night","Hit Fixed Object","01","Driver Rider","1: PDO","No Control","","",1331672.81,1603166.15,"13316731603166"
"2013-5913-27/05/2021","2 Metropolitan","PLYMPTON","5038","CITY OF WEST TORRENS",1,1,0,0,1,2013,"May","Monday","08:25 am","060","Divided Road","Straight road","Level","Not Applicable","Sealed","Dry","Not Raining","Daylight","Roll Over","01","Driver Rider","2: MI","No Control","","",1324465.36,1666753.89,"13244651666754"
"2013-5914-27/05/2021","2 Metropolitan","CHRISTIE DOWNS","5164","CITY OF ONKAPARINGA",2,2,0,0,2,2013,"May","Monday","11:20 am","060","T-Junction","Straight road","Level","Not Applicable","Sealed","Dry","Not Raining","Daylight","Right Angle","02","Driver Rider","2: MI","Give Way Sign","","",1318626.77,1648629.75,"13186271648630"
"2013-5915-27/05/2021","1 City","NORTH ADELAIDE","5006","CITY OF ADELAIDE",2,0,0,0,0,2013,"May","Monday","12:45 pm","050","Not Divided","Straight road","Level","Not Applicable","Sealed","Dry","Not Raining","Daylight","Rear End","02","Driver Rider","1: PDO","No Control","","",1329650.7,1672520.29,"13296511672520"
"2013-5916-27/05/2021","3 Country","PORT PIRIE WEST","5540","PT.PIRIE CITY & DIST. COUNCIL ",2,0,0,0,0,2013,"May","Monday","01:00 pm","050","Cross Road","Straight road","Level","Not Applicable","Sealed","Dry","Not Raining","Daylight","Right Angle","01","Driver Rider","1: PDO","Roundabout","","",1279491.38,1865421.92,"12794911865422"
"2013-5917-27/05/2021","2 Metropolitan","ENFIELD","5085","CITY OF PORT ADELAIDE ENFIELD",2,1,0,0,1,2013,"May","Monday","08:00 am","060","Divided Road","Straight road","Level","Not Applicable","Sealed","Dry","Not Raining","Daylight","Rear End","01","Driver Rider","2: MI","No Control","","",1328850.88,1677430.13,"13288511677430"
"2013-5918-27/05/2021","2 Metropolitan","MORPHETT VALE","5162","CITY OF ONKAPARINGA",2,0,0,0,0,2013,"May","Monday","11:15 am","060","Divided Road","Straight road","Slope","Not Applicable","Sealed","Wet","Not Raining","Daylight","Rear End","01","Driver Rider","1: PDO","No Control","","",1321104.9,1650906.36,"13211051650906"
"2013-5919-27/05/2021","2 Metropolitan","MANNINGHAM","5086","CITY OF PORT ADELAIDE ENFIELD",2,0,0,0,0,2013,"May","Monday","10:25 am","060","T-Junction","CURVED, VIEW OPEN","Level","Not Applicable","Sealed","Dry","Not Raining","Daylight","Side Swipe","02","Driver Rider","1: PDO","Traffic Signals","","",1330468.73,1675456.59,"13304691675457"
"2013-5920-27/05/2021","2 Metropolitan","MILE END","5031","CITY OF WEST TORRENS",2,0,0,0,0,2013,"May","Friday","03:45 pm","060","T-Junction","Straight road","Level","Not Applicable","Sealed","Dry","Not Raining","Daylight","Right Angle","01","Driver Rider","1: PDO","No Control","","",1325746.94,1670882.22,"13257471670882"
"2013-5921-27/05/2021","3 Country","MCCRACKEN","5211","DC VICTOR HARBOR.             ",2,1,0,0,1,2013,"May","Monday","02:00 pm","060","Not Divided","Straight road","Level","Not Applicable","Sealed","Dry","Not Raining","Daylight","Rear End","02","Driver Rider","2: MI","No Control","","",1329770.72,1602976.06,"13297711602976"
"2013-5922-27/05/2021","2 Metropolitan","ELIZABETH PARK","5113","CITY OF PLAYFORD.",2,3,0,0,3,2013,"May","Monday","12:30 pm","060","T-Junction","CURVED, VIEW OPEN","Level","Not Applicable","Sealed","Dry","Not Raining","Daylight","Right Angle","02","Driver Rider","2: MI","No Control","","",1337118.16,1694553.58,"13371181694554"
"2013-5923-27/05/2021","1 City","ADELAIDE","5000","CITY OF ADELAIDE",2,1,0,0,1,2013,"May","Monday","02:40 pm","050","Cross Road","Straight road","Level","Not Applicable","Sealed","Dry","Not Raining","Daylight","Rear End","02","Driver Rider","2: MI","Traffic Signals","","",1328475.2,1670187.2,"13284751670187"
"2013-5924-27/05/2021","1 City","ADELAIDE","5000","CITY OF ADELAIDE",2,1,0,0,1,2013,"May","Saturday","07:20 pm","060","Divided Road","Straight road","Level","Not Applicable","Sealed","Dry","Not Raining","Night","Side Swipe","02","Driver Rider","2: MI","No Control","","",1327378.92,1670598.6,"13273791670599"
"2013-5925-27/05/2021","2 Metropolitan","WAYVILLE","5034","CITY OF UNLEY",2,0,0,0,0,2013,"May","Monday","10:30 am","060","T-Junction","Straight road","Level","Not Applicable","Sealed","Wet","Raining","Daylight","Rear End","02","Driver Rider","1: PDO","No Control","","",1328087.35,1668953.62,"13280871668954"
"2013-5926-27/05/2021","2 Metropolitan","STURT","5047","CC MARION.                    ",2,0,0,0,0,2013,"May","Monday","04:10 pm","060","Divided Road","Straight road","Level","Not Applicable","Sealed","Dry","Not Raining","Daylight","Rear End","02","Driver Rider","1: PDO","No Control","","",1324360.55,1660674.4,"13243611660674"
"2013-5927-27/05/2021","2 Metropolitan","WOODVILLE PARK","5011","CITY OF CHARLES STURT",2,0,0,0,0,2013,"May","Monday","04:45 pm","060","Cross Road","Straight road","Level","Not Applicable","Sealed","Dry","Not Raining","Daylight","Rear End","02","Driver Rider","1: PDO","Stop Sign","","",1323610.09,1675074.42,"13236101675074"
"2013-5928-27/05/2021","2 Metropolitan","NEWTON","5074","CC CAMPBELLTOWN.              ",2,0,0,0,0,2013,"May","Monday","03:00 pm","060","T-Junction","Straight road","Level","Not Applicable","Sealed","Dry","Not Raining","Daylight","Right Angle","02","Driver Rider","1: PDO","Stop Sign","","",1335642.11,1675927.13,"13356421675927"
"2013-5929-27/05/2021","2 Metropolitan","PARKSIDE","5063","CITY OF UNLEY",2,0,0,0,0,2013,"May","Monday","05:15 pm","060","Pedestrian Crossing","Straight road","Level","Not Applicable","Sealed","Dry","Not Raining","Daylight","Rear End","02","Driver Rider","1: PDO","Traffic Signals","","",1329068.79,1668591.38,"13290691668591"
"2013-5930-27/05/2021","2 Metropolitan","HACKNEY","5069","CC OF NORWOOD,PAYNEHAM & ST PETERS",2,0,0,0,0,2013,"May","Monday","04:02 pm","060","Cross Road","Straight road","Level","Not Applicable","Sealed","Dry","Not Raining","Daylight","Side Swipe","02","Driver Rider","1: PDO","Traffic Signals","","",1329888.83,1671303.97,"13298891671304"
"2013-5931-27/05/2021","2 Metropolitan","RICHMOND","5033","CITY OF WEST TORRENS",2,2,0,0,2,2013,"May","Saturday","06:53 pm","060","Multiple","Straight road","Level","Not Applicable","Sealed","Dry","Not Raining","Daylight","Rear End","02","Driver Rider","2: MI","Traffic Signals","","",1325784.87,1669462.42,"13257851669462"
"2013-5932-27/05/2021","2 Metropolitan","INGLE FARM","5098","CITY OF SALISBURY",2,1,0,0,1,2013,"May","Monday","04:30 pm","070","Divided Road","Straight road","Slope","Not Applicable","Sealed","Dry","Not Raining","Daylight","Rear End","01","Driver Rider","2: MI","No Control","","",1332163.75,1681761.67,"13321641681762"
"2013-5933-27/05/2021","2 Metropolitan","WEST HINDMARSH","5007","CITY OF CHARLES STURT",3,0,0,0,0,2013,"May","Saturday","11:00 am","060","Cross Road","Straight road","Level","Not Applicable","Sealed","Dry","Not Raining","Daylight","Rear End","02","Driver Rider","1: PDO","Traffic Signals","","",1325467.16,1673137.63,"13254671673138"
"2013-5934-27/05/2021","2 Metropolitan","LOCKLEYS","5032","CITY OF WEST TORRENS",2,0,0,0,0,2013,"May","Monday","05:30 pm","050","Cross Road","Straight road","Level","Not Applicable","Sealed","Dry","Not Raining","Night","Right Angle","01","Driver Rider","1: PDO","Give Way Sign","","",1323198.02,1671437.28,"13231981671437"
"2013-5935-27/05/2021","2 Metropolitan","WESTBOURNE PARK","5041","CC MITCHAM.                   ",2,0,0,0,0,2013,"May","Monday","04:15 pm","060","Cross Road","Straight road","Level","Not Applicable","Sealed","Dry","Not Raining","Daylight","Right Turn","02","Driver Rider","1: PDO","Traffic Signals","","",1327546.38,1664994.52,"13275461664995"
"2013-5936-27/05/2021","2 Metropolitan","FULHAM GARDENS","5024","CITY OF CHARLES STURT",2,2,0,0,2,2013,"May","Monday","06:50 pm","050","Not Divided","CURVED, VIEW OBSCURED","Level","Not Applicable","Sealed","Dry","Not Raining","Night","Hit Fixed Object","01","Driver Rider","2: MI","No Control","","",,,
"2013-5937-27/05/2021","2 Metropolitan","EVERARD PARK","5035","CITY OF UNLEY",2,1,0,0,1,2013,"May","Monday","05:47 pm","060","Divided Road","Straight road","Level","Driveway or Entrance","Sealed","Dry","Not Raining","Daylight","Side Swipe","01","Driver Rider","2: MI","No Control","","",1326291.45,1668112.38,"13262911668112"
"2013-5938-27/05/2021","2 Metropolitan","BALHANNAH","5242","THE ADELAIDE HILLS COUNCIL",2,0,0,0,0,2013,"May","Monday","05:45 pm","080","Not Divided","CURVED, VIEW OBSCURED","Slope","Not Applicable","Sealed","Dry","Not Raining","Night","Hit Fixed Object","01","Driver Rider","1: PDO","No Control","","",1345455.21,1664127.16,"13454551664127"
"2013-5939-27/05/2021","3 Country","MOUNT GAMBIER","5290","CC MT.GAMBIER.                ",2,1,0,0,1,2013,"May","Monday","09:36 pm","050","Not Divided","Straight road","Slope","Driveway or Entrance","Sealed","Wet","Not Raining","Night","Hit Fixed Object","01","Driver Rider","2: MI","No Control","","",1508392.32,1339908.79,"15083921339909"
"2013-5940-27/05/2021","2 Metropolitan","NAILSWORTH","5083","CITY OF PROSPECT",5,0,0,0,0,2013,"May","Monday","05:40 pm","060","Divided Road","Straight road","Level","Not Applicable","Sealed","Dry","Not Raining","Night","Rear End","01","Driver Rider","1: PDO","No Control","","",1328918.5,1674718.23,"13289191674718"
"2013-5941-27/05/2021","2 Metropolitan","WESTBOURNE PARK","5041","CC MITCHAM.                   ",2,1,0,0,1,2013,"May","Tuesday","07:45 am","060","Cross Road","Straight road","Level","Not Applicable","Sealed","Dry","Not Raining","Daylight","Rear End","02","Driver Rider","2: MI","Traffic Signals","","",1327507.88,1666202.96,"13275081666203"
"2013-5942-27/05/2021","2 Metropolitan","MANNINGHAM","5086","CITY OF PORT ADELAIDE ENFIELD",3,1,0,0,1,2013,"May","Monday","10:05 am","060","T-Junction","Straight road","Level","Not Applicable","Sealed","Dry","Not Raining","Daylight","Right Angle","01","Driver Rider","2: MI","Traffic Signals","","",1330468.73,1675456.59,"13304691675457"
"2013-5943-27/05/2021","3 Country","WHYALLA PLAYFORD","5600","CC WHYALLA.                   ",2,0,0,0,0,2013,"May","Tuesday","08:15 am","060","Cross Road","Straight road","Level","Not Applicable","Sealed","Dry","Not Raining","Daylight","Right Turn","01","Driver Rider","1: PDO","Traffic Signals","","",1239353.75,1883264.01,"12393541883264"
"2013-5944-27/05/2021","2 Metropolitan","SALISBURY","5108","CITY OF SALISBURY",2,1,0,0,1,2013,"May","Tuesday","07:50 am","050","Cross Road","Straight road","Level","Not Applicable","Sealed","Dry","Not Raining","Daylight","Right Angle","02","Driver Rider","2: MI","Give Way Sign","","",1332425.01,1688276.32,"13324251688276"
"2013-5945-27/05/2021","2 Metropolitan","ELIZABETH PARK","5113","CITY OF PLAYFORD.",2,0,0,0,0,2013,"May","Tuesday","09:00 am","080","Cross Road","Straight road","Level","Not Applicable","Sealed","Dry","Not Raining","Daylight","Rear End","02","Driver Rider","1: PDO","Traffic Signals","","",1336500.9,1694621.89,"13365011694622"
"2013-5946-27/05/2021","3 Country","WARNERTOWN","5540","PT.PIRIE CITY & DIST. COUNCIL ",2,1,0,0,1,2013,"May","Tuesday","07:10 am","110","Not Divided","Straight road","Level","Not Applicable","Sealed","Dry","Not Raining","Daylight","Hit Fixed Object","01","Driver Rider","2: MI","No Control","","",1293127.58,1855476.57,"12931281855477"
"2013-5947-27/05/2021","2 Metropolitan","ASCOT PARK","5043","CC MARION.                    ",3,0,0,0,0,2013,"May","Tuesday","07:55 am","060","T-Junction","Straight road","Level","Not Applicable","Sealed","Dry","Not Raining","Daylight","Right Angle","02","Driver Rider","1: PDO","No Control","","",1324706.36,1663285.74,"13247061663286"
"2013-5948-27/05/2021","2 Metropolitan","WALKERVILLE","5081","WALKERVILLE TOWN COUNCIL",2,0,0,0,0,2013,"May","Tuesday","12:30 am","050","Not Divided","Straight road","Level","Not Applicable","Sealed","Dry","Not Raining","Night","Hit Parked Vehicle","02","Driver Rider","1: PDO","No Control","","",1330379.66,1674952.89,"13303801674953"
"2013-5949-27/05/2021","1 City","ADELAIDE","5000","CITY OF ADELAIDE",2,0,0,0,0,2013,"May","Tuesday","08:30 am","040","Not Divided","Straight road","Level","Not Applicable","Sealed","Dry","Not Raining","Daylight","Right Turn","02","Driver Rider","1: PDO","No Control","","",1328681.01,1671091.31,"13286811671091"
"2013-5950-27/05/2021","2 Metropolitan","GLENELG","5045","CITY OF HOLDFAST BAY",2,0,0,0,0,2013,"May","Tuesday","10:30 am","050","Not Divided","Straight road","Level","Not Applicable","Sealed","Dry","Not Raining","Daylight","Hit Parked Vehicle","01","Driver Rider","1: PDO","No Control","","",1320910.15,1664926.24,"13209101664926"
"2013-5951-27/05/2021","2 Metropolitan","HACKNEY","5069","CC OF NORWOOD,PAYNEHAM & ST PETERS",2,0,0,0,0,2013,"May","Tuesday","10:20 am","060","Divided Road","Straight road","Level","Not Applicable","Sealed","Dry","Not Raining","Daylight","Side Swipe","02","Driver Rider","1: PDO","No Control","","",1329809.26,1671826.33,"13298091671826"
"2013-5952-27/05/2021","2 Metropolitan","DOVER GARDENS","5048","CC MARION.                    ",2,0,0,0,0,2013,"May","Tuesday","08:50 am","060","T-Junction","Straight road","Level","Not Applicable","Sealed","Dry","Not Raining","Daylight","Rear End","01","Driver Rider","1: PDO","No Control","","",1322604.77,1659372.19,"13226051659372"
"2013-5953-27/05/2021","2 Metropolitan","EDWARDSTOWN","5039","CC MARION.                    ",2,0,0,0,0,2013,"May","Tuesday","08:00 am","060","T-Junction","Straight road","Level","Not Applicable","Sealed","Dry","Not Raining","Daylight","Right Turn","02","Driver Rider","1: PDO","No Control","","",1325942.24,1663895.97,"13259421663896"
"2013-5954-27/05/2021","2 Metropolitan","SEFTON PARK","5083","CITY OF PORT ADELAIDE ENFIELD",2,1,0,0,1,2013,"May","Tuesday","07:45 am","060","Multiple","Straight road","Level","Not Applicable","Sealed","Dry","Not Raining","Daylight","Right Angle","01","Driver Rider","2: MI","Give Way Sign","","",1329553.23,1676450.53,"13295531676451"
"2013-5955-27/05/2021","2 Metropolitan","RICHMOND","5033","CITY OF WEST TORRENS",2,1,0,0,1,2013,"May","Wednesday","08:55 am","050","Cross Road","Straight road","Level","Not Applicable","Sealed","Dry","Not Raining","Daylight","Rear End","02","Driver Rider","2: MI","Roundabout","","",1324951.94,1669830.44,"13249521669830"
"2013-5956-27/05/2021","2 Metropolitan","LEAWOOD GARDENS","5150","CC MITCHAM.                   ",1,1,0,0,1,2013,"May","Sunday","09:40 am","050","Not Divided","CURVED, VIEW OPEN","Slope","Not Applicable","Sealed","Dry","Not Raining","Daylight","Roll Over","01","Driver Rider","2: MI","No Control","","",1334474.84,1665618.11,"13344751665618"
"2013-5957-27/05/2021","3 Country","MOUNT GAMBIER","5290","CC MT.GAMBIER.                ",2,0,0,0,0,2013,"May","Tuesday","10:14 am","050","Divided Road","Straight road","Level","Driveway or Entrance","Sealed","Dry","Not Raining","Daylight","Hit Fixed Object","01","Driver Rider","1: PDO","No Control","","",1509321.02,1340563.28,"15093211340563"
"2013-5958-27/05/2021","2 Metropolitan","ROSEWATER","5013","CITY OF PORT ADELAIDE ENFIELD",2,0,0,0,0,2013,"May","Monday","02:15 pm","060","T-Junction","Straight road","Level","Not Applicable","Sealed","Dry","Not Raining","Daylight","Right Turn","02","Driver Rider","1: PDO","Traffic Signals","","",1321599.49,1679099.12,"13215991679099"
"2013-5959-27/05/2021","2 Metropolitan","MELROSE PARK","5039","CC MITCHAM.                   ",3,0,0,0,0,2013,"May","Tuesday","08:10 am","060","Divided Road","Straight road","Level","Driveway or Entrance","Sealed","Dry","Not Raining","Daylight","Rear End","01","Driver Rider","1: PDO","No Control","","",,,
"2013-5960-27/05/2021","2 Metropolitan","GLENGOWRIE","5044","CC MARION.                    ",2,0,0,0,0,2013,"May","Tuesday","11:20 am","060","T-Junction","Straight road","Level","Not Applicable","Sealed","Dry","Not Raining","Daylight","Side Swipe","02","Driver Rider","1: PDO","No Control","","",1322685.73,1663658.54,"13226861663659"