"REPORT_ID","Stats Area","Suburb","Postcode","LGA Name","Total Units","Total Cas","Total Fats","Total SI","Total MI","Year","Month","Day","Time","Area Speed","Position Type","Horizontal Align","Vertical Align","Other Feat","Road Surface","Moisture Cond","Weather Cond","DayNight","Crash Type","Unit Resp","Entity Code","CSEF Severity","Traffic Ctrls","DUI Involved","Drugs Involved","ACCLOC_X","ACCLOC_Y","UNIQUE_LOC"
"2013-6289-27/05/2021","2 Metropolitan","BOLIVAR","5110","CITY OF SALISBURY",2,1,0,0,1,2013,"May","Sunday","08:00 pm","090","Divided Road","Straight road","Unknown","Not Applicable","Sealed","Wet","Raining","Night","Rear End","01","Driver Rider","2: MI","No Control","","",,,
"2013-6290-27/05/2021","2 Metropolitan","MAWSON LAKES","5095","CITY OF SALISBURY",2,0,0,0,0,2013,"May","Sunday","01:20 pm","080","T-Junction","Straight road","Level","Not Applicable","Sealed","Dry","Not Raining","Daylight","Rear End","02","Driver Rider","1: PDO","Traffic Signals","","",1331190.78,1682739.34,"13311911682739"
"2013-6291-27/05/2021","2 Metropolitan","VISTA","5091","CITY OF TEA TREE GULLY",2,0,0,0,0,2013,"May","Monday","08:45 am","080","Not Divided","CURVED, VIEW OBSCURED","Slope","Not Applicable","Sealed","Wet","Raining","Daylight","Hit Fixed Object","01","Driver Rider","1: PDO","No Control","","",1340793.86,1679527.11,"13407941679527"
"2013-6292-27/05/2021","3 Country","PORT PIRIE WEST","5540","PT.PIRIE CITY & DIST. COUNCIL ",2,0,0,0,0,2013,"May","Monday","11:30 am","050","Cross Road","CURVED, VIEW OPEN","Level","Not Applicable","Sealed","Dry","Not Raining","Daylight","Right Angle","02","Driver Rider","1: PDO","Roundabout","","",1279491.38,1865421.92,"12794911865422"
"2013-6293-27/05/2021","2 Metropolitan","MOUNT BARKER","5251","DC MT.BARKER.                 ",2,0,0,0,0,2013,"May","Monday","11:10 am","050","Not Divided","Straight road","Level","Driveway or Entrance","Sealed","Dry","Not Raining","Daylight","Right Angle","02","Driver Rider","1: PDO","No Control","","",1351564.97,1654425.3,"13515651654425"
"2013-6294-27/05/2021","2 Metropolitan","INGLE FARM","5098","CITY OF SALISBURY",2,1,0,0,1,2013,"May","Sunday","05:40 pm","070","Divided Road","Straight road","Slope","Not Applicable","Sealed","Wet","Raining","Night","Rear End","02","Driver Rider","2: MI","No Control","","",,,
"2013-6295-27/05/2021","2 Metropolitan","FORESTVILLE","5035","CITY OF UNLEY",2,0,0,0,0,2013,"May","Monday","09:10 am","050","Not Divided","Straight road","Level","Not Applicable","Sealed","Dry","Not Raining","Daylight","Hit Parked Vehicle","01","Driver Rider","1: PDO","No Control","","",1327084.65,1667615.23,"13270851667615"
"2013-6296-27/05/2021","2 Metropolitan","INGLE FARM","5098","CITY OF SALISBURY",3,1,0,0,1,2013,"May","Monday","11:40 am","070","T-Junction","Straight road","Level","Not Applicable","Sealed","Dry","Not Raining","Daylight","Right Turn","01","Driver Rider","2: MI","Traffic Signals","","",1332666.48,1681574.09,"13326661681574"
"2013-6297-27/05/2021","2 Metropolitan","ST PETERS","5069","CC OF NORWOOD,PAYNEHAM & ST PETERS",2,0,0,0,0,2013,"May","Monday","09:30 am","060","Divided Road","Straight road","Level","Driveway or Entrance","Sealed","Dry","Not Raining","Daylight","Right Angle","02","Driver Rider","1: PDO","No Control","","",1330360.93,1673299.8,"13303611673300"
"2013-6298-27/05/2021","2 Metropolitan","GLENGOWRIE","5044","CC MARION.                    ",3,0,0,0,0,2013,"May","Sunday","02:25 pm","060","T-Junction","Straight road","Level","Not Applicable","Sealed","Dry","Not Raining","Daylight","Hit Fixed Object","01","Driver Rider","1: PDO","Roundabout","","",1322270.93,1665065.17,"13222711665065"
"2013-6299-27/05/2021","2 Metropolitan","PASADENA","5042","CC MITCHAM.                   ",2,0,0,0,0,2013,"May","Monday","07:45 am","060","T-Junction","Straight road","Level","Not Applicable","Sealed","Wet","Raining","Daylight","Rear End","01","Driver Rider","1: PDO","No Control","","",1327242.24,1662104.6,"13272421662105"
"2013-6300-27/05/2021","2 Metropolitan","CLARENCE GARDENS","5039","CC MITCHAM.                   ",3,1,0,0,1,2013,"May","Monday","08:45 am","060","Divided Road","Straight road","Level","Not Applicable","Sealed","Wet","Raining","Daylight","Rear End","01","Driver Rider","2: MI","No Control","","",,,
"2013-6301-27/05/2021","2 Metropolitan","LEAWOOD GARDENS","5150","CC MITCHAM.                   ",3,1,0,0,1,2013,"May","Monday","08:10 am","100","Freeway","Straight road","Level","Not Applicable","Sealed","Wet","Raining","Daylight","Rear End","01","Driver Rider","2: MI","No Control","","",1333830.26,1665609.05,"13338301665609"
"2013-6302-27/05/2021","2 Metropolitan","GAWLER","5118","CT GAWLER.                    ",2,0,0,0,0,2013,"May","Monday","09:30 am","050","Not Divided","Straight road","Level","Not Applicable","Sealed","Wet","Raining","Daylight","Hit Fixed Object","01","Driver Rider","1: PDO","No Control","","",1343293.69,1706730.56,"13432941706731"
"2013-6303-27/05/2021","2 Metropolitan","NORTH HAVEN","5018","CITY OF PORT ADELAIDE ENFIELD",2,0,0,0,0,2013,"May","Monday","12:30 pm","050","T-Junction","Straight road","Level","Not Applicable","Sealed","Dry","Not Raining","Daylight","Side Swipe","01","Driver Rider","1: PDO","No Control","","",1319550.26,1685606.22,"13195501685606"
"2013-6304-27/05/2021","3 Country","KONGORONG","5291","DISTRICT COUNCIL OF GRANT",2,1,0,0,1,2013,"May","Sunday","08:30 pm","110","Not Divided","Straight road","Level","Not Applicable","Sealed","Wet","Not Raining","Night","Hit Fixed Object","01","Driver Rider","2: MI","No Control","","",1494279.14,1338704.95,"14942791338705"
"2013-6305-27/05/2021","3 Country","FINNISS","5255","ALEXANDRINA COUNCIL",2,0,0,0,0,2013,"May","Monday","12:01 am","100","Not Divided","CURVED, VIEW OBSCURED","Level","Not Applicable","Sealed","Wet","Raining","Night","Hit Fixed Object","01","Driver Rider","1: PDO","No Control","","",,,
"2013-6306-27/05/2021","2 Metropolitan","MORPHETT VALE","5162","CITY OF ONKAPARINGA",2,0,0,0,0,2013,"May","Monday","03:25 pm","060","Divided Road","Straight road","Level","Not Applicable","Sealed","Wet","Raining","Daylight","Hit Fixed Object","01","Driver Rider","1: PDO","No Control","","",1320792.12,1649252.54,"13207921649253"
"2013-6307-27/05/2021","3 Country","HYNAM","5262","DC NARACOORTE & LUCINDALE.",2,1,0,0,1,2013,"May","Sunday","11:00 pm","080","Not Divided","CURVED, VIEW OPEN","Level","Not Applicable","Sealed","Wet","Raining","Night","Roll Over","01","Driver Rider","2: MI","No Control","Y","",1521902.78,1438672.15,"15219031438672"
"2013-6308-27/05/2021","2 Metropolitan","NORTH BRIGHTON","5048","CITY OF HOLDFAST BAY",2,0,0,0,0,2013,"May","Monday","04:15 pm","060","Divided Road","Straight road","Level","Not Applicable","Sealed","Wet","Not Raining","Daylight","Rear End","02","Driver Rider","1: PDO","No Control","","",1321104.61,1662052.54,"13211051662053"
"2013-6309-27/05/2021","2 Metropolitan","WEST HINDMARSH","5007","CITY OF CHARLES STURT",2,0,0,0,0,2013,"May","Monday","03:45 pm","060","Cross Road","Straight road","Level","Not Applicable","Sealed","Wet","Raining","Daylight","Rear End","02","Driver Rider","1: PDO","Traffic Signals","","",1325467.16,1673137.63,"13254671673138"
"2013-6310-27/05/2021","2 Metropolitan","SALISBURY EAST","5109","CITY OF SALISBURY",2,2,0,0,2,2013,"May","Monday","03:45 pm","060","Cross Road","Straight road","Level","Not Applicable","Sealed","Dry","Not Raining","Daylight","Rear End","01","Driver Rider","2: MI","Traffic Signals","","",1333286.62,1685382.97,"13332871685383"
"2013-6311-27/05/2021","1 City","NORTH ADELAIDE","5006","CITY OF ADELAIDE",2,1,0,0,1,2013,"May","Monday","11:50 am","050","T-Junction","Straight road","Slope","Not Applicable","Sealed","Wet","Not Raining","Daylight","Right Angle","01","Driver Rider","2: MI","Stop Sign","","",1328724.27,1672222.31,"13287241672222"
"2013-6312-27/05/2021","2 Metropolitan","MOUNT BARKER","5251","DC MT.BARKER.                 ",2,0,0,0,0,2013,"May","Monday","03:30 pm","080","T-Junction","CURVED, VIEW OPEN","Slope","Driveway or Entrance","Sealed","Wet","Raining","Daylight","Rear End","02","Driver Rider","1: PDO","Give Way Sign","","",1349673.94,1651511.9,"13496741651512"
"2013-6313-27/05/2021","2 Metropolitan","URRBRAE","5064","CC MITCHAM.                   ",2,1,0,0,1,2013,"May","Monday","07:45 am","060","Cross Road","Straight road","Level","Not Applicable","Sealed","Wet","Raining","Daylight","Rear End","02","Driver Rider","2: MI","Traffic Signals","","",1332373.16,1666370.92,"13323731666371"
"2013-6314-27/05/2021","2 Metropolitan","BELAIR","5052","CC MITCHAM.                   ",2,1,1,0,0,2013,"May","Monday","03:20 pm","060","T-Junction","Straight road","Slope","Not Applicable","Sealed","Wet","Raining","Daylight","Rear End","02","Driver Rider","4: Fatal","Give Way Sign","","",1330457.64,1661991.69,"13304581661992"
"2013-6315-27/05/2021","3 Country","MOUNT GAMBIER","5290","CC MT.GAMBIER.                ",2,0,0,0,0,2013,"May","Monday","04:55 pm","060","T-Junction","Straight road","Crest of Hill","Not Applicable","Sealed","Dry","Not Raining","Daylight","Right Angle","01","Driver Rider","1: PDO","No Control","","",1510539.94,1341168.31,"15105401341168"
"2013-6316-27/05/2021","2 Metropolitan","MAWSON LAKES","5095","CITY OF SALISBURY",2,0,0,0,0,2013,"May","Sunday","08:30 pm","080","Divided Road","Straight road","Level","Not Applicable","Sealed","Dry","Not Raining","Night","Side Swipe","02","Driver Rider","1: PDO","No Control","","",1328673.08,1685109.89,"13286731685110"
"2013-6317-27/05/2021","1 City","ADELAIDE","5000","CITY OF ADELAIDE",2,0,0,0,0,2013,"May","Monday","05:15 pm","050","Divided Road","Straight road","Slope","Not Applicable","Sealed","Wet","Raining","Daylight","Hit Fixed Object","01","Driver Rider","1: PDO","No Control","","",1329179,1671316.89,"13291791671317"
"2013-6318-27/05/2021","2 Metropolitan","LOCKLEYS","5032","CITY OF WEST TORRENS",2,0,0,0,0,2013,"May","Monday","05:05 pm","060","Divided Road","Straight road","Level","Bridge, Culvert, Causeway","Sealed","Wet","Raining","Daylight","Rear End","02","Driver Rider","1: PDO","No Control","","",1320957.84,1670226.93,"13209581670227"
"2013-6319-27/05/2021","2 Metropolitan","CHAIN OF PONDS","5231","THE ADELAIDE HILLS COUNCIL",2,0,0,0,0,2013,"May","Monday","04:30 pm","100","T-Junction","Straight road","Slope","Not Applicable","Sealed","Wet","Raining","Daylight","Hit Fixed Object","01","Driver Rider","1: PDO","Stop Sign","","",1350159.92,1681400.52,"13501601681401"
"2013-6320-27/05/2021","2 Metropolitan","MODBURY NORTH","5092","CITY OF TEA TREE GULLY",2,0,0,0,0,2013,"May","Monday","06:20 pm","060","Cross Road","Straight road","Slope","Not Applicable","Sealed","Wet","Raining","Night","Right Angle","01","Driver Rider","1: PDO","Roundabout","Y","",1335649.88,1682335.62,"13356501682336"
"2013-6321-27/05/2021","2 Metropolitan","LOCKLEYS","5032","CITY OF WEST TORRENS",2,0,0,0,0,2013,"May","Monday","08:45 am","060","T-Junction","CURVED, VIEW OPEN","Level","Not Applicable","Sealed","Wet","Not Raining","Daylight","Right Angle","02","Driver Rider","1: PDO","Give Way Sign","","",1322510.05,1670072.47,"13225101670072"
"2013-6322-27/05/2021","2 Metropolitan","NORWOOD","5067","CC OF NORWOOD,PAYNEHAM & ST PETERS",2,1,0,1,0,2013,"May","Monday","05:30 pm","060","Divided Road","Straight road","Level","Not Applicable","Sealed","Wet","Raining","Night","Hit Pedestrian","01","Pedestrian","3: SI","No Control","","Y",1330609.91,1671668.76,"13306101671669"
"2013-6323-27/05/2021","2 Metropolitan","NORTH ADELAIDE","5006","CITY OF PROSPECT",2,0,0,0,0,2013,"May","Monday","08:55 pm","060","Divided Road","Straight road","Slope","Not Applicable","Sealed","Wet","Not Raining","Night","Rear End","01","Driver Rider","1: PDO","No Control","","",1327646.64,1673641.68,"13276471673642"
"2013-6324-27/05/2021","2 Metropolitan","RIDLEYTON","5008","CITY OF CHARLES STURT",2,1,0,0,1,2013,"May","Monday","04:15 pm","060","Not Divided","Straight road","Level","Not Applicable","Sealed","Wet","Not Raining","Daylight","Rear End","01","Driver Rider","2: MI","No Control","","",1326066.98,1674774.42,"13260671674774"
"2013-6325-27/05/2021","2 Metropolitan","HACKNEY","5069","CC OF NORWOOD,PAYNEHAM & ST PETERS",3,0,0,0,0,2013,"May","Monday","06:15 pm","060","Cross Road","Straight road","Level","Not Applicable","Sealed","Wet","Raining","Night","Rear End","01","Driver Rider","1: PDO","Traffic Signals","","",1329902.14,1671311.39,"13299021671311"
"2013-6326-27/05/2021","2 Metropolitan","GULFVIEW HEIGHTS","5096","CITY OF SALISBURY",4,2,0,1,1,2013,"May","Monday","08:15 pm","080","Divided Road","Straight road","Slope","Not Applicable","Sealed","Wet","Not Raining","Night","Hit Fixed Object","01","Driver Rider","3: SI","No Control","","",1335373.08,1683479.77,"13353731683480"
"2013-6327-27/05/2021","2 Metropolitan","BLACK FOREST","5035","CITY OF UNLEY",2,0,0,0,0,2013,"May","Monday","04:00 pm","060","One Way","Straight road","Level","Not Applicable","Sealed","Wet","Not Raining","Daylight","Hit Fixed Object","01","Driver Rider","1: PDO","No Control","","",1325887.69,1666311.18,"13258881666311"
"2013-6328-27/05/2021","3 Country","WARNERTOWN","5540","PT.PIRIE CITY & DIST. COUNCIL ",3,1,0,0,1,2013,"May","Tuesday","12:44 am","110","Not Divided","CURVED, VIEW OBSCURED","Level","Not Applicable","Unsealed","Dry","Not Raining","Night","Hit Fixed Object","01","Driver Rider","2: MI","No Control","Y","Y",1295880.51,1857526.94,"12958811857527"
"2013-6329-27/05/2021","2 Metropolitan","ELIZABETH GROVE","5112","CITY OF PLAYFORD.",2,0,0,0,0,2013,"May","Tuesday","02:30 am","050","Not Divided","Straight road","Level","Not Applicable","Sealed","Wet","Raining","Night","Hit Parked Vehicle","01","Driver Rider","1: PDO","No Control","","",1335260.1,1691239.13,"13352601691239"
"2013-6330-27/05/2021","2 Metropolitan","TERINGIE","5072","THE ADELAIDE HILLS COUNCIL",2,0,0,0,0,2013,"May","Monday","11:19 pm","050","T-Junction","CURVED, VIEW OPEN","Slope","Not Applicable","Sealed","Wet","Raining","Night","Hit Fixed Object","01","Driver Rider","1: PDO","No Control","","",1336469.43,1671998.24,"13364691671998"
"2013-6331-27/05/2021","2 Metropolitan","GREENHILL","5140","THE ADELAIDE HILLS COUNCIL",1,1,0,0,1,2013,"May","Thursday","07:42 am","080","Not Divided","CURVED, VIEW OPEN","Slope","Not Applicable","Sealed","Dry","Not Raining","Daylight","Roll Over","09","Other","2: MI","No Control","","",1338908.62,1666749.36,"13389091666749"
"2013-6332-27/05/2021","2 Metropolitan","WOODSIDE","5244","THE ADELAIDE HILLS COUNCIL",2,0,0,0,0,2013,"May","Tuesday","06:30 am","060","T-Junction","CURVED, VIEW OBSCURED","Slope","Not Applicable","Sealed","Wet","Not Raining","Night","Head On","02","Driver Rider","1: PDO","Give Way Sign","","",1352584.98,1667214.61,"13525851667215"
"2013-6333-27/05/2021","2 Metropolitan","MAWSON LAKES","5095","CITY OF SALISBURY",3,0,0,0,0,2013,"May","Tuesday","06:50 am","080","Divided Road","Straight road","Level","Not Applicable","Sealed","Wet","Raining","Night","Rear End","01","Driver Rider","1: PDO","No Control","","",1328682.11,1682969.21,"13286821682969"
"2013-6334-27/05/2021","2 Metropolitan","PANORAMA","5041","CC MITCHAM.                   ",3,0,0,0,0,2013,"May","Monday","04:30 pm","060","Divided Road","CURVED, VIEW OBSCURED","Level","Not Applicable","Sealed","Dry","Not Raining","Daylight","Side Swipe","01","Driver Rider","1: PDO","No Control","","",1327580.33,1663447.48,"13275801663447"
"2013-6335-27/05/2021","2 Metropolitan","BEVERLEY","5009","CITY OF CHARLES STURT",2,0,0,0,0,2013,"May","Monday","07:15 pm","050","Cross Road","Straight road","Level","Not Applicable","Sealed","Dry","Not Raining","Night","Right Angle","02","Driver Rider","1: PDO","Stop Sign","","",1323772.86,1674674.8,"13237731674675"
"2013-6336-27/05/2021","2 Metropolitan","DERNANCOURT","5075","CITY OF TEA TREE GULLY",2,0,0,0,0,2013,"May","Tuesday","08:20 am","050","Not Divided","Straight road","Slope","Not Applicable","Sealed","Wet","Raining","Daylight","Hit Parked Vehicle","01","Driver Rider","1: PDO","No Control","","",1335214.95,1677936.25,"13352151677936"
"2013-6337-27/05/2021","2 Metropolitan","ECHUNGA","5153","DC MT.BARKER.                 ",3,1,0,0,1,2013,"May","Tuesday","08:15 am","080","Not Divided","CURVED, VIEW OPEN","Level","Not Applicable","Sealed","Wet","Not Raining","Daylight","Hit Fixed Object","01","Driver Rider","2: MI","No Control","","",1347002.72,1650528.13,"13470031650528"
"2013-6338-27/05/2021","2 Metropolitan","SHEIDOW PARK","5158","CC MARION.                    ",2,1,0,0,1,2013,"May","Tuesday","08:00 am","080","T-Junction","Straight road","Slope","Not Applicable","Sealed","Wet","Not Raining","Daylight","Rear End","02","Driver Rider","2: MI","Traffic Signals","","",1321165.28,1654698.28,"13211651654698"
"2013-6339-27/05/2021","2 Metropolitan","RENOWN PARK","5008","CITY OF CHARLES STURT",2,0,0,0,0,2013,"May","Monday","04:10 pm","060","Divided Road","Straight road","Level","Not Applicable","Sealed","Wet","Not Raining","Daylight","Rear End","02","Driver Rider","1: PDO","No Control","","",1326677.23,1674294.24,"13266771674294"
"2013-6340-27/05/2021","2 Metropolitan","UNLEY","5061","CITY OF UNLEY",3,0,0,0,0,2013,"May","Monday","05:40 pm","050","Cross Road","Straight road","Level","Not Applicable","Sealed","Wet","Not Raining","Night","Rear End","01","Driver Rider","1: PDO","Stop Sign","","",1328366.02,1668541.23,"13283661668541"
"2013-6341-27/05/2021","2 Metropolitan","MYRTLE BANK","5064","CITY OF UNLEY",3,0,0,0,0,2013,"May","Monday","03:50 pm","060","T-Junction","Straight road","Slope","Not Applicable","Sealed","Wet","Raining","Daylight","Rear End","01","Driver Rider","1: PDO","No Control","","",1331882.99,1666324.51,"13318831666325"
"2013-6342-27/05/2021","2 Metropolitan","GLOBE DERBY PARK","5110","CITY OF SALISBURY",2,0,0,0,0,2013,"May","Tuesday","09:20 am","080","T-Junction","Straight road","Level","Not Applicable","Sealed","Wet","Raining","Daylight","Rear End","02","Driver Rider","1: PDO","Traffic Signals","","",1328637.45,1684641.8,"13286371684642"
"2013-6343-27/05/2021","2 Metropolitan","GLOBE DERBY PARK","5110","CITY OF SALISBURY",2,1,0,0,1,2013,"May","Tuesday","08:20 am","090","Divided Road","Straight road","Level","Not Applicable","Sealed","Wet","Raining","Daylight","Rear End","02","Driver Rider","2: MI","No Control","","",1328659.88,1686178.18,"13286601686178"
"2013-6344-27/05/2021","2 Metropolitan","ROSE PARK","5067","CITY OF BURNSIDE",2,0,0,0,0,2013,"May","Tuesday","09:00 am","050","Cross Road","Straight road","Level","Not Applicable","Sealed","Wet","Not Raining","Daylight","Right Angle","02","Driver Rider","1: PDO","Roundabout","","",1331485.25,1669885.89,"13314851669886"
"2013-6345-27/05/2021","2 Metropolitan","SMITHFIELD","5114","CITY OF PLAYFORD.",6,0,0,0,0,2013,"May","Tuesday","09:31 am","080","Divided Road","Straight road","Level","Not Applicable","Sealed","Wet","Raining","Daylight","Hit Fixed Object","01","Driver Rider","1: PDO","No Control","","",1338082.61,1697446.36,"13380831697446"
"2013-6346-27/05/2021","2 Metropolitan","INGLE FARM","5098","CITY OF SALISBURY",2,1,0,0,1,2013,"May","Tuesday","10:00 am","070","T-Junction","Straight road","Level","Not Applicable","Sealed","Wet","Not Raining","Daylight","Rear End","02","Driver Rider","2: MI","Traffic Signals","","",1332666.48,1681574.09,"13326661681574"
"2013-6347-27/05/2021","3 Country","WESTERN FLAT","5268","DC TATIARA.                   ",3,0,0,0,0,2013,"May","Monday","12:00 pm","110","Not Divided","Straight road","Level","Not Applicable","Sealed","Wet","Raining","Daylight","Hit Fixed Object","01","Driver Rider","1: PDO","No Control","","",,,
"2013-6348-27/05/2021","2 Metropolitan","TUSMORE","5065","CITY OF BURNSIDE",2,0,0,0,0,2013,"May","Monday","03:00 pm","050","T-Junction","Straight road","Level","Not Applicable","Sealed","Dry","Not Raining","Daylight","Right Turn","01","Driver Rider","1: PDO","No Control","","",1332460.28,1669368.9,"13324601669369"
"2013-6349-27/05/2021","2 Metropolitan","ELIZABETH PARK","5113","CITY OF PLAYFORD.",2,1,0,0,1,2013,"May","Tuesday","08:55 am","080","Divided Road","Straight road","Level","Not Applicable","Sealed","Wet","Raining","Daylight","Rear End","01","Driver Rider","2: MI","No Control","","",,,
"2013-6350-27/05/2021","2 Metropolitan","WEST CROYDON","5008","CITY OF CHARLES STURT",3,0,0,0,0,2013,"May","Tuesday","11:05 am","060","Divided Road","Straight road","Level","Not Applicable","Sealed","Wet","Raining","Daylight","Rear End","01","Driver Rider","1: PDO","No Control","","",1325307.39,1675366.97,"13253071675367"
"2013-6351-27/05/2021","2 Metropolitan","GREENWITH","5125","CITY OF TEA TREE GULLY",2,0,0,0,0,2013,"May","Tuesday","08:40 am","060","Divided Road","Straight road","Level","Not Applicable","Sealed","Dry","Not Raining","Daylight","Rear End","02","Driver Rider","1: PDO","No Control","","",1339954.93,1687630.32,"13399551687630"
"2013-6352-27/05/2021","2 Metropolitan","MORPHETT VALE","5162","CITY OF ONKAPARINGA",2,0,0,0,0,2013,"May","Tuesday","10:15 am","060","Cross Road","Straight road","Level","Not Applicable","Sealed","Wet","Not Raining","Daylight","Rear End","02","Driver Rider","1: PDO","Traffic Signals","","",1320776.05,1649856.4,"13207761649856"
"2013-6353-27/05/2021","2 Metropolitan","EDINBURGH","5111","CITY OF SALISBURY",2,0,0,0,0,2013,"May","Tuesday","09:00 am","060","T-Junction","Straight road","Level","Not Applicable","Sealed","Wet","Raining","Daylight","Rear End","02","Driver Rider","1: PDO","Roundabout","","",1332728.66,1692336.87,"13327291692337"
"2013-6354-27/05/2021","2 Metropolitan","REYNELLA","5161","CITY OF ONKAPARINGA",2,0,0,0,0,2013,"May","Tuesday","11:00 am","050","T-Junction","Straight road","Level","Not Applicable","Sealed","Wet","Raining","Daylight","Rear End","01","Driver Rider","1: PDO","No Control","","",1320916.34,1651724.69,"13209161651725"
"2013-6355-27/05/2021","2 Metropolitan","PARAFIELD GARDENS","5107","CITY OF SALISBURY",2,0,0,0,0,2013,"May","Monday","10:30 am","050","Not Divided","Straight road","Level","Not Applicable","Sealed","Wet","Not Raining","Daylight","Hit Fixed Object","01","Driver Rider","1: PDO","No Control","","",1329715.51,1687391.97,"13297161687392"
"2013-6356-27/05/2021","2 Metropolitan","KESWICK","5035","CITY OF WEST TORRENS",3,0,0,0,0,2013,"May","Monday","08:30 am","050","T-Junction","Straight road","Level","Not Applicable","Sealed","Wet","Not Raining","Daylight","Right Angle","01","Driver Rider","1: PDO","No Control","","",1326242.34,1668491.58,"13262421668492"
"2013-6357-27/05/2021","2 Metropolitan","PENNINGTON","5013","CITY OF PORT ADELAIDE ENFIELD",2,1,0,0,1,2013,"May","Tuesday","10:15 am","060","T-Junction","Straight road","Level","Not Applicable","Sealed","Dry","Not Raining","Daylight","Side Swipe","02","Driver Rider","2: MI","Give Way Sign","","",1322487.81,1679119.89,"13224881679120"
"2013-6358-27/05/2021","2 Metropolitan","OTTOWAY","5013","CITY OF PORT ADELAIDE ENFIELD",2,0,0,0,0,2013,"May","Tuesday","06:55 am","060","T-Junction","Straight road","Level","Not Applicable","Sealed","Wet","Raining","Night","Right Angle","02","Driver Rider","1: PDO","Give Way Sign","","",1322601.56,1679131.07,"13226021679131"
"2013-6359-27/05/2021","2 Metropolitan","GLENELG","5045","CITY OF HOLDFAST BAY",2,0,0,0,0,2013,"May","Monday","12:36 pm","060","Divided Road","Straight road","Level","Not Applicable","Sealed","Dry","Not Raining","Daylight","Side Swipe","02","Driver Rider","1: PDO","No Control","","",1321011.77,1665242.89,"13210121665243"
"2013-6360-27/05/2021","2 Metropolitan","FITZROY","5082","CITY OF PROSPECT",2,0,0,0,0,2013,"May","Tuesday","07:00 am","060","Cross Road","Straight road","Level","Not Applicable","Sealed","Wet","Raining","Night","Side Swipe","01","Driver Rider","1: PDO","Traffic Signals","","",1327513.27,1673636.83,"13275131673637"
"2013-6361-27/05/2021","2 Metropolitan","CROYDON PARK","5008","CITY OF PORT ADELAIDE ENFIELD",2,1,0,0,1,2013,"May","Monday","02:15 pm","060","Multiple","Straight road","Level","Not Applicable","Sealed","Dry","Not Raining","Daylight","Right Angle","02","Driver Rider","2: MI","Traffic Signals","","",1326079.13,1675556.18,"13260791675556"
"2013-6362-27/05/2021","2 Metropolitan","MAWSON LAKES","5095","CITY OF SALISBURY",5,0,0,0,0,2013,"May","Tuesday","07:25 am","080","Divided Road","Straight road","Level","Bridge, Culvert, Causeway","Sealed","Wet","Raining","Daylight","Rear End","01","Driver Rider","1: PDO","No Control","","",1328717.01,1682417.75,"13287171682418"
"2013-6363-27/05/2021","2 Metropolitan","WALKERVILLE","5081","WALKERVILLE TOWN COUNCIL",2,1,0,0,1,2013,"May","Tuesday","09:40 am","060","Divided Road","Straight road","Level","Not Applicable","Sealed","Wet","Raining","Daylight","Rear End","01","Driver Rider","2: MI","No Control","","",,,
"2013-6364-27/05/2021","2 Metropolitan","KERSBROOK","5231","THE ADELAIDE HILLS COUNCIL",2,1,0,0,1,2013,"May","Tuesday","10:30 am","100","Not Divided","CURVED, VIEW OPEN","Slope","Bridge, Culvert, Causeway","Sealed","Wet","Raining","Daylight","Hit Fixed Object","01","Driver Rider","2: MI","No Control","","",1354675.08,1691851.79,"13546751691852"
"2013-6365-27/05/2021","2 Metropolitan","HILLCREST","5086","CITY OF PORT ADELAIDE ENFIELD",2,1,0,0,1,2013,"May","Tuesday","06:20 am","060","T-Junction","Straight road","Level","Not Applicable","Sealed","Wet","Raining","Night","Right Angle","02","Driver Rider","2: MI","No Control","","",1332953.27,1677340.58,"13329531677341"
"2013-6366-27/05/2021","1 City","NORTH ADELAIDE","5006","CITY OF ADELAIDE",2,0,0,0,0,2013,"May","Tuesday","10:50 am","060","Cross Road","Straight road","Level","Not Applicable","Sealed","Wet","Raining","Daylight","Rear End","02","Driver Rider","1: PDO","Traffic Signals","","",1327895.97,1671596.9,"13278961671597"
"2013-6367-27/05/2021","3 Country","MONASH","5342","THE BERRI BARMERA COUNCIL",2,0,0,0,0,2013,"May","Tuesday","10:45 am","110","Not Divided","Straight road","Slope","Not Applicable","Sealed","Dry","Not Raining","Daylight","Rear End","01","Driver Rider","1: PDO","No Control","","",1516943.19,1738116.39,"15169431738116"
"2013-6368-27/05/2021","2 Metropolitan","FULLARTON","5063","CITY OF UNLEY",2,0,0,0,0,2013,"May","Tuesday","08:30 am","060","Not Divided","Straight road","Level","Not Applicable","Sealed","Wet","Raining","Daylight","Rear End","01","Driver Rider","1: PDO","No Control","","",1331394.24,1667796.7,"13313941667797"
"2013-6369-27/05/2021","2 Metropolitan","LEAWOOD GARDENS","5150","CITY OF BURNSIDE",2,1,0,1,0,2013,"May","Monday","08:30 am","100","Freeway","Straight road","Level","Not Applicable","Sealed","Wet","Not Raining","Daylight","Rear End","01","Driver Rider","3: SI","No Control","","",1335064.67,1665603.12,"13350651665603"
"2013-6370-27/05/2021","2 Metropolitan","URRBRAE","5064","CC MITCHAM.                   ",2,1,0,0,1,2013,"May","Tuesday","08:35 am","080","Freeway","Straight road","Slope","Not Applicable","Sealed","Wet","Raining","Daylight","Rear End","01","Driver Rider","2: MI","No Control","","",1332869.01,1665782.91,"13328691665783"
"2013-6371-27/05/2021","2 Metropolitan","KESWICK TERMINAL","5035","CITY OF WEST TORRENS",2,0,0,0,0,2013,"May","Tuesday","11:10 am","060","Cross Road","CURVED, VIEW OBSCURED","Level","Not Applicable","Sealed","Dry","Not Raining","Daylight","Rear End","02","Driver Rider","1: PDO","Traffic Signals","","",1326175.83,1670102.31,"13261761670102"
"2013-6372-27/05/2021","2 Metropolitan","SOMERTON PARK","5044","CITY OF HOLDFAST BAY",2,0,0,0,0,2013,"May","Monday","12:15 pm","060","Cross Road","Straight road","Level","Not Applicable","Sealed","Wet","Not Raining","Daylight","Hit Fixed Object","01","Driver Rider","1: PDO","Stop Sign","","",1321067.89,1663310.45,"13210681663310"