"REPORT_ID","Stats Area","Suburb","Postcode","LGA Name","Total Units","Total Cas","Total Fats","Total SI","Total MI","Year","Month","Day","Time","Area Speed","Position Type","Horizontal Align","Vertical Align","Other Feat","Road Surface","Moisture Cond","Weather Cond","DayNight","Crash Type","Unit Resp","Entity Code","CSEF Severity","Traffic Ctrls","DUI Involved","Drugs Involved","ACCLOC_X","ACCLOC_Y","UNIQUE_LOC"
"2013-6620-27/05/2021","2 Metropolitan","TAPEROO","5017","CITY OF PORT ADELAIDE ENFIELD",3,0,0,0,0,2013,"May","Saturday","09:15 am","060","T-Junction","Straight road","Level","Not Applicable","Sealed","Dry","Not Raining","Daylight","Hit Fixed Object","01","Driver Rider","1: PDO","Give Way Sign","","",1318980.52,1683558.13,"13189811683558"
"2013-6621-27/05/2021","2 Metropolitan","CLARENCE GARDENS","5039","CC MITCHAM.                   ",2,0,0,0,0,2013,"May","Saturday","01:15 pm","060","T-Junction","Straight road","Level","Not Applicable","Sealed","Dry","Not Raining","Daylight","Right Angle","02","Driver Rider","1: PDO","Stop Sign","","",1325903.37,1665291.56,"13259031665292"
"2013-6622-27/05/2021","3 Country","BAROSSA GOLDFIELDS","5351","THE BAROSSA COUNCIL.",2,1,0,0,1,2013,"May","Saturday","01:00 am","060","Not Divided","CURVED, VIEW OPEN","Slope","Not Applicable","Unsealed","Dry","Not Raining","Night","Hit Fixed Object","01","Driver Rider","2: MI","No Control","","",1350490.09,1700081.9,"13504901700082"
"2013-6623-27/05/2021","2 Metropolitan","NORWOOD","5067","CC OF NORWOOD,PAYNEHAM & ST PETERS",2,0,0,0,0,2013,"May","Saturday","04:00 pm","060","Multiple","CURVED, VIEW OPEN","Level","Not Applicable","Sealed","Dry","Not Raining","Daylight","Right Angle","01","Driver Rider","1: PDO","Roundabout","","",1330623.32,1670361.88,"13306231670362"
"2013-6624-27/05/2021","2 Metropolitan","BLACKWOOD","5051","CC MITCHAM.                   ",2,1,0,0,1,2013,"May","Thursday","08:00 pm","050","Not Divided","CURVED, VIEW OBSCURED","Slope","Not Applicable","Sealed","Dry","Not Raining","Night","Hit Fixed Object","09","Other","2: MI","No Control","","",1329861.66,1659952.84,"13298621659953"
"2013-6625-27/05/2021","2 Metropolitan","BLACKWOOD","5051","CC MITCHAM.                   ",2,0,0,0,0,2013,"May","Friday","02:30 pm","050","Cross Road","Straight road","Level","Not Applicable","Sealed","Dry","Not Raining","Daylight","Right Angle","02","Driver Rider","1: PDO","Stop Sign","","",1329485.91,1660040.61,"13294861660041"
"2013-6626-27/05/2021","2 Metropolitan","CUMBERLAND PARK","5041","CC MITCHAM.                   ",3,1,0,0,1,2013,"May","Friday","08:00 pm","060","T-Junction","Straight road","Level","Not Applicable","Sealed","Dry","Not Raining","Night","Rear End","01","Driver Rider","2: MI","No Control","","",1327538.47,1665136.55,"13275381665137"
"2013-6627-27/05/2021","3 Country","QUORN","5433","THE FLINDERS RANGES COUNCIL.",2,0,0,0,0,2013,"May","Wednesday","01:15 pm","050","Not Divided","Straight road","Level","Not Applicable","Sealed","Dry","Not Raining","Daylight","Hit Parked Vehicle","01","Driver Rider","1: PDO","No Control","","",1285626.23,1957767.83,"12856261957768"
"2013-6628-27/05/2021","2 Metropolitan","KESWICK","5035","CITY OF WEST TORRENS",2,0,0,0,0,2013,"May","Saturday","02:15 pm","060","T-Junction","Straight road","Level","Not Applicable","Sealed","Dry","Not Raining","Daylight","Rear End","02","Driver Rider","1: PDO","Give Way Sign","","",1326655.96,1668971.85,"13266561668972"
"2013-6629-27/05/2021","2 Metropolitan","CLOVELLY PARK","5042","CC MARION.                    ",3,0,0,0,0,2013,"May","Saturday","12:15 pm","060","Divided Road","Straight road","Level","Not Applicable","Sealed","Dry","Not Raining","Daylight","Rear End","01","Driver Rider","1: PDO","No Control","","",1325232.41,1660694.08,"13252321660694"
"2013-6630-27/05/2021","2 Metropolitan","PASADENA","5042","CC MITCHAM.                   ",2,0,0,0,0,2013,"May","Saturday","04:05 pm","060","T-Junction","Straight road","Level","Not Applicable","Sealed","Dry","Not Raining","Daylight","Right Angle","01","Driver Rider","1: PDO","No Control","","",1327304.21,1662221.6,"13273041662222"
"2013-6631-27/05/2021","3 Country","SOLOMONTOWN","5540","PT.PIRIE CITY & DIST. COUNCIL ",2,1,0,0,1,2013,"May","Saturday","06:40 pm","025","Not Divided","CURVED, VIEW OPEN","Level","Road hump or Slow point","Sealed","Dry","Not Raining","Daylight","Rear End","02","Driver Rider","2: MI","No Control","","",1281072.29,1865114.02,"12810721865114"
"2013-6632-27/05/2021","3 Country","SUNLANDS","5322","LOXTON WAIKERIE DISTRICT COUNCIL",1,0,0,0,0,2013,"May","Saturday","05:00 pm","080","T-Junction","Straight road","Level","Not Applicable","Sealed","Dry","Not Raining","Daylight","Roll Over","01","Driver Rider","1: PDO","No Control","","",1450105.4,1754410.32,"14501051754410"
"2013-6633-27/05/2021","2 Metropolitan","PARALOWIE","5108","CITY OF SALISBURY",2,1,0,0,1,2013,"May","Saturday","05:40 pm","060","T-Junction","Straight road","Level","Not Applicable","Sealed","Dry","Not Raining","Daylight","Right Angle","02","Driver Rider","2: MI","No Control","","",1331764.22,1689548.61,"13317641689549"
"2013-6634-27/05/2021","3 Country","CYGNET RIVER","5223","KANGAROO ISLAND COUNCIL",2,0,0,0,0,2013,"May","Friday","04:20 pm","110","T-Junction","Straight road","Level","Not Applicable","Sealed","Dry","Not Raining","Daylight","Right Angle","02","Driver Rider","1: PDO","Give Way Sign","","",1227343.62,1586787.46,"12273441586787"
"2013-6635-27/05/2021","2 Metropolitan","MUNNO PARA","5115","CITY OF PLAYFORD.",4,0,0,0,0,2013,"May","Saturday","06:38 pm","060","Cross Road","Straight road","Level","Not Applicable","Sealed","Dry","Not Raining","Night","Right Angle","01","Driver Rider","1: PDO","Traffic Signals","","",1338231.02,1697708.49,"13382311697708"
"2013-6636-27/05/2021","2 Metropolitan","GLYNDE","5070","CC OF NORWOOD,PAYNEHAM & ST PETERS",2,1,0,0,1,2013,"May","Saturday","07:15 pm","060","Cross Road","Straight road","Level","Not Applicable","Sealed","Dry","Not Raining","Night","Right Turn","01","Driver Rider","2: MI","Traffic Signals","","",1333785.54,1674516.59,"13337861674517"
"2013-6637-27/05/2021","3 Country","MOUNT GAMBIER","5290","CC MT.GAMBIER.                ",2,0,0,0,0,2013,"May","Saturday","08:15 pm","050","Cross Road","Straight road","Level","Not Applicable","Sealed","Dry","Not Raining","Night","Right Angle","01","Driver Rider","1: PDO","Traffic Signals","Y","",1510634.56,1339951.5,"15106351339952"
"2013-6638-27/05/2021","3 Country","GAWLER RANGES","5655",,1,0,0,0,0,2013,"May","Saturday","11:00 am","100","Not Divided","Straight road","Level","Not Applicable","Unsealed","Dry","Not Raining","Daylight","Roll Over","01","Driver Rider","1: PDO","No Control","","",1024041.92,1931250.83,"10240421931251"
"2013-6639-27/05/2021","1 City","ADELAIDE","5000","CITY OF ADELAIDE",2,0,0,0,0,2013,"May","Saturday","09:35 pm","050","Cross Road","Straight road","Level","Not Applicable","Sealed","Dry","Not Raining","Night","Rear End","02","Driver Rider","1: PDO","Traffic Signals","","",1328287.33,1670820.12,"13282871670820"
"2013-6640-27/05/2021","2 Metropolitan","BRAHMA LODGE","5109","CITY OF SALISBURY",2,0,0,0,0,2013,"May","Saturday","01:50 am","050","Not Divided","Straight road","Level","Not Applicable","Sealed","Dry","Not Raining","Night","Hit Fixed Object","01","Driver Rider","1: PDO","No Control","Y","",1333763.34,1687327.31,"13337631687327"
"2013-6641-27/05/2021","3 Country","MOUNT GAMBIER","5290","CC MT.GAMBIER.                ",3,1,0,0,1,2013,"May","Saturday","02:25 pm","050","Not Divided","Straight road","Level","Not Applicable","Sealed","Dry","Not Raining","Daylight","Right Angle","01","Driver Rider","2: MI","No Control","","",1509976.73,1339827.31,"15099771339827"
"2013-6642-27/05/2021","3 Country","BERRI","5343","THE BERRI BARMERA COUNCIL",2,0,0,0,0,2013,"April","Thursday","11:20 am","050","Cross Road","Straight road","Level","Not Applicable","Sealed","Dry","Not Raining","Daylight","Right Turn","02","Driver Rider","1: PDO","Give Way Sign","","",1514526.44,1733792.39,"15145261733792"
"2013-6643-27/05/2021","2 Metropolitan","BEVERLEY","5025","CITY OF CHARLES STURT",2,1,0,0,1,2013,"May","Saturday","06:45 am","060","Divided Road","Straight road","Level","Driveway or Entrance","Sealed","Dry","Not Raining","Daylight","Side Swipe","02","Driver Rider","2: MI","No Control","","",1324186.46,1673173.48,"13241861673173"
"2013-6644-27/05/2021","2 Metropolitan","MITCHELL PARK","5043","CC MARION.                    ",2,1,0,0,1,2013,"May","Sunday","09:50 am","060","Divided Road","Straight road","Level","Not Applicable","Sealed","Dry","Not Raining","Daylight","Rear End","01","Driver Rider","2: MI","No Control","","",1324337.56,1662894.84,"13243381662895"
"2013-6645-27/05/2021","2 Metropolitan","GLENELG NORTH","5045","CITY OF HOLDFAST BAY",2,0,0,0,0,2013,"May","Sunday","12:00 pm","050","Not Divided","Straight road","Level","Driveway or Entrance","Sealed","Dry","Not Raining","Daylight","Right Turn","02","Driver Rider","1: PDO","No Control","","",1320475.97,1665380.67,"13204761665381"
"2013-6646-27/05/2021","2 Metropolitan","SEAVIEW DOWNS","5049","CC MARION.                    ",2,0,0,0,0,2013,"May","Sunday","01:00 pm","060","T-Junction","Straight road","Level","Not Applicable","Sealed","Dry","Not Raining","Daylight","Right Angle","02","Driver Rider","1: PDO","No Control","","",1322266.5,1659361.69,"13222671659362"
"2013-6647-27/05/2021","2 Metropolitan","SMITHFIELD","5114","CITY OF PLAYFORD.",2,0,0,0,0,2013,"May","Sunday","02:00 pm","050","T-Junction","Straight road","Level","Not Applicable","Sealed","Dry","Not Raining","Daylight","Right Angle","01","Driver Rider","1: PDO","No Control","","",1337526.67,1697026.77,"13375271697027"
"2013-6648-27/05/2021","3 Country","LOCK","5633","DC ELLISTON.                  ",2,0,0,0,0,2013,"May","Sunday","02:30 pm","100","Not Divided","Straight road","Unknown","Unknown","Unsealed","Dry","Not Raining","Daylight","Hit Fixed Object","01","Driver Rider","1: PDO","No Control","","",1076952.9,1833035.51,"10769531833036"
"2013-6649-27/05/2021","2 Metropolitan","WEST LAKES","5021","CITY OF CHARLES STURT",2,0,0,0,0,2013,"May","Sunday","02:30 pm","060","T-Junction","Straight road","Level","Not Applicable","Sealed","Dry","Not Raining","Daylight","Right Angle","02","Driver Rider","1: PDO","Give Way Sign","","",1318842.91,1674473.86,"13188431674474"
"2013-6650-27/05/2021","2 Metropolitan","REYNELLA","5161","CITY OF ONKAPARINGA",3,0,0,0,0,2013,"May","Friday","03:35 pm","060","Divided Road","Straight road","Level","Not Applicable","Sealed","Dry","Not Raining","Daylight","Rear End","01","Driver Rider","1: PDO","No Control","","",1321518.09,1651377.28,"13215181651377"
"2013-6651-27/05/2021","2 Metropolitan","MORPHETT VALE","5162","CITY OF ONKAPARINGA",2,1,0,0,1,2013,"May","Friday","07:00 pm","060","Cross Road","Straight road","Level","Not Applicable","Sealed","Dry","Not Raining","Night","Right Turn","02","Driver Rider","2: MI","Traffic Signals","","",1320791.25,1649412.04,"13207911649412"
"2013-6652-27/05/2021","2 Metropolitan","WOODCROFT","5162","CITY OF ONKAPARINGA",1,1,0,0,1,2013,"May","Sunday","03:40 pm","060","Not Divided","Straight road","Level","Not Applicable","Sealed","Dry","Not Raining","Daylight","Roll Over","01","Driver Rider","2: MI","No Control","","",1324453.99,1651122.7,"13244541651123"
"2013-6653-27/05/2021","2 Metropolitan","WALKERVILLE","5081","WALKERVILLE TOWN COUNCIL",3,0,0,0,0,2013,"May","Sunday","04:50 pm","060","Cross Road","Straight road","Level","Not Applicable","Sealed","Dry","Not Raining","Daylight","Right Angle","01","Driver Rider","1: PDO","Traffic Signals","","",1329488.84,1674243.03,"13294891674243"
"2013-6654-27/05/2021","2 Metropolitan","KESWICK","5035","CITY OF WEST TORRENS",2,1,0,1,0,2013,"May","Saturday","06:20 pm","060","Cross Road","Straight road","Level","Not Applicable","Sealed","Dry","Not Raining","Night","Right Turn","02","Driver Rider","3: SI","Traffic Signals","","",1325798.69,1668947.66,"13257991668948"
"2013-6655-27/05/2021","3 Country","KONGORONG","5291","DISTRICT COUNCIL OF GRANT",1,0,0,0,0,2013,"May","Saturday","04:30 pm","100","Not Divided","Straight road","Level","Not Applicable","Sealed","Wet","Raining","Daylight","Roll Over","01","Driver Rider","1: PDO","No Control","","",1492289.97,1325458.49,"14922901325458"
"2013-6656-27/05/2021","2 Metropolitan","NORTH BRIGHTON","5048","CITY OF HOLDFAST BAY",2,1,0,0,1,2013,"May","Saturday","05:15 pm","060","Not Divided","CURVED, VIEW OPEN","Level","Not Applicable","Sealed","Dry","Not Raining","Daylight","Hit Fixed Object","01","Driver Rider","2: MI","No Control","","",1320695.57,1662235.64,"13206961662236"
"2013-6657-27/05/2021","2 Metropolitan","GLENELG EAST","5045","CITY OF HOLDFAST BAY",3,0,0,0,0,2013,"May","Sunday","06:05 pm","060","Divided Road","Straight road","Level","Not Applicable","Sealed","Dry","Not Raining","Night","Rear End","01","Driver Rider","1: PDO","No Control","","",1321013.52,1665182.11,"13210141665182"
"2013-6658-27/05/2021","2 Metropolitan","MEDINDIE","5081","WALKERVILLE TOWN COUNCIL",2,0,0,0,0,2013,"May","Friday","04:10 pm","060","Divided Road","Straight road","Level","Not Applicable","Sealed","Dry","Not Raining","Daylight","Rear End","02","Driver Rider","1: PDO","No Control","","",1328431.62,1673775.74,"13284321673776"
"2013-6659-27/05/2021","2 Metropolitan","GLENELG NORTH","5045","CITY OF HOLDFAST BAY",2,0,0,0,0,2013,"May","Saturday","11:20 pm","050","T-Junction","Straight road","Level","Not Applicable","Sealed","Wet","Not Raining","Night","Hit Fixed Object","01","Driver Rider","1: PDO","No Control","","",1320052.19,1666664.38,"13200521666664"
"2013-6660-27/05/2021","2 Metropolitan","BELAIR","5052","CC MITCHAM.                   ",3,1,0,0,1,2013,"May","Sunday","07:45 pm","060","Not Divided","CURVED, VIEW OPEN","Slope","Not Applicable","Sealed","Dry","Not Raining","Night","Roll Over","01","Driver Rider","2: MI","No Control","","",1330872.56,1662926.66,"13308731662927"
"2013-6661-27/05/2021","2 Metropolitan","GREENWITH","5125","CITY OF TEA TREE GULLY",2,0,0,0,0,2013,"May","Saturday","10:20 pm","060","Not Divided","Straight road","Slope","Unknown","Sealed","Dry","Not Raining","Night","Hit Fixed Object","01","Driver Rider","1: PDO","No Control","Y","",1339148.93,1687312.4,"13391491687312"
"2013-6662-27/05/2021","3 Country","MAMBRAY CREEK","5495","CC PT.AUGUSTA.                ",1,0,0,0,0,2013,"May","Sunday","08:00 pm","110","Not Divided","Straight road","Level","Not Applicable","Sealed","Dry","Not Raining","Night","Roll Over","01","Driver Rider","1: PDO","No Control","","",1276905.73,1907083.02,"12769061907083"
"2013-6663-27/05/2021","2 Metropolitan","ROYAL PARK","5014","CITY OF CHARLES STURT",3,2,0,0,2,2013,"May","Sunday","06:45 pm","050","Cross Road","Straight road","Level","Not Applicable","Sealed","Dry","Not Raining","Night","Right Angle","01","Driver Rider","2: MI","Give Way Sign","","",1320455.35,1676676.56,"13204551676677"
"2013-6664-27/05/2021","2 Metropolitan","LEAWOOD GARDENS","5150","CITY OF BURNSIDE",2,0,0,0,0,2013,"May","Monday","12:40 am","100","Freeway","Straight road","Slope","Not Applicable","Sealed","Dry","Not Raining","Night","Hit Fixed Object","01","Driver Rider","1: PDO","No Control","","",1335210.53,1665415.49,"13352111665415"
"2013-6665-27/05/2021","1 City","NORTH ADELAIDE","5006","CITY OF ADELAIDE",2,1,0,0,1,2013,"May","Sunday","11:51 pm","050","Cross Road","CURVED, VIEW OPEN","Crest of Hill","Not Applicable","Sealed","Dry","Not Raining","Night","Hit Fixed Object","01","Driver Rider","2: MI","Traffic Signals","","Y",1328295.01,1672486.86,"13282951672487"
"2013-6666-27/05/2021","2 Metropolitan","RIDLEYTON","5008","CITY OF CHARLES STURT",3,1,0,0,1,2013,"May","Sunday","02:00 pm","060","Cross Road","Straight road","Level","Not Applicable","Sealed","Dry","Not Raining","Daylight","Right Turn","02","Driver Rider","2: MI","Traffic Signals","","",1325910.89,1674899.36,"13259111674899"
"2013-6667-27/05/2021","3 Country","PORT LINCOLN","5606","CC PT.LINCOLN.                ",2,0,0,0,0,2013,"May","Sunday","10:30 am","040","Not Divided","Straight road","Level","Not Applicable","Sealed","Dry","Not Raining","Daylight","Rear End","01","Driver Rider","1: PDO","No Control","","",1078614.22,1698564.12,"10786141698564"
"2013-6668-27/05/2021","1 City","NORTH ADELAIDE","5006","CITY OF ADELAIDE",2,0,0,0,0,2013,"May","Monday","08:45 am","050","Cross Road","Straight road","Level","Not Applicable","Sealed","Dry","Not Raining","Daylight","Right Turn","02","Driver Rider","1: PDO","Traffic Signals","","",1328660.53,1672322.4,"13286611672322"
"2013-6669-27/05/2021","2 Metropolitan","BIRDWOOD","5234","THE ADELAIDE HILLS COUNCIL",2,0,0,0,0,2013,"May","Friday","11:30 pm","060","Not Divided","Straight road","Level","Not Applicable","Sealed","Dry","Not Raining","Night","Hit Animal","02","Animal","1: PDO","No Control","","",1359761.59,1680135.3,"13597621680135"
"2013-6670-27/05/2021","2 Metropolitan","FERRYDEN PARK","5010","CITY OF PORT ADELAIDE ENFIELD",2,1,0,0,1,2013,"May","Monday","08:00 am","060","Divided Road","Straight road","Level","Driveway or Entrance","Sealed","Dry","Not Raining","Daylight","Right Angle","01","Driver Rider","2: MI","No Control","","",1325430.75,1676350.46,"13254311676350"
"2013-6671-27/05/2021","2 Metropolitan","MUNNO PARA","5115","CITY OF PLAYFORD.",2,0,0,0,0,2013,"May","Sunday","01:51 pm","060","Cross Road","Straight road","Level","Not Applicable","Sealed","Dry","Not Raining","Daylight","Side Swipe","02","Driver Rider","1: PDO","Traffic Signals","","",1338231.02,1697708.49,"13382311697708"
"2013-6672-27/05/2021","2 Metropolitan","GLENSIDE","5065","CITY OF BURNSIDE",2,0,0,0,0,2013,"May","Monday","08:20 am","060","T-Junction","Straight road","Level","Not Applicable","Sealed","Dry","Not Raining","Daylight","Right Angle","02","Driver Rider","1: PDO","No Control","","",1331831.75,1669034.09,"13318321669034"
"2013-6673-27/05/2021","2 Metropolitan","BIRDWOOD","5234","THE ADELAIDE HILLS COUNCIL",1,1,0,0,1,2013,"May","Sunday","01:55 pm","100","Not Divided","CURVED, VIEW OPEN","Level","Not Applicable","Sealed","Dry","Not Raining","Daylight","Roll Over","01","Driver Rider","2: MI","No Control","","",1365257.97,1683075.02,"13652581683075"
"2013-6674-27/05/2021","2 Metropolitan","SEAFORD","5169","CITY OF ONKAPARINGA",2,1,0,0,1,2013,"May","Monday","11:00 am","070","Cross Road","Straight road","Level","Not Applicable","Sealed","Dry","Not Raining","Daylight","Right Angle","01","Driver Rider","2: MI","Traffic Signals","","",1316362.9,1642084.21,"13163631642084"
"2013-6675-27/05/2021","3 Country","WHYALLA PLAYFORD","5600","CC WHYALLA.                   ",2,1,0,0,1,2013,"May","Monday","01:00 pm","060","Not Divided","Straight road","Slope","Median Opening (not at I/S)","Sealed","Dry","Not Raining","Daylight","Side Swipe","02","Driver Rider","2: MI","No Control","","",1238205.6,1884572.97,"12382061884573"
"2013-6676-27/05/2021","2 Metropolitan","WALKLEY HEIGHTS","5098","CITY OF SALISBURY",5,1,0,1,0,2013,"May","Monday","10:50 am","050","T-Junction","CURVED, VIEW OBSCURED","Level","Not Applicable","Sealed","Dry","Not Raining","Daylight","Hit Fixed Object","01","Driver Rider","3: SI","Roundabout","","",1332017.64,1680167.78,"13320181680168"
"2013-6677-27/05/2021","3 Country","INKERMAN","5550","WAKEFIELD REGIONAL COUNCIL",1,1,0,0,1,2013,"May","Sunday","08:48 pm","110","Divided Road","CURVED, VIEW OPEN","Level","Not Applicable","Sealed","Dry","Not Raining","Night","Roll Over","01","Driver Rider","2: MI","No Control","","",1296504.02,1745133.95,"12965041745134"
"2013-6678-27/05/2021","2 Metropolitan","CLELAND","5152","THE ADELAIDE HILLS COUNCIL",2,0,0,0,0,2013,"May","Monday","02:30 pm","080","Not Divided","CURVED, VIEW OBSCURED","Slope","Not Applicable","Sealed","Dry","Not Raining","Daylight","Head On","01","Driver Rider","1: PDO","No Control","","",1338776.36,1666121.04,"13387761666121"
"2013-6679-27/05/2021","3 Country","MOUNT MARY","5374","MID MURRAY DISTRICT COUNCIL",1,1,0,1,0,2013,"May","Monday","11:50 am","050","Cross Road","Straight road","Level","Not Applicable","Unsealed","Dry","Not Raining","Daylight","Other","01","Driver Rider","3: SI","No Control","","",1408746.3,1758573.78,"14087461758574"
"2013-6680-27/05/2021","2 Metropolitan","O'HALLORAN HILL","5158","CITY OF ONKAPARINGA",2,0,0,0,0,2013,"May","Monday","02:00 pm","080","T-Junction","Straight road","Level","Not Applicable","Sealed","Dry","Not Raining","Daylight","Rear End","01","Driver Rider","1: PDO","Traffic Signals","","",1324309.46,1655855.42,"13243091655855"
"2013-6681-27/05/2021","3 Country","MOUNT GAMBIER","5290","CC MT.GAMBIER.                ",2,0,0,0,0,2013,"May","Monday","04:20 pm","060","Divided Road","Straight road","Level","Not Applicable","Sealed","Dry","Not Raining","Daylight","Side Swipe","02","Driver Rider","1: PDO","No Control","","",1510945.63,1340135.69,"15109461340136"
"2013-6682-27/05/2021","2 Metropolitan","KANGAROO FLAT","5118","LIGHT REGIONAL COUNCIL",2,0,0,0,0,2013,"May","Monday","03:32 pm","080","Not Divided","Straight road","Level","Not Applicable","Unsealed","Dry","Not Raining","Daylight","Hit Fixed Object","01","Driver Rider","1: PDO","No Control","","",1337432.26,1710690.39,"13374321710690"
"2013-6683-27/05/2021","2 Metropolitan","CLARENCE GARDENS","5039","CC MITCHAM.                   ",3,1,0,0,1,2013,"May","Monday","03:30 pm","060","Divided Road","Straight road","Level","Not Applicable","Sealed","Dry","Not Raining","Daylight","Rear End","02","Driver Rider","2: MI","No Control","","",1325905.63,1665354.19,"13259061665354"
"2013-6684-27/05/2021","2 Metropolitan","CUMBERLAND PARK","5041","CC MITCHAM.                   ",2,0,0,0,0,2013,"May","Monday","03:50 pm","060","Cross Road","Straight road","Level","Not Applicable","Sealed","Dry","Not Raining","Daylight","Rear End","02","Driver Rider","1: PDO","Traffic Signals","","",1326683.82,1666179.98,"13266841666180"
"2013-6685-27/05/2021","2 Metropolitan","MILE END","5031","CITY OF WEST TORRENS",2,0,0,0,0,2013,"May","Monday","04:15 pm","060","T-Junction","Straight road","Level","Not Applicable","Sealed","Dry","Not Raining","Daylight","Right Angle","02","Driver Rider","1: PDO","No Control","","",1326595.57,1671304.88,"13265961671305"
"2013-6686-27/05/2021","2 Metropolitan","MUNNO PARA","5115","CITY OF PLAYFORD.",4,1,0,0,1,2013,"May","Monday","05:45 pm","080","Cross Road","Straight road","Level","Not Applicable","Sealed","Dry","Not Raining","Night","Rear End","01","Driver Rider","2: MI","Traffic Signals","","",1338214.26,1697718.61,"13382141697719"
"2013-6687-27/05/2021","2 Metropolitan","ROSTREVOR","5073","CC CAMPBELLTOWN.              ",2,0,0,0,0,2013,"May","Monday","05:10 pm","060","Divided Road","Straight road","Level","Driveway or Entrance","Sealed","Dry","Not Raining","Daylight","Right Turn","01","Driver Rider","1: PDO","No Control","","",1335414.69,1674409.37,"13354151674409"
"2013-6688-27/05/2021","2 Metropolitan","GREENACRES","5086","CITY OF PORT ADELAIDE ENFIELD",2,1,0,0,1,2013,"May","Monday","04:50 pm","050","Cross Road","Straight road","Level","Not Applicable","Sealed","Dry","Not Raining","Daylight","Right Turn","02","Driver Rider","2: MI","Give Way Sign","","",1331370.67,1676703.09,"13313711676703"
"2013-6689-27/05/2021","2 Metropolitan","PARADISE","5075","CC CAMPBELLTOWN.              ",2,1,0,0,1,2013,"May","Monday","05:15 pm","060","Divided Road","Straight road","Level","Driveway or Entrance","Sealed","Dry","Not Raining","Daylight","Right Angle","01","Driver Rider","2: MI","No Control","","",1334629.65,1676757.47,"13346301676757"
"2013-6690-27/05/2021","2 Metropolitan","OAKLANDS PARK","5046","CC MARION.                    ",6,5,1,0,4,2013,"May","Monday","02:01 pm","050","Other","Unknown","Level","Not Applicable","Sealed","Dry","Not Raining","Daylight","Hit Pedestrian","01","Driver Rider","4: Fatal","No Control","","",1322897.84,1660770.39,"13228981660770"
"2013-6691-27/05/2021","3 Country","SUNNYBRAE","5422","DC OF PETERBOROUGH",2,3,0,2,1,2013,"May","Monday","05:45 pm","100","Not Divided","CURVED, VIEW OPEN","Level","Not Applicable","Unsealed","Dry","Not Raining","Night","Hit Fixed Object","01","Driver Rider","3: SI","No Control","","",1347956.67,1887312.57,"13479571887313"
"2013-6692-27/05/2021","2 Metropolitan","BROADVIEW","5083","CITY OF PORT ADELAIDE ENFIELD",2,0,0,0,0,2013,"May","Monday","06:45 pm","050","Not Divided","Straight road","Level","Road hump or Slow point","Sealed","Dry","Not Raining","Night","Hit Fixed Object","01","Driver Rider","1: PDO","No Control","","",1330020.91,1676905.3,"13300211676905"
"2013-6693-27/05/2021","2 Metropolitan","SEMAPHORE","5019","CITY OF PORT ADELAIDE ENFIELD",3,0,0,0,0,2013,"May","Monday","08:20 pm","050","Not Divided","Straight road","Level","Not Applicable","Sealed","Dry","Not Raining","Night","Hit Parked Vehicle","02","Driver Rider","1: PDO","No Control","Y","",1318123.95,1680968.55,"13181241680969"
"2013-6694-27/05/2021","2 Metropolitan","NEW PORT","5015","CITY OF PORT ADELAIDE ENFIELD",2,1,0,0,1,2013,"May","Tuesday","06:45 am","060","T-Junction","Straight road","Level","Not Applicable","Sealed","Dry","Not Raining","Daylight","Right Turn","02","Driver Rider","2: MI","Traffic Signals","","",1319183.3,1679164.13,"13191831679164"
"2013-6695-27/05/2021","3 Country","NANTAWARRA","5550","WAKEFIELD REGIONAL COUNCIL",2,1,0,1,0,2013,"May","Tuesday","08:00 am","110","Not Divided","CURVED, VIEW OBSCURED","Crest of Hill","Not Applicable","Sealed","Wet","Raining","Daylight","Hit Fixed Object","01","Driver Rider","3: SI","No Control","","",1294269.31,1777614.01,"12942691777614"
"2013-6696-27/05/2021","2 Metropolitan","ELIZABETH PARK","5113","CITY OF PLAYFORD.",2,0,0,0,0,2013,"May","Tuesday","01:00 pm","060","T-Junction","Straight road","Level","Not Applicable","Sealed","Wet","Not Raining","Daylight","Right Angle","02","Driver Rider","1: PDO","No Control","","",1336940.75,1694274.18,"13369411694274"
"2013-6697-27/05/2021","1 City","NORTH ADELAIDE","5006","CITY OF ADELAIDE",2,0,0,0,0,2013,"May","Monday","09:45 am","050","T-Junction","Straight road","Level","Not Applicable","Sealed","Dry","Not Raining","Daylight","Right Turn","01","Driver Rider","1: PDO","Traffic Signals","","",1328616.56,1672152.86,"13286171672153"
"2013-6698-27/05/2021","3 Country","PORT LINCOLN","5606","CC PT.LINCOLN.                ",2,0,0,0,0,2013,"May","Tuesday","07:30 am","050","Cross Road","Straight road","Level","Road hump or Slow point","Sealed","Dry","Not Raining","Daylight","Right Angle","02","Driver Rider","1: PDO","Roundabout","","",1078425.94,1698452.72,"10784261698453"
"2013-6699-27/05/2021","2 Metropolitan","STEPNEY","5069","CC OF NORWOOD,PAYNEHAM & ST PETERS",2,1,0,0,1,2013,"May","Monday","01:14 pm","060","Cross Road","Straight road","Level","Not Applicable","Sealed","Dry","Not Raining","Daylight","Right Turn","02","Driver Rider","2: MI","Traffic Signals","","",1331106.72,1672391.45,"13311071672391"
"2013-6700-27/05/2021","2 Metropolitan","DAVOREN PARK","5113","CITY OF PLAYFORD.",2,1,0,0,1,2013,"April","Wednesday","08:30 pm","050","T-Junction","Straight road","Level","Not Applicable","Sealed","Dry","Not Raining","Night","Hit Pedestrian","01","Pedestrian","2: MI","No Control","","",1335600.7,1697425.98,"13356011697426"