"REPORT_ID","Stats Area","Suburb","Postcode","LGA Name","Total Units","Total Cas","Total Fats","Total SI","Total MI","Year","Month","Day","Time","Area Speed","Position Type","Horizontal Align","Vertical Align","Other Feat","Road Surface","Moisture Cond","Weather Cond","DayNight","Crash Type","Unit Resp","Entity Code","CSEF Severity","Traffic Ctrls","DUI Involved","Drugs Involved","ACCLOC_X","ACCLOC_Y","UNIQUE_LOC"
"2013-8753-27/05/2021","2 Metropolitan","WAYVILLE","5034","CITY OF UNLEY",4,0,0,0,0,2013,"July","Monday","01:19 pm","060","T-Junction","Straight road","Level","Not Applicable","Sealed","Dry","Not Raining","Daylight","Right Angle","02","Driver Rider","1: PDO","No Control","","",1327440.14,1668514.73,"13274401668515"
"2013-8754-27/05/2021","2 Metropolitan","PARA HILLS","5096","CITY OF SALISBURY",2,1,0,0,1,2013,"July","Monday","03:10 pm","060","T-Junction","Straight road","Level","Not Applicable","Sealed","Dry","Not Raining","Daylight","Right Angle","02","Driver Rider","2: MI","No Control","","",1332858.9,1682957.26,"13328591682957"
"2013-8755-27/05/2021","2 Metropolitan","PARAFIELD GARDENS","5107","CITY OF SALISBURY",2,0,0,0,0,2013,"July","Tuesday","07:15 am","060","T-Junction","Straight road","Level","Not Applicable","Sealed","Dry","Not Raining","Night","Right Angle","01","Driver Rider","1: PDO","No Control","","",1329989.45,1684967.16,"13299891684967"
"2013-8756-27/05/2021","3 Country","MOUNT GAMBIER","5290","CC MT.GAMBIER.                ",2,0,0,0,0,2013,"July","Tuesday","09:30 am","050","T-Junction","Straight road","Level","Not Applicable","Sealed","Wet","Not Raining","Daylight","Side Swipe","01","Driver Rider","1: PDO","No Control","","",1509180.04,1342317.61,"15091801342318"
"2013-8757-27/05/2021","3 Country","MOSQUITO HILL","5214","ALEXANDRINA COUNCIL",1,0,0,0,0,2013,"July","Monday","05:45 pm","100","Not Divided","Straight road","Level","Not Applicable","Unsealed","Dry","Not Raining","Night","Roll Over","01","Driver Rider","1: PDO","No Control","","",1338380.25,1616802.97,"13383801616803"
"2013-8758-27/05/2021","2 Metropolitan","HINDMARSH","5007","CITY OF CHARLES STURT",3,1,0,0,1,2013,"July","Monday","06:45 pm","060","Divided Road","Straight road","Level","Not Applicable","Sealed","Dry","Not Raining","Night","Rear End","01","Driver Rider","2: MI","No Control","","",1326519.34,1672675.03,"13265191672675"
"2013-8759-27/05/2021","2 Metropolitan","GLENELG NORTH","5045","CITY OF HOLDFAST BAY",2,0,0,0,0,2013,"July","Monday","08:30 pm","050","T-Junction","Straight road","Level","Not Applicable","Sealed","Dry","Not Raining","Night","Hit Fixed Object","01","Driver Rider","1: PDO","Traffic Signals","","",1320478.17,1665303.4,"13204781665303"
"2013-8760-27/05/2021","2 Metropolitan","FLINDERS PARK","5025","CITY OF CHARLES STURT",2,0,0,0,0,2013,"July","Monday","03:50 pm","060","T-Junction","Straight road","Level","Not Applicable","Sealed","Dry","Not Raining","Daylight","Side Swipe","01","Driver Rider","1: PDO","No Control","","",1324068.96,1672983.17,"13240691672983"
"2013-8761-27/05/2021","3 Country","TINTINARA","5266","COORONG DISTRICT COUNCIL",3,1,0,0,1,2013,"July","Tuesday","09:40 am","110","Not Divided","Straight road","Level","Not Applicable","Sealed","Dry","Not Raining","Daylight","Hit Fixed Object","01","Driver Rider","2: MI","No Control","","",1455282.68,1560263.84,"14552831560264"
"2013-8762-27/05/2021","2 Metropolitan","GOLDEN GROVE","5125","CITY OF TEA TREE GULLY",2,0,0,0,0,2013,"July","Monday","07:00 pm","060","T-Junction","CURVED, VIEW OPEN","Level","Not Applicable","Sealed","Dry","Not Raining","Night","Right Angle","01","Driver Rider","1: PDO","Roundabout","","",1340715.18,1687202.53,"13407151687203"
"2013-8763-27/05/2021","3 Country","WORLDS END","5381","REGIONAL COUNCIL OF GOYDER",1,2,0,0,2,2013,"July","Tuesday","09:30 am","110","Not Divided","Straight road","Level","Not Applicable","Sealed","Dry","Not Raining","Daylight","Roll Over","01","Driver Rider","2: MI","No Control","","",1384153.74,1796126.53,"13841541796127"
"2013-8764-27/05/2021","2 Metropolitan","BURNSIDE","5066","CITY OF BURNSIDE",2,0,0,0,0,2013,"July","Tuesday","11:10 am","060","T-Junction","CURVED, VIEW OBSCURED","Slope","Not Applicable","Sealed","Dry","Not Raining","Daylight","Right Angle","02","Driver Rider","1: PDO","Stop Sign","","",1334752.82,1669124.21,"13347531669124"
"2013-8765-27/05/2021","2 Metropolitan","BEVERLEY","5009","CITY OF CHARLES STURT",2,1,0,0,1,2013,"July","Tuesday","12:59 pm","060","Divided Road","Straight road","Level","Driveway or Entrance","Sealed","Dry","Not Raining","Daylight","Rear End","01","Driver Rider","2: MI","No Control","","",1324199.28,1673363.11,"13241991673363"
"2013-8766-27/05/2021","2 Metropolitan","ST PETERS","5069","CC OF NORWOOD,PAYNEHAM & ST PETERS",2,0,0,0,0,2013,"July","Monday","10:40 pm","060","Cross Road","Straight road","Level","Not Applicable","Sealed","Dry","Not Raining","Night","Right Angle","02","Driver Rider","1: PDO","Stop Sign","","",1330501.49,1673165.61,"13305011673166"
"2013-8767-27/05/2021","3 Country","MOUNT GAMBIER","5290","CC MT.GAMBIER.                ",2,0,0,0,0,2013,"July","Tuesday","03:30 pm","060","T-Junction","Straight road","Level","Not Applicable","Sealed","Dry","Not Raining","Daylight","Right Angle","02","Driver Rider","1: PDO","No Control","","",1507799.22,1340461.95,"15077991340462"
"2013-8768-27/05/2021","2 Metropolitan","SEATON","5023","CITY OF CHARLES STURT",2,0,0,0,0,2013,"July","Tuesday","03:00 pm","060","Divided Road","Straight road","Level","Not Applicable","Sealed","Dry","Not Raining","Daylight","Rear End","02","Driver Rider","1: PDO","No Control","","",1320702.46,1676080.15,"13207021676080"
"2013-8769-27/05/2021","2 Metropolitan","BROMPTON","5007","CITY OF CHARLES STURT",2,0,0,0,0,2013,"July","Tuesday","03:10 pm","060","T-Junction","Straight road","Level","Not Applicable","Sealed","Dry","Not Raining","Daylight","Hit Fixed Object","01","Driver Rider","1: PDO","No Control","","",1326600.43,1674354.6,"13266001674355"
"2013-8770-27/05/2021","2 Metropolitan","GAWLER WEST","5118","CT GAWLER.                    ",3,0,0,0,0,2013,"July","Tuesday","04:30 pm","050","Not Divided","Straight road","Slope","Driveway or Entrance","Sealed","Dry","Not Raining","Daylight","Hit Parked Vehicle","01","Driver Rider","1: PDO","No Control","","",1342236.9,1705609.54,"13422371705610"
"2013-8771-27/05/2021","2 Metropolitan","GLENGOWRIE","5044","CC MARION.                    ",3,0,0,0,0,2013,"July","Tuesday","08:15 am","050","T-Junction","Straight road","Level","Not Applicable","Sealed","Dry","Not Raining","Daylight","Hit Parked Vehicle","01","Driver Rider","1: PDO","No Control","","",1321835.93,1663793.02,"13218361663793"
"2013-8772-27/05/2021","2 Metropolitan","CAVAN","5094","CITY OF SALISBURY",3,0,0,0,0,2013,"July","Tuesday","05:50 pm","070","Cross Road","Straight road","Level","Not Applicable","Sealed","Dry","Not Raining","Night","Rear End","02","Driver Rider","1: PDO","Traffic Signals","","",1328738.31,1681559.52,"13287381681560"
"2013-8773-27/05/2021","2 Metropolitan","ELIZABETH","5112","CITY OF PLAYFORD.",2,1,0,0,1,2013,"July","Tuesday","03:45 pm","050","Cross Road","Straight road","Level","Not Applicable","Sealed","Dry","Not Raining","Daylight","Right Angle","02","Driver Rider","2: MI","Give Way Sign","","",1335585.45,1693769.27,"13355851693769"
"2013-8774-27/05/2021","2 Metropolitan","ENFIELD","5085","CITY OF PROSPECT",2,1,0,0,1,2013,"July","Tuesday","06:10 pm","060","Cross Road","Straight road","Level","Not Applicable","Sealed","Dry","Not Raining","Night","Right Turn","01","Driver Rider","2: MI","Traffic Signals","","",1328862.6,1676432.75,"13288631676433"
"2013-8775-27/05/2021","3 Country","BUTE","5560","BARUNGA WEST DISTRICT COUNCIL",2,1,0,1,0,2013,"July","Tuesday","03:40 pm","100","Cross Road","CURVED, VIEW OPEN","Level","Not Applicable","Sealed","Dry","Not Raining","Daylight","Head On","01","Driver Rider","3: SI","Give Way Sign","","",1276020.04,1791149.83,"12760201791150"
"2013-8776-27/05/2021","2 Metropolitan","KENSINGTON GARDENS","5068","CITY OF BURNSIDE",3,0,0,0,0,2013,"July","Tuesday","06:00 pm","050","Not Divided","Straight road","Level","Not Applicable","Sealed","Dry","Not Raining","Night","Hit Parked Vehicle","01","Driver Rider","1: PDO","No Control","","",1334508.37,1671047.93,"13345081671048"
"2013-8777-27/05/2021","2 Metropolitan","GAWLER BELT","5118","LIGHT REGIONAL COUNCIL",2,0,0,0,0,2013,"July","Tuesday","06:05 pm","110","T-Junction","CURVED, VIEW OPEN","Level","Not Applicable","Sealed","Dry","Not Raining","Night","Rear End","02","Driver Rider","1: PDO","Give Way Sign","","",1343193.19,1709546.95,"13431931709547"
"2013-8778-27/05/2021","2 Metropolitan","FULHAM GARDENS","5024","CITY OF CHARLES STURT",2,0,0,0,0,2013,"July","Tuesday","06:30 pm","050","Not Divided","Straight road","Level","Not Applicable","Sealed","Dry","Not Raining","Night","Hit Fixed Object","01","Driver Rider","1: PDO","No Control","","",1320777.98,1671619.09,"13207781671619"
"2013-8779-27/05/2021","2 Metropolitan","MORPHETT VALE","5162","CITY OF ONKAPARINGA",2,0,0,0,0,2013,"July","Tuesday","04:00 pm","050","Not Divided","Straight road","Slope","Not Applicable","Sealed","Dry","Not Raining","Daylight","Hit Parked Vehicle","01","Driver Rider","1: PDO","No Control","","",1321396.3,1649571.6,"13213961649572"
"2013-8780-27/05/2021","2 Metropolitan","CHRISTIE DOWNS","5164","CITY OF ONKAPARINGA",2,1,0,0,1,2013,"July","Tuesday","05:40 pm","060","T-Junction","Straight road","Level","Not Applicable","Sealed","Dry","Not Raining","Night","Rear End","02","Driver Rider","2: MI","No Control","","",1318084.96,1647453.05,"13180851647453"
"2013-8781-27/05/2021","2 Metropolitan","SALISBURY NORTH","5108","CITY OF SALISBURY",2,0,0,0,0,2013,"July","Tuesday","11:00 pm","050","Not Divided","Straight road","Level","Not Applicable","Sealed","Dry","Not Raining","Night","Hit Parked Vehicle","01","Driver Rider","1: PDO","No Control","","",1331562.77,1689868.09,"13315631689868"
"2013-8782-27/05/2021","1 City","NORTH ADELAIDE","5006","CITY OF ADELAIDE",3,1,0,0,1,2013,"July","Tuesday","01:50 pm","050","Cross Road","Straight road","Level","Not Applicable","Sealed","Dry","Not Raining","Daylight","Rear End","01","Driver Rider","2: MI","Traffic Signals","","",1328087.06,1673327.96,"13280871673328"
"2013-8783-27/05/2021","2 Metropolitan","SALISBURY","5108","CITY OF SALISBURY",3,0,0,0,0,2013,"July","Tuesday","01:15 pm","060","Divided Road","Straight road","Level","Driveway or Entrance","Sealed","Dry","Not Raining","Daylight","Hit Fixed Object","01","Driver Rider","1: PDO","No Control","","",1332706.49,1688414.62,"13327061688415"
"2013-8784-27/05/2021","2 Metropolitan","KILBURN","5084","CITY OF PORT ADELAIDE ENFIELD",2,1,0,1,0,2013,"July","Tuesday","02:45 pm","060","Pedestrian Crossing","Straight road","Level","Not Applicable","Sealed","Dry","Not Raining","Daylight","Hit Pedestrian","02","Pedestrian","3: SI","Traffic Signals","","",1327186.32,1678332.51,"13271861678333"
"2013-8785-27/05/2021","3 Country","PORT AUGUSTA","5700","CC PT.AUGUSTA.                ",2,0,0,0,0,2013,"July","Tuesday","04:00 pm","050","Cross Road","Straight road","Level","Not Applicable","Sealed","Dry","Not Raining","Daylight","Side Swipe","02","Driver Rider","1: PDO","Give Way Sign","","",1259161.83,1942274.99,"12591621942275"
"2013-8786-27/05/2021","3 Country","MILLICENT","5280","WATTLE RANGE COUNCIL",2,0,0,0,0,2013,"July","Wednesday","08:45 am","050","Not Divided","Straight road","Level","Not Applicable","Sealed","Dry","Not Raining","Daylight","Hit Parked Vehicle","01","Driver Rider","1: PDO","No Control","","",1474289.55,1367014.32,"14742901367014"
"2013-8787-27/05/2021","2 Metropolitan","PARAFIELD","5106","CITY OF SALISBURY",2,0,0,0,0,2013,"July","Wednesday","08:50 am","080","Cross Road","Straight road","Level","Not Applicable","Sealed","Dry","Not Raining","Daylight","Rear End","01","Driver Rider","1: PDO","Traffic Signals","","",1331812.14,1683486.03,"13318121683486"
"2013-8788-27/05/2021","2 Metropolitan","PORT ADELAIDE","5015","CITY OF PORT ADELAIDE ENFIELD",2,0,0,0,0,2013,"July","Tuesday","04:20 pm","060","Cross Road","Straight road","Level","Not Applicable","Sealed","Dry","Not Raining","Daylight","Rear End","02","Driver Rider","1: PDO","Traffic Signals","","",1320480.87,1679082.5,"13204811679083"
"2013-8789-27/05/2021","2 Metropolitan","EDWARDSTOWN","5039","CC MARION.                    ",3,1,0,0,1,2013,"July","Wednesday","08:58 am","060","Divided Road","Straight road","Level","Not Applicable","Sealed","Dry","Not Raining","Daylight","Rear End","01","Driver Rider","2: MI","No Control","","",1325120.23,1666135.36,"13251201666135"
"2013-8790-27/05/2021","2 Metropolitan","MORPHETT VALE","5162","CITY OF ONKAPARINGA",2,0,0,0,0,2013,"July","Wednesday","09:15 am","060","Cross Road","Straight road","Level","Not Applicable","Sealed","Dry","Not Raining","Daylight","Rear End","02","Driver Rider","1: PDO","Roundabout","","",1319644.46,1648656.78,"13196441648657"
"2013-8791-27/05/2021","2 Metropolitan","DAW PARK","5041","CC MITCHAM.                   ",2,0,0,0,0,2013,"July","Wednesday","08:30 am","060","Cross Road","Straight road","Level","Not Applicable","Sealed","Dry","Not Raining","Daylight","Right Turn","01","Driver Rider","1: PDO","Stop Sign","","",1327551.9,1664534.85,"13275521664535"
"2013-8792-27/05/2021","2 Metropolitan","KENSINGTON PARK","5068","CITY OF BURNSIDE",2,0,0,0,0,2013,"July","Monday","01:38 pm","050","T-Junction","Straight road","Level","Not Applicable","Sealed","Dry","Not Raining","Daylight","Rear End","02","Driver Rider","1: PDO","No Control","","",1333713.31,1671465.21,"13337131671465"
"2013-8793-27/05/2021","2 Metropolitan","BOLIVAR","5110","CITY OF SALISBURY",2,0,0,0,0,2013,"July","Wednesday","08:50 am","090","Divided Road","Straight road","Level","Not Applicable","Sealed","Dry","Not Raining","Daylight","Rear End","02","Driver Rider","1: PDO","No Control","","",1328467.11,1688572.03,"13284671688572"
"2013-8794-27/05/2021","2 Metropolitan","THEBARTON","5031","CITY OF WEST TORRENS",2,0,0,0,0,2013,"July","Wednesday","09:40 am","060","Not Divided","Straight road","Level","Not Applicable","Sealed","Dry","Not Raining","Daylight","Side Swipe","02","Driver Rider","1: PDO","No Control","","",1326575.4,1671490.16,"13265751671490"
"2013-8795-27/05/2021","2 Metropolitan","MODBURY HEIGHTS","5092","CITY OF TEA TREE GULLY",2,1,0,0,1,2013,"July","Wednesday","11:15 am","060","T-Junction","Straight road","Slope","Not Applicable","Sealed","Dry","Not Raining","Daylight","Rear End","01","Driver Rider","2: MI","No Control","","",1336797.36,1683214.59,"13367971683215"
"2013-8796-27/05/2021","2 Metropolitan","BOLIVAR","5110","CITY OF SALISBURY",3,1,0,0,1,2013,"July","Wednesday","08:40 am","090","T-Junction","Straight road","Level","Not Applicable","Sealed","Dry","Not Raining","Daylight","Rear End","01","Driver Rider","2: MI","Traffic Signals","","",1328457.27,1688613.24,"13284571688613"
"2013-8797-27/05/2021","2 Metropolitan","GOODWOOD","5034","CITY OF UNLEY",2,1,0,0,1,2013,"July","Wednesday","06:39 am","050","Not Divided","Straight road","Level","Not Applicable","Sealed","Dry","Not Raining","Night","Hit Pedestrian","02","Pedestrian","2: MI","No Control","","",1327460.24,1667807.29,"13274601667807"
"2013-8798-27/05/2021","2 Metropolitan","SALISBURY EAST","5109","CITY OF SALISBURY",2,1,0,0,1,2013,"July","Tuesday","04:25 pm","080","Cross Road","Straight road","Level","Not Applicable","Sealed","Dry","Not Raining","Daylight","Rear End","02","Driver Rider","2: MI","Traffic Signals","","",1333995.93,1686285.66,"13339961686286"
"2013-8799-27/05/2021","2 Metropolitan","RICHMOND","5033","CITY OF WEST TORRENS",2,0,0,0,0,2013,"July","Monday","11:30 am","060","Divided Road","Straight road","Level","Not Applicable","Sealed","Dry","Not Raining","Daylight","Hit Fixed Object","01","Driver Rider","1: PDO","No Control","","",1325354.63,1668933.63,"13253551668934"
"2013-8800-27/05/2021","2 Metropolitan","OTTOWAY","5013","CITY OF PORT ADELAIDE ENFIELD",2,1,0,0,1,2013,"July","Wednesday","10:45 am","060","Cross Road","Straight road","Level","Not Applicable","Sealed","Dry","Not Raining","Daylight","Right Angle","01","Driver Rider","2: MI","Give Way Sign","","",1322718.98,1679683.43,"13227191679683"
"2013-8801-27/05/2021","2 Metropolitan","SEFTON PARK","5083","CITY OF PROSPECT",3,1,0,0,1,2013,"July","Tuesday","06:10 pm","060","Divided Road","Straight road","Level","Not Applicable","Sealed","Dry","Not Raining","Night","Rear End","02","Driver Rider","2: MI","No Control","","",1328876.6,1675982.21,"13288771675982"
"2013-8802-27/05/2021","2 Metropolitan","TOORAK GARDENS","5065","CITY OF BURNSIDE",2,0,0,0,0,2013,"July","Wednesday","11:25 am","050","Cross Road","Straight road","Level","Not Applicable","Sealed","Dry","Not Raining","Daylight","Right Angle","01","Driver Rider","1: PDO","Give Way Sign","","",1331885.27,1670019.87,"13318851670020"
"2013-8803-27/05/2021","1 City","ADELAIDE","5000","CITY OF ADELAIDE",2,0,0,0,0,2013,"July","Wednesday","09:50 am","050","Not Divided","Straight road","Level","Not Applicable","Sealed","Dry","Not Raining","Daylight","Side Swipe","02","Driver Rider","1: PDO","No Control","","",1327728.88,1670166.49,"13277291670166"
"2013-8804-27/05/2021","3 Country","MURRAY BRIDGE","5253","RC MURRAY BRIDGE.             ",2,1,0,0,1,2013,"July","Wednesday","12:05 pm","050","Cross Road","Straight road","Level","Not Applicable","Sealed","Dry","Not Raining","Daylight","Right Turn","01","Driver Rider","2: MI","Stop Sign","","",1388148.5,1646499.06,"13881491646499"
"2013-8805-27/05/2021","2 Metropolitan","STURT","5047","CC MARION.                    ",2,1,0,0,1,2013,"July","Tuesday","07:00 pm","060","T-Junction","Straight road","Level","Not Applicable","Sealed","Dry","Not Raining","Daylight","Rear End","02","Driver Rider","2: MI","Give Way Sign","","",1324095.63,1659437.07,"13240961659437"
"2013-8806-27/05/2021","2 Metropolitan","ELIZABETH","5112","CITY OF PLAYFORD.",2,0,0,0,0,2013,"July","Wednesday","12:18 pm","050","Cross Road","Straight road","Level","Not Applicable","Sealed","Dry","Not Raining","Daylight","Right Turn","01","Driver Rider","1: PDO","Give Way Sign","","",1335358.25,1693627.52,"13353581693628"
"2013-8807-27/05/2021","2 Metropolitan","SALISBURY SOUTH","5106","CITY OF SALISBURY",2,0,0,0,0,2013,"July","Tuesday","06:30 pm","070","Cross Road","Straight road","Level","Not Applicable","Sealed","Dry","Not Raining","Night","Rear End","02","Driver Rider","1: PDO","Traffic Signals","","",1332370.05,1686105.3,"13323701686105"
"2013-8808-27/05/2021","2 Metropolitan","DRY CREEK","5094","CITY OF SALISBURY",2,0,0,0,0,2013,"July","Wednesday","12:30 pm","080","T-Junction","Straight road","Level","Not Applicable","Sealed","Dry","Not Raining","Daylight","Side Swipe","01","Driver Rider","1: PDO","Traffic Signals","","",1328672.58,1683237.82,"13286731683238"
"2013-8809-27/05/2021","2 Metropolitan","KILBURN","5084","CITY OF PORT ADELAIDE ENFIELD",2,1,0,1,0,2013,"July","Wednesday","01:25 pm","050","Not Divided","Straight road","Level","Not Applicable","Sealed","Dry","Not Raining","Daylight","Rear End","01","Driver Rider","3: SI","No Control","","",1328021.72,1678327.23,"13280221678327"
"2013-8810-27/05/2021","3 Country","TARLEE","5411","CLARE AND GILBERT VALLEYS DISTRICT COUNCIL",2,0,0,0,0,2013,"July","Wednesday","10:19 am","100","Not Divided","Straight road","Slope","Not Applicable","Sealed","Dry","Not Raining","Daylight","Hit Fixed Object","01","Driver Rider","1: PDO","No Control","","",1345349.32,1743993.37,"13453491743993"
"2013-8811-27/05/2021","2 Metropolitan","PARIS CREEK","5201","DC MT.BARKER.                 ",2,1,0,0,1,2013,"July","Tuesday","07:15 pm","080","Not Divided","CURVED, VIEW OPEN","Level","Not Applicable","Sealed","Dry","Not Raining","Night","Hit Fixed Object","01","Driver Rider","2: MI","No Control","","",1344584.92,1639178.41,"13445851639178"
"2013-8812-27/05/2021","2 Metropolitan","HACKHAM","5163","CITY OF ONKAPARINGA",2,0,0,0,0,2013,"July","Wednesday","07:15 am","060","T-Junction","Straight road","Slope","Not Applicable","Sealed","Dry","Not Raining","Night","Right Angle","02","Driver Rider","1: PDO","Roundabout","","",1321091.43,1646378.02,"13210911646378"
"2013-8813-27/05/2021","3 Country","KEPPOCH","5271","DC NARACOORTE & LUCINDALE.",2,1,0,1,0,2013,"July","Wednesday","09:10 am","060","Not Divided","CURVED, VIEW OPEN","Level","Not Applicable","Unsealed","Wet","Not Raining","Daylight","Hit Fixed Object","01","Driver Rider","3: SI","No Control","","",1498781.94,1461210.98,"14987821461211"
"2013-8814-27/05/2021","2 Metropolitan","URRBRAE","5064","CC MITCHAM.                   ",2,1,0,0,1,2013,"July","Wednesday","02:10 pm","060","Cross Road","Straight road","Level","Not Applicable","Sealed","Dry","Not Raining","Daylight","Rear End","01","Driver Rider","2: MI","Traffic Signals","","",1330765.11,1666293.95,"13307651666294"
"2013-8815-27/05/2021","2 Metropolitan","WINDSOR GARDENS","5087","CITY OF PORT ADELAIDE ENFIELD",2,0,0,0,0,2013,"July","Wednesday","07:45 am","060","T-Junction","Straight road","Level","Not Applicable","Sealed","Dry","Not Raining","Daylight","Right Turn","01","Driver Rider","1: PDO","Traffic Signals","","",1333433.85,1677755.39,"13334341677755"
"2013-8816-27/05/2021","2 Metropolitan","HINDMARSH","5007","CITY OF CHARLES STURT",2,1,0,0,1,2013,"July","Wednesday","08:30 am","060","T-Junction","Straight road","Level","Not Applicable","Sealed","Dry","Not Raining","Daylight","Right Turn","01","Driver Rider","2: MI","Give Way Sign","","",1325854.23,1673201.88,"13258541673202"
"2013-8817-27/05/2021","2 Metropolitan","WARD BELT","5118","LIGHT REGIONAL COUNCIL",2,0,0,0,0,2013,"July","Wednesday","12:50 pm","100","Not Divided","Straight road","Level","Not Applicable","Unsealed","Dry","Not Raining","Daylight","Roll Over","01","Driver Rider","1: PDO","No Control","","",1336654.74,1709739.62,"13366551709740"
"2013-8818-27/05/2021","3 Country","SANDERSTON","5237","MID MURRAY DISTRICT COUNCIL",2,1,0,1,0,2013,"July","Wednesday","12:00 pm","100","Not Divided","CURVED, VIEW OPEN","Crest of Hill","Not Applicable","Sealed","Dry","Not Raining","Daylight","Hit Fixed Object","01","Driver Rider","3: SI","No Control","","",1382351.55,1687269.26,"13823521687269"
"2013-8819-27/05/2021","2 Metropolitan","KENSINGTON GARDENS","5068","CITY OF BURNSIDE",2,0,0,0,0,2013,"July","Tuesday","08:00 pm","050","Not Divided","Straight road","Level","Not Applicable","Sealed","Dry","Not Raining","Night","Hit Parked Vehicle","02","Driver Rider","1: PDO","No Control","","",1334274.36,1670520.85,"13342741670521"
"2013-8820-27/05/2021","2 Metropolitan","ELIZABETH SOUTH","5112","CITY OF PLAYFORD.",2,0,0,0,0,2013,"July","Wednesday","02:50 pm","060","Not Divided","Straight road","Level","Not Applicable","Sealed","Dry","Not Raining","Daylight","Hit Object on Road","01","Driver Rider","1: PDO","No Control","","",1334710.7,1691520.36,"13347111691520"
"2013-8821-27/05/2021","2 Metropolitan","SMITHFIELD","5114","CITY OF PLAYFORD.",2,1,0,0,1,2013,"July","Wednesday","03:19 pm","080","Divided Road","Straight road","Level","Not Applicable","Sealed","Dry","Not Raining","Daylight","Rear End","02","Driver Rider","2: MI","No Control","","",1337720.8,1696788.61,"13377211696789"
"2013-8822-27/05/2021","2 Metropolitan","ELIZABETH EAST","5112","CITY OF PLAYFORD.",2,0,0,0,0,2013,"July","Wednesday","03:35 pm","080","Divided Road","Straight road","Level","Not Applicable","Sealed","Dry","Not Raining","Daylight","Rear End","02","Driver Rider","1: PDO","No Control","","",1336117.3,1692138.69,"13361171692139"
"2013-8823-27/05/2021","2 Metropolitan","WEST LAKES","5021","CITY OF CHARLES STURT",2,1,0,0,1,2013,"July","Wednesday","04:45 pm","060","Cross Road","Straight road","Level","Not Applicable","Sealed","Dry","Not Raining","Daylight","Right Turn","02","Driver Rider","2: MI","Traffic Signals","","",1319912.06,1678336.46,"13199121678336"
"2013-8824-27/05/2021","1 City","ADELAIDE","5000","CITY OF ADELAIDE",2,0,0,0,0,2013,"July","Wednesday","02:00 pm","060","T-Junction","Straight road","Level","Not Applicable","Sealed","Dry","Not Raining","Daylight","Rear End","01","Driver Rider","1: PDO","No Control","","",1327394.5,1670054.8,"13273951670055"
"2013-8825-27/05/2021","3 Country","NILDOTTIE","5238","MID MURRAY DISTRICT COUNCIL",2,0,0,0,0,2013,"July","Wednesday","07:30 am","110","Not Divided","Straight road","Level","Not Applicable","Unsealed","Dry","Not Raining","Daylight","Side Swipe","02","Driver Rider","1: PDO","No Control","","",1422757.01,1682363.83,"14227571682364"
"2013-8826-27/05/2021","2 Metropolitan","BRIGHTON","5048","CITY OF HOLDFAST BAY",2,1,0,0,1,2013,"July","Tuesday","05:20 pm","060","Divided Road","Straight road","Level","Not Applicable","Sealed","Dry","Not Raining","Daylight","Rear End","02","Driver Rider","2: MI","No Control","","",1321142.64,1660750.1,"13211431660750"
"2013-8827-27/05/2021","2 Metropolitan","REYNELLA","5161","CITY OF ONKAPARINGA",3,0,0,0,0,2013,"July","Wednesday","03:30 pm","060","Divided Road","Straight road","Level","Not Applicable","Sealed","Dry","Not Raining","Daylight","Rear End","01","Driver Rider","1: PDO","No Control","","",1321503.24,1651359.24,"13215031651359"
"2013-8828-27/05/2021","2 Metropolitan","WINGFIELD","5013","CITY OF PORT ADELAIDE ENFIELD",2,0,0,0,0,2013,"July","Wednesday","09:00 am","050","Not Divided","Straight road","Level","Not Applicable","Sealed","Dry","Not Raining","Daylight","Hit Parked Vehicle","02","Driver Rider","1: PDO","No Control","","",1325106.33,1680140.67,"13251061680141"
"2013-8829-27/05/2021","2 Metropolitan","BROADVIEW","5083","CITY OF PROSPECT",2,0,0,0,0,2013,"July","Wednesday","03:45 pm","060","Not Divided","Straight road","Level","Not Applicable","Sealed","Dry","Not Raining","Daylight","Rear End","02","Driver Rider","1: PDO","No Control","","",1330219.58,1675998.82,"13302201675999"
"2013-8830-27/05/2021","2 Metropolitan","DARLINGTON","5047","CITY OF ONKAPARINGA",2,0,0,0,0,2013,"July","Wednesday","04:30 pm","070","T-Junction","Straight road","Level","Unknown","Sealed","Dry","Not Raining","Daylight","Right Turn","02","Driver Rider","1: PDO","No Control","","",1324685.2,1659905.51,"13246851659906"
"2013-8831-27/05/2021","2 Metropolitan","BALHANNAH","5242","THE ADELAIDE HILLS COUNCIL",2,0,0,0,0,2013,"July","Wednesday","05:00 pm","050","Divided Road","Straight road","Level","Not Applicable","Sealed","Dry","Not Raining","Daylight","Side Swipe","02","Driver Rider","1: PDO","No Control","","",1348900.26,1662796.9,"13489001662797"
"2013-8832-27/05/2021","2 Metropolitan","WARRADALE","5046","CC MARION.                    ",2,0,0,0,0,2013,"July","Wednesday","04:40 pm","050","Not Divided","Straight road","Level","Not Applicable","Sealed","Dry","Not Raining","Daylight","Right Angle","02","Driver Rider","1: PDO","No Control","","",1322419.01,1662834.71,"13224191662835"
"2013-8833-27/05/2021","2 Metropolitan","HALLETT COVE","5158","CC MARION.                    ",2,0,0,0,0,2013,"July","Wednesday","03:00 pm","050","T-Junction","Straight road","Level","Not Applicable","Sealed","Dry","Not Raining","Daylight","Hit Fixed Object","01","Driver Rider","1: PDO","No Control","","",1319796.4,1654946.31,"13197961654946"
"2013-8834-27/05/2021","2 Metropolitan","SMITHFIELD PLAINS","5114","CITY OF PLAYFORD.",2,3,0,0,3,2013,"July","Wednesday","05:15 pm","060","T-Junction","Straight road","Level","Not Applicable","Sealed","Dry","Not Raining","Daylight","Rear End","02","Driver Rider","2: MI","No Control","","",1336272.65,1698766.49,"13362731698766"