"REPORT_ID","Stats Area","Suburb","Postcode","LGA Name","Total Units","Total Cas","Total Fats","Total SI","Total MI","Year","Month","Day","Time","Area Speed","Position Type","Horizontal Align","Vertical Align","Other Feat","Road Surface","Moisture Cond","Weather Cond","DayNight","Crash Type","Unit Resp","Entity Code","CSEF Severity","Traffic Ctrls","DUI Involved","Drugs Involved","ACCLOC_X","ACCLOC_Y","UNIQUE_LOC"
"2013-9246-27/05/2021","2 Metropolitan","SALISBURY EAST","5109","CITY OF SALISBURY",3,0,0,0,0,2013,"July","Friday","05:15 pm","080","Cross Road","Straight road","Level","Not Applicable","Sealed","Wet","Raining","Daylight","Rear End","01","Driver Rider","1: PDO","Traffic Signals","","",1333298.13,1685374.25,"13332981685374"
"2013-9247-27/05/2021","2 Metropolitan","MORPHETT VALE","5162","CITY OF ONKAPARINGA",2,0,0,0,0,2013,"July","Thursday","03:40 pm","060","Cross Road","Straight road","Level","Not Applicable","Sealed","Dry","Not Raining","Daylight","Rear End","02","Driver Rider","1: PDO","Traffic Signals","","",1320810.01,1648695.32,"13208101648695"
"2013-9248-27/05/2021","1 City","ADELAIDE","5000","CITY OF ADELAIDE",2,0,0,0,0,2013,"July","Friday","03:18 pm","050","T-Junction","Straight road","Level","Not Applicable","Sealed","Wet","Raining","Daylight","Right Turn","01","Driver Rider","1: PDO","No Control","","",1328525.19,1671136.61,"13285251671137"
"2013-9249-27/05/2021","2 Metropolitan","BURTON","5110","CITY OF SALISBURY",2,0,0,0,0,2013,"July","Friday","05:50 pm","070","T-Junction","Straight road","Level","Not Applicable","Sealed","Wet","Raining","Night","Rear End","02","Driver Rider","1: PDO","No Control","","",1329282.54,1691515.29,"13292831691515"
"2013-9250-27/05/2021","2 Metropolitan","NORWOOD","5067","CC OF NORWOOD,PAYNEHAM & ST PETERS",2,0,0,0,0,2013,"July","Friday","04:19 pm","060","Multiple","Straight road","Level","Not Applicable","Sealed","Wet","Raining","Daylight","Right Turn","02","Driver Rider","1: PDO","Traffic Signals","","",1330628.16,1671038.76,"13306281671039"
"2013-9251-27/05/2021","2 Metropolitan","TORRENSVILLE","5031","CITY OF WEST TORRENS",2,1,0,0,1,2013,"July","Friday","05:45 pm","060","Cross Road","Straight road","Level","Not Applicable","Sealed","Wet","Raining","Night","Hit Pedestrian","01","Driver Rider","2: MI","Stop Sign","","",1325193.72,1670968.34,"13251941670968"
"2013-9252-27/05/2021","2 Metropolitan","KENSINGTON GARDENS","5068","CITY OF BURNSIDE",3,1,0,0,1,2013,"July","Friday","05:52 pm","060","Cross Road","Straight road","Level","Not Applicable","Sealed","Wet","Raining","Night","Right Angle","01","Driver Rider","2: MI","Give Way Sign","","",1334131.2,1671128.66,"13341311671129"
"2013-9253-27/05/2021","2 Metropolitan","MORPHETT VALE","5162","CITY OF ONKAPARINGA",2,1,0,0,1,2013,"July","Friday","07:20 pm","060","Cross Road","Straight road","Level","Not Applicable","Sealed","Wet","Raining","Night","Rear End","01","Driver Rider","2: MI","Traffic Signals","","",1320791.25,1649412.04,"13207911649412"
"2013-9254-27/05/2021","2 Metropolitan","SEAFORD RISE","5169","CITY OF ONKAPARINGA",2,0,0,0,0,2013,"July","Friday","04:00 pm","060","Divided Road","Straight road","Level","Driveway or Entrance","Sealed","Dry","Not Raining","Daylight","Right Angle","02","Driver Rider","1: PDO","No Control","","",1316858.48,1641547.82,"13168581641548"
"2013-9255-27/05/2021","2 Metropolitan","HUNTFIELD HEIGHTS","5163","CITY OF ONKAPARINGA",2,4,0,0,4,2013,"July","Friday","08:00 pm","060","Cross Road","Straight road","Level","Not Applicable","Sealed","Wet","Raining","Night","Right Turn","02","Driver Rider","2: MI","Traffic Signals","","",1320882.43,1646368.02,"13208821646368"
"2013-9256-27/05/2021","2 Metropolitan","BLACK FOREST","5035","CITY OF UNLEY",2,0,0,0,0,2013,"July","Friday","06:45 pm","050","Cross Road","Straight road","Level","Not Applicable","Sealed","Dry","Not Raining","Night","Side Swipe","01","Driver Rider","1: PDO","Give Way Sign","Y","",1326656.43,1667369.79,"13266561667370"
"2013-9257-27/05/2021","2 Metropolitan","ALBERT PARK","5014","CITY OF CHARLES STURT",2,0,0,0,0,2013,"July","Friday","09:10 pm","060","T-Junction","Straight road","Level","Not Applicable","Sealed","Wet","Raining","Night","Hit Fixed Object","01","Driver Rider","1: PDO","No Control","","",1321506.82,1675648.81,"13215071675649"
"2013-9258-27/05/2021","2 Metropolitan","COWANDILLA","5033","CITY OF WEST TORRENS",2,0,0,0,0,2013,"July","Friday","04:22 pm","060","T-Junction","Straight road","Level","Not Applicable","Sealed","Wet","Raining","Daylight","Right Turn","01","Driver Rider","1: PDO","No Control","","",1324136.61,1670365.05,"13241371670365"
"2013-9259-27/05/2021","2 Metropolitan","INGLE FARM","5098","CITY OF SALISBURY",2,0,0,0,0,2013,"July","Friday","09:10 pm","070","Cross Road","Straight road","Level","Not Applicable","Sealed","Wet","Raining","Night","Hit Fixed Object","01","Driver Rider","1: PDO","Traffic Signals","","",1332126.96,1681789.14,"13321271681789"
"2013-9260-27/05/2021","2 Metropolitan","GLENELG EAST","5045","CITY OF HOLDFAST BAY",1,1,0,0,1,2013,"July","Friday","07:42 pm","060","Divided Road","Straight road","Level","Not Applicable","Sealed","Wet","Raining","Night","Roll Over","01","Driver Rider","2: MI","No Control","","",1321016.29,1665085.42,"13210161665085"
"2013-9261-27/05/2021","2 Metropolitan","HAWTHORNDENE","5051","CC MITCHAM.                   ",2,0,0,0,0,2013,"July","Friday","09:40 pm","060","T-Junction","CURVED, VIEW OPEN","Level","Not Applicable","Sealed","Wet","Raining","Night","Head On","01","Driver Rider","1: PDO","Give Way Sign","","",1330446.17,1659132.13,"13304461659132"
"2013-9262-27/05/2021","2 Metropolitan","WEST LAKES","5021","CITY OF CHARLES STURT",7,0,0,0,0,2013,"July","Friday","09:00 pm","050","Not Divided","Straight road","Level","Not Applicable","Sealed","Wet","Raining","Night","Hit Fixed Object","01","Driver Rider","1: PDO","No Control","","",1318832.91,1674556.67,"13188331674557"
"2013-9263-27/05/2021","2 Metropolitan","GEPPS CROSS","5094","CITY OF PORT ADELAIDE ENFIELD",2,1,0,0,1,2013,"July","Saturday","12:10 am","060","Cross Road","Straight road","Level","Not Applicable","Sealed","Wet","Raining","Night","Hit Fixed Object","01","Driver Rider","2: MI","Traffic Signals","Y","",1327996.61,1679256.59,"13279971679257"
"2013-9264-27/05/2021","2 Metropolitan","PARAFIELD GARDENS","5107","CITY OF SALISBURY",2,0,0,0,0,2013,"July","Saturday","01:45 am","060","T-Junction","Straight road","Level","Not Applicable","Sealed","Wet","Raining","Night","Right Angle","02","Driver Rider","1: PDO","No Control","","",1330179.63,1687067.17,"13301801687067"
"2013-9265-27/05/2021","2 Metropolitan","MASLIN BEACH","5170","CITY OF ONKAPARINGA",2,0,0,0,0,2013,"July","Saturday","02:40 am","070","Not Divided","Straight road","Level","Not Applicable","Sealed","Wet","Raining","Night","Hit Fixed Object","01","Driver Rider","1: PDO","No Control","Y","",1316524.16,1636863.39,"13165241636863"
"2013-9266-27/05/2021","2 Metropolitan","SALISBURY DOWNS","5108","CITY OF SALISBURY",2,0,0,0,0,2013,"July","Saturday","05:00 am","060","Not Divided","Straight road","Level","Not Applicable","Sealed","Wet","Raining","Night","Hit Fixed Object","01","Driver Rider","1: PDO","No Control","","",1330575.4,1687593.85,"13305751687594"
"2013-9267-27/05/2021","2 Metropolitan","SEATON","5023","CITY OF CHARLES STURT",2,0,0,0,0,2013,"July","Friday","11:30 pm","060","Rail Xing","Straight road","Level","Not Applicable","Sealed","Wet","Not Raining","Night","Hit Fixed Object","01","Driver Rider","1: PDO","Traffic Signals","","",1320741.63,1674694.12,"13207421674694"
"2013-9268-27/05/2021","2 Metropolitan","GLENELG EAST","5045","CITY OF HOLDFAST BAY",3,1,0,0,1,2013,"July","Friday","06:15 pm","060","Divided Road","Straight road","Level","Not Applicable","Sealed","Wet","Not Raining","Night","Rear End","01","Driver Rider","2: MI","No Control","","",1321031.95,1664491.33,"13210321664491"
"2013-9269-27/05/2021","2 Metropolitan","VALLEY VIEW","5093","CITY OF TEA TREE GULLY",2,0,0,0,0,2013,"July","Friday","04:55 pm","060","T-Junction","Straight road","Level","Median Opening (not at I/S)","Sealed","Wet","Raining","Daylight","Rear End","02","Driver Rider","1: PDO","Stop Sign","","",1335755.12,1679968.93,"13357551679969"
"2013-9270-27/05/2021","1 City","ADELAIDE","5000","CITY OF ADELAIDE",2,0,0,0,0,2013,"July","Saturday","09:07 am","050","Cross Road","Straight road","Level","Not Applicable","Sealed","Wet","Raining","Daylight","Right Turn","02","Driver Rider","1: PDO","Traffic Signals","","",1327905.8,1670963.97,"13279061670964"
"2013-9271-27/05/2021","2 Metropolitan","GEPPS CROSS","5094","CITY OF PORT ADELAIDE ENFIELD",3,2,0,0,2,2013,"July","Saturday","09:20 am","060","Divided Road","Straight road","Level","Not Applicable","Sealed","Wet","Raining","Daylight","Rear End","01","Driver Rider","2: MI","No Control","","",1327237.73,1679308.54,"13272381679309"
"2013-9272-27/05/2021","2 Metropolitan","ENFIELD","5085","CITY OF PORT ADELAIDE ENFIELD",2,0,0,0,0,2013,"July","Friday","08:50 pm","060","Divided Road","Straight road","Level","Not Applicable","Sealed","Wet","Raining","Night","Side Swipe","01","Driver Rider","1: PDO","No Control","","",1328836.67,1677598.09,"13288371677598"
"2013-9273-27/05/2021","2 Metropolitan","ALBERT PARK","5014","CITY OF CHARLES STURT",2,1,0,0,1,2013,"July","Friday","12:00 pm","050","Not Divided","Straight road","Level","Driveway or Entrance","Sealed","Wet","Raining","Daylight","Right Angle","02","Driver Rider","2: MI","No Control","","",1321864.08,1676495.86,"13218641676496"
"2013-9274-27/05/2021","3 Country","MIDDLEBACK RANGE","5600",,1,0,0,0,0,2013,"July","Friday","04:45 pm","100","Not Divided","Straight road","Level","Not Applicable","Unsealed","Wet","Raining","Daylight","Roll Over","01","Driver Rider","1: PDO","No Control","","",1206670.38,1875912.83,"12066701875913"
"2013-9275-27/05/2021","3 Country","KEYNETON","5353","MID MURRAY DISTRICT COUNCIL",2,1,0,0,1,2013,"July","Saturday","09:30 am","110","Not Divided","CURVED, VIEW OBSCURED","Level","Not Applicable","Sealed","Wet","Raining","Daylight","Hit Fixed Object","01","Driver Rider","2: MI","No Control","","",1380300.87,1715551.04,"13803011715551"
"2013-9276-27/05/2021","2 Metropolitan","PARA HILLS WEST","5096","CITY OF SALISBURY",2,1,0,0,1,2013,"July","Saturday","10:35 am","060","Divided Road","Straight road","Level","Not Applicable","Sealed","Dry","Not Raining","Daylight","Hit Parked Vehicle","01","Driver Rider","2: MI","No Control","","",1333828.22,1684182.26,"13338281684182"
"2013-9277-27/05/2021","2 Metropolitan","SALISBURY DOWNS","5108","CITY OF SALISBURY",2,0,0,0,0,2013,"July","Saturday","10:00 am","050","Not Divided","Straight road","Level","Not Applicable","Sealed","Dry","Not Raining","Daylight","Hit Parked Vehicle","01","Driver Rider","1: PDO","No Control","","",1331764.55,1687688.5,"13317651687689"
"2013-9278-27/05/2021","2 Metropolitan","KENSINGTON","5068","CC OF NORWOOD,PAYNEHAM & ST PETERS",2,1,0,0,1,2013,"July","Saturday","01:20 pm","060","Not Divided","Straight road","Level","Not Applicable","Sealed","Dry","Not Raining","Daylight","Hit Pedestrian","02","Pedestrian","2: MI","No Control","","",1332912.88,1671089.7,"13329131671090"
"2013-9279-27/05/2021","2 Metropolitan","WOODVILLE NORTH","5012","CITY OF CHARLES STURT",2,1,0,0,1,2013,"July","Saturday","12:00 pm","060","Divided Road","Straight road","Level","Not Applicable","Sealed","Wet","Not Raining","Daylight","Right Turn","02","Driver Rider","2: MI","No Control","","",1323977.11,1676525.95,"13239771676526"
"2013-9280-27/05/2021","3 Country","MIDDLETON","5213","ALEXANDRINA COUNCIL",1,1,0,1,0,2013,"July","Saturday","01:30 am","050","Not Divided","Straight road","Slope","Not Applicable","Sealed","Dry","Not Raining","Night","Other","01","Driver Rider","3: SI","No Control","","",1338050.8,1605243.56,"13380511605244"
"2013-9281-27/05/2021","2 Metropolitan","TOORAK GARDENS","5065","CITY OF BURNSIDE",3,0,0,0,0,2013,"July","Saturday","01:10 pm","060","Divided Road","Straight road","Slope","Not Applicable","Sealed","Dry","Not Raining","Daylight","Hit Parked Vehicle","01","Driver Rider","1: PDO","No Control","","",1331653.57,1669028.76,"13316541669029"
"2013-9282-27/05/2021","2 Metropolitan","SEMAPHORE","5019","CITY OF PORT ADELAIDE ENFIELD",2,0,0,0,0,2013,"July","Saturday","04:00 pm","040","Cross Road","Straight road","Level","Not Applicable","Sealed","Dry","Not Raining","Daylight","Rear End","01","Driver Rider","1: PDO","Traffic Signals","","",1318224.89,1680633.45,"13182251680633"
"2013-9283-27/05/2021","3 Country","APPILA","5480","DC MT.REMARKABLE.             ",1,2,0,0,2,2013,"July","Saturday","10:35 am","100","Not Divided","Straight road","Level","Roadworks","Unsealed","Dry","Not Raining","Daylight","Roll Over","01","Driver Rider","2: MI","No Control","","",,,
"2013-9284-27/05/2021","3 Country","MIDDLETON","5213","ALEXANDRINA COUNCIL",2,0,0,0,0,2013,"July","Friday","08:07 pm","100","Not Divided","Straight road","Level","Not Applicable","Sealed","Wet","Raining","Night","Hit Animal","02","Animal","1: PDO","No Control","","",1337694.4,1607283.26,"13376941607283"
"2013-9285-27/05/2021","3 Country","WHYALLA NORRIE","5608","CC WHYALLA.                   ",2,1,0,0,1,2013,"July","Saturday","03:35 pm","080","Cross Road","Straight road","Level","Not Applicable","Sealed","Wet","Not Raining","Daylight","Hit Fixed Object","01","Driver Rider","2: MI","Stop Sign","","",1237054.41,1881898.42,"12370541881898"
"2013-9286-27/05/2021","2 Metropolitan","CRAIGMORE","5114","CITY OF PLAYFORD.",2,0,0,0,0,2013,"July","Saturday","06:15 pm","060","Not Divided","Straight road","Level","Driveway or Entrance","Sealed","Wet","Not Raining","Night","Right Angle","01","Driver Rider","1: PDO","No Control","","",1339043.34,1694453.32,"13390431694453"
"2013-9287-27/05/2021","3 Country","COWELL","5602","DC FRANKLIN HARBOR.           ",1,1,1,0,0,2013,"July","Friday","09:30 pm","025","Not Divided","Straight road","Slope","Not Applicable","Sealed","Wet","Raining","Night","Left Road - Out of Control","01","Driver Rider","4: Fatal","No Control","","",1178581.54,1811805.34,"11785821811805"
"2013-9288-27/05/2021","2 Metropolitan","PARKSIDE","5063","CITY OF UNLEY",2,0,0,0,0,2013,"July","Saturday","08:40 pm","060","Not Divided","Straight road","Slope","Not Applicable","Sealed","Dry","Not Raining","Night","Side Swipe","02","Driver Rider","1: PDO","No Control","","",1330448.56,1668525.17,"13304491668525"
"2013-9289-27/05/2021","3 Country","LUCINDALE","5272","DC NARACOORTE & LUCINDALE.",2,0,0,0,0,2013,"July","Saturday","07:15 pm","110","Not Divided","CURVED, VIEW OPEN","Level","Not Applicable","Sealed","Wet","Raining","Night","Hit Fixed Object","01","Driver Rider","1: PDO","No Control","","",1487109.52,1431763.73,"14871101431764"
"2013-9290-27/05/2021","3 Country","NURIOOTPA","5355","THE BAROSSA COUNCIL.",2,2,0,0,2,2013,"July","Saturday","07:35 pm","060","Cross Road","Straight road","Level","Not Applicable","Sealed","Wet","Not Raining","Night","Right Angle","01","Driver Rider","2: MI","Give Way Sign","","",1365347.68,1719916.25,"13653481719916"
"2013-9291-27/05/2021","2 Metropolitan","MUNNO PARA","5115","CITY OF PLAYFORD.",2,1,0,0,1,2013,"July","Saturday","04:00 pm","050","Cross Road","Straight road","Level","Not Applicable","Sealed","Wet","Raining","Daylight","Hit Fixed Object","01","Driver Rider","2: MI","No Control","","",1338402.92,1699035.14,"13384031699035"
"2013-9292-27/05/2021","2 Metropolitan","MAWSON LAKES","5095","CITY OF SALISBURY",2,0,0,0,0,2013,"July","Saturday","12:45 am","060","T-Junction","CURVED, VIEW OPEN","Level","Not Applicable","Sealed","Wet","Raining","Night","Hit Fixed Object","01","Driver Rider","1: PDO","Give Way Sign","","",1329087.33,1684735.01,"13290871684735"
"2013-9293-27/05/2021","2 Metropolitan","PAYNEHAM SOUTH","5070","CC OF NORWOOD,PAYNEHAM & ST PETERS",2,0,0,0,0,2013,"July","Saturday","11:30 pm","050","Not Divided","Straight road","Level","Not Applicable","Sealed","Wet","Raining","Night","Hit Fixed Object","01","Driver Rider","1: PDO","No Control","Y","",1332923.67,1673218.21,"13329241673218"
"2013-9294-27/05/2021","2 Metropolitan","MUNNO PARA","5115","CITY OF PLAYFORD.",2,2,0,2,0,2013,"July","Saturday","11:00 pm","060","Cross Road","Straight road","Level","Not Applicable","Sealed","Wet","Not Raining","Night","Right Turn","01","Driver Rider","3: SI","Traffic Signals","Y","",1336684.28,1698535.93,"13366841698536"
"2013-9295-27/05/2021","2 Metropolitan","SALISBURY PLAIN","5109","CITY OF SALISBURY",4,0,0,0,0,2013,"July","Saturday","11:30 pm","080","Divided Road","Straight road","Level","Not Applicable","Sealed","Wet","Not Raining","Night","Side Swipe","01","Driver Rider","1: PDO","No Control","","",1334733.43,1687249.56,"13347331687250"
"2013-9296-27/05/2021","2 Metropolitan","HAPPY VALLEY","5159","CITY OF ONKAPARINGA",3,0,0,0,0,2013,"July","Saturday","10:30 pm","050","Not Divided","Straight road","Level","Not Applicable","Sealed","Dry","Not Raining","Night","Hit Parked Vehicle","01","Driver Rider","1: PDO","No Control","","",1324782.6,1653311.98,"13247831653312"
"2013-9297-27/05/2021","2 Metropolitan","GRANGE","5022","CITY OF CHARLES STURT",2,0,0,0,0,2013,"July","Sunday","12:15 am","050","Not Divided","Straight road","Level","Not Applicable","Sealed","Wet","Not Raining","Night","Hit Parked Vehicle","01","Driver Rider","1: PDO","No Control","Y","",1318973.7,1674326.42,"13189741674326"
"2013-9298-27/05/2021","3 Country","PORT LINCOLN","5606","CC PT.LINCOLN.                ",3,1,0,1,0,2013,"July","Sunday","01:40 am","050","Cross Road","Straight road","Level","Not Applicable","Sealed","Wet","Not Raining","Night","Right Angle","01","Driver Rider","3: SI","Stop Sign","","",1078689.14,1697555.13,"10786891697555"
"2013-9299-27/05/2021","3 Country","WALLAROO MINES","5554","COPPER COAST DISTRICT COUNCIL",3,2,0,1,1,2013,"July","Saturday","01:30 pm","060","T-Junction","Straight road","Level","Not Applicable","Sealed","Wet","Raining","Daylight","Right Turn","01","Driver Rider","3: SI","No Control","","",1249283.84,1779871.07,"12492841779871"
"2013-9300-27/05/2021","2 Metropolitan","PARAFIELD GARDENS","5107","CITY OF SALISBURY",2,0,0,0,0,2013,"July","Saturday","03:10 pm","060","T-Junction","Straight road","Level","Not Applicable","Sealed","Wet","Not Raining","Daylight","Right Angle","02","Driver Rider","1: PDO","No Control","","",1330537.2,1685677.36,"13305371685677"
"2013-9301-27/05/2021","2 Metropolitan","KANGARILLA","5157","CITY OF ONKAPARINGA",2,1,0,0,1,2013,"July","Saturday","06:30 am","080","Not Divided","CURVED, VIEW OBSCURED","Slope","Not Applicable","Sealed","Wet","Raining","Night","Hit Animal","02","Animal","2: MI","No Control","","",1334775.56,1644606.09,"13347761644606"
"2013-9302-27/05/2021","2 Metropolitan","HOLDEN HILL","5088","CITY OF PORT ADELAIDE ENFIELD",2,0,0,0,0,2013,"July","Sunday","09:20 am","060","T-Junction","Straight road","Level","Not Applicable","Sealed","Wet","Not Raining","Daylight","Rear End","01","Driver Rider","1: PDO","Traffic Signals","","",1333953.14,1677954.56,"13339531677955"
"2013-9303-27/05/2021","2 Metropolitan","NORWOOD","5067","CC OF NORWOOD,PAYNEHAM & ST PETERS",2,1,0,0,1,2013,"July","Sunday","10:20 am","050","Cross Road","CURVED, VIEW OPEN","Level","Not Applicable","Sealed","Dry","Not Raining","Daylight","Right Angle","01","Driver Rider","2: MI","Roundabout","","",1331020.19,1671390.92,"13310201671391"
"2013-9304-27/05/2021","2 Metropolitan","ELIZABETH GROVE","5112","CITY OF PLAYFORD.",2,3,0,0,3,2013,"July","Sunday","10:10 am","060","Cross Road","Straight road","Level","Not Applicable","Sealed","Dry","Not Raining","Daylight","Rear End","02","Driver Rider","2: MI","Traffic Signals","","",1336080.31,1692236.44,"13360801692236"
"2013-9305-27/05/2021","2 Metropolitan","SALISBURY NORTH","5108","CITY OF SALISBURY",2,1,0,0,1,2013,"July","Sunday","07:20 am","060","Not Divided","Straight road","Level","Not Applicable","Sealed","Wet","Not Raining","Night","Hit Fixed Object","01","Driver Rider","2: MI","No Control","","",1330509.81,1690539.45,"13305101690539"
"2013-9306-27/05/2021","2 Metropolitan","PARAFIELD GARDENS","5107","CITY OF SALISBURY",2,1,0,0,1,2013,"July","Sunday","01:00 pm","060","Divided Road","Straight road","Level","Not Applicable","Sealed","Dry","Not Raining","Daylight","Side Swipe","02","Driver Rider","2: MI","Traffic Signals","","",1330820.24,1686034.88,"13308201686035"
"2013-9307-27/05/2021","3 Country","SEAL BAY","5223","KANGAROO ISLAND COUNCIL",2,1,0,0,1,2013,"July","Sunday","09:40 am","110","T-Junction","Straight road","Level","Not Applicable","Sealed","Wet","Not Raining","Daylight","Hit Fixed Object","01","Driver Rider","2: MI","No Control","","",1208195.57,1563760.92,"12081961563761"
"2013-9308-27/05/2021","2 Metropolitan","BROMPTON","5007","CITY OF CHARLES STURT",2,0,0,0,0,2013,"July","Saturday","05:00 pm","040","Not Divided","Straight road","Level","Not Applicable","Sealed","Wet","Raining","Daylight","Hit Parked Vehicle","02","Driver Rider","1: PDO","No Control","","",1326513.27,1674195.35,"13265131674195"
"2013-9309-27/05/2021","2 Metropolitan","FERRYDEN PARK","5010","CITY OF PORT ADELAIDE ENFIELD",2,0,0,0,0,2013,"July","Sunday","12:50 pm","050","Cross Road","Straight road","Level","Not Applicable","Sealed","Dry","Not Raining","Daylight","Hit Fixed Object","01","Driver Rider","1: PDO","Roundabout","","",1325469.94,1677672.91,"13254701677673"
"2013-9310-27/05/2021","2 Metropolitan","GREENACRES","5086","CITY OF PORT ADELAIDE ENFIELD",2,0,0,0,0,2013,"July","Saturday","03:00 pm","060","Cross Road","Straight road","Level","Not Applicable","Sealed","Dry","Not Raining","Daylight","Right Angle","02","Driver Rider","1: PDO","No Control","","",1330430.11,1677200.82,"13304301677201"
"2013-9311-27/05/2021","3 Country","FINNISS","5255","ALEXANDRINA COUNCIL",1,1,0,0,1,2013,"July","Sunday","08:10 am","100","Not Divided","Straight road","Level","Not Applicable","Sealed","Wet","Not Raining","Daylight","Roll Over","01","Driver Rider","2: MI","No Control","","",1351376.2,1614396.72,"13513761614397"
"2013-9312-27/05/2021","2 Metropolitan","ALDINGA","5173","CITY OF ONKAPARINGA",2,0,0,0,0,2013,"July","Friday","05:45 pm","080","T-Junction","Straight road","Level","Not Applicable","Sealed","Wet","Raining","Night","Hit Fixed Object","01","Driver Rider","1: PDO","No Control","","",1316654.77,1632928.18,"13166551632928"
"2013-9313-27/05/2021","3 Country","PORT HUGHES","5558","COPPER COAST DISTRICT COUNCIL",2,0,0,0,0,2013,"July","Sunday","02:45 pm","050","Cross Road","Straight road","Level","Not Applicable","Sealed","Dry","Not Raining","Daylight","Right Angle","02","Driver Rider","1: PDO","Give Way Sign","","",1235032.75,1767558.66,"12350331767559"
"2013-9314-27/05/2021","2 Metropolitan","LEAWOOD GARDENS","5150","CC MITCHAM.                   ",2,1,0,0,1,2013,"July","Saturday","10:45 pm","100","Freeway","Straight road","Level","Not Applicable","Sealed","Wet","Not Raining","Night","Hit Fixed Object","01","Driver Rider","2: MI","No Control","","",1334245.96,1665791.17,"13342461665791"
"2013-9315-27/05/2021","2 Metropolitan","SMITHFIELD","5114","CITY OF PLAYFORD.",4,0,0,0,0,2013,"July","Sunday","02:30 pm","080","Divided Road","Straight road","Level","Not Applicable","Sealed","Dry","Not Raining","Daylight","Hit Fixed Object","01","Driver Rider","1: PDO","No Control","","",1338132.43,1697534.48,"13381321697534"
"2013-9316-27/05/2021","2 Metropolitan","SURREY DOWNS","5126","CITY OF TEA TREE GULLY",1,0,0,0,0,2013,"July","Friday","04:30 pm","060","T-Junction","Straight road","Bottom of Hill","Not Applicable","Sealed","Wet","Raining","Daylight","Roll Over","01","Driver Rider","1: PDO","No Control","","",1338113.9,1683604.7,"13381141683605"
"2013-9317-27/05/2021","2 Metropolitan","INGLE FARM","5098","CITY OF SALISBURY",2,0,0,0,0,2013,"July","Thursday","08:53 pm","060","T-Junction","Straight road","Slope","Not Applicable","Sealed","Dry","Not Raining","Night","Right Turn","02","Driver Rider","1: PDO","Traffic Signals","","",1333095.45,1681419.02,"13330951681419"
"2013-9318-27/05/2021","2 Metropolitan","WALKERVILLE","5081","WALKERVILLE TOWN COUNCIL",2,0,0,0,0,2013,"July","Sunday","04:20 pm","060","Cross Road","Straight road","Level","Not Applicable","Sealed","Dry","Not Raining","Daylight","Side Swipe","01","Driver Rider","1: PDO","Traffic Signals","","",1329483.39,1674233.16,"13294831674233"
"2013-9319-27/05/2021","2 Metropolitan","WESTBOURNE PARK","5041","CC MITCHAM.                   ",2,1,0,0,1,2013,"July","Sunday","04:35 pm","060","Cross Road","Straight road","Level","Not Applicable","Sealed","Dry","Not Raining","Daylight","Right Turn","02","Driver Rider","2: MI","Traffic Signals","","",1327546.38,1664994.52,"13275461664995"
"2013-9320-27/05/2021","2 Metropolitan","SOUTH PLYMPTON","5038","CC MARION.                    ",3,1,0,0,1,2013,"July","Sunday","04:40 pm","060","Divided Road","Straight road","Level","Not Applicable","Sealed","Dry","Not Raining","Daylight","Hit Parked Vehicle","01","Driver Rider","2: MI","No Control","","",1324276.47,1664909.32,"13242761664909"
"2013-9321-27/05/2021","2 Metropolitan","URRBRAE","5064","CC MITCHAM.                   ",2,0,0,0,0,2013,"July","Sunday","05:00 pm","060","T-Junction","Straight road","Level","Not Applicable","Sealed","Dry","Not Raining","Daylight","Right Angle","01","Driver Rider","1: PDO","Stop Sign","","",1331592.03,1666315.48,"13315921666315"
"2013-9322-27/05/2021","2 Metropolitan","POORAKA","5095","CITY OF SALISBURY",2,0,0,0,0,2013,"July","Sunday","06:42 pm","070","Cross Road","Straight road","Level","Not Applicable","Sealed","Wet","Raining","Night","Hit Fixed Object","01","Driver Rider","1: PDO","Traffic Signals","","",1330489.22,1681819.14,"13304891681819"
"2013-9323-27/05/2021","2 Metropolitan","GEPPS CROSS","5094","CITY OF PORT ADELAIDE ENFIELD",3,3,1,2,0,2013,"July","Sunday","05:45 pm","060","Multiple","Straight road","Level","Not Applicable","Sealed","Dry","Not Raining","Night","Right Angle","01","Driver Rider","4: Fatal","Traffic Signals","","",1328802.51,1679265.44,"13288031679265"
"2013-9324-27/05/2021","3 Country","COFFIN BAY","5607","DC LOWER EYRE PENINSULA       ",2,0,0,0,0,2013,"July","Sunday","06:00 pm","050","T-Junction","Straight road","Level","Not Applicable","Sealed","Wet","Raining","Night","Hit Fixed Object","01","Driver Rider","1: PDO","No Control","","",1042575.93,1709809.29,"10425761709809"
"2013-9325-27/05/2021","3 Country","KORUNYE","5502","DC MALLALA.                   ",2,0,0,0,0,2013,"July","Sunday","09:50 pm","100","Not Divided","Straight road","Level","Median Opening (not at I/S)","Sealed","Wet","Raining","Night","Hit Fixed Object","01","Driver Rider","1: PDO","No Control","","",1321853.81,1711087.68,"13218541711088"
"2013-9326-27/05/2021","2 Metropolitan","ABERFOYLE PARK","5159","CITY OF ONKAPARINGA",2,0,0,0,0,2013,"July","Sunday","07:00 pm","050","Cross Road","Straight road","Level","Not Applicable","Sealed","Dry","Not Raining","Night","Right Angle","02","Driver Rider","1: PDO","Roundabout","","",1327901.01,1654379.2,"13279011654379"
"2013-9327-27/05/2021","2 Metropolitan","MAYLANDS","5069","CC OF NORWOOD,PAYNEHAM & ST PETERS",2,0,0,0,0,2013,"July","Sunday","07:00 am","060","Divided Road","Straight road","Level","Not Applicable","Sealed","Wet","Raining","Night","Hit Fixed Object","01","Driver Rider","1: PDO","No Control","","",1332018.82,1671756.18,"13320191671756"