"REPORT_ID","Stats Area","Suburb","Postcode","LGA Name","Total Units","Total Cas","Total Fats","Total SI","Total MI","Year","Month","Day","Time","Area Speed","Position Type","Horizontal Align","Vertical Align","Other Feat","Road Surface","Moisture Cond","Weather Cond","DayNight","Crash Type","Unit Resp","Entity Code","CSEF Severity","Traffic Ctrls","DUI Involved","Drugs Involved","ACCLOC_X","ACCLOC_Y","UNIQUE_LOC"
"2013-10388-27/05/2021","3 Country","COFFIN BAY","5607","DC LOWER EYRE PENINSULA       ",2,0,0,0,0,2013,"August","Friday","11:35 am","110","Not Divided","Straight road","Level","Not Applicable","Sealed","Dry","Not Raining","Daylight","Rear End","02","Driver Rider","1: PDO","No Control","","",1044863.61,1709868.09,"10448641709868"
"2013-10389-27/05/2021","3 Country","PORT LINCOLN","5606","CC PT.LINCOLN.                ",2,1,0,0,1,2013,"August","Friday","05:00 pm","060","Not Divided","Straight road","Crest of Hill","Not Applicable","Sealed","Dry","Not Raining","Daylight","Hit Pedestrian","02","Pedestrian","2: MI","No Control","","",1077125,1697799.52,"10771251697800"
"2013-10390-27/05/2021","2 Metropolitan","WARRADALE","5046","CC MARION.                    ",2,0,0,0,0,2013,"August","Friday","03:30 pm","060","Not Divided","Straight road","Level","Not Applicable","Sealed","Dry","Not Raining","Daylight","Rear End","01","Driver Rider","1: PDO","No Control","","",1322743.95,1661696.42,"13227441661696"
"2013-10391-27/05/2021","2 Metropolitan","POORAKA","5095","CITY OF SALISBURY",2,3,0,0,3,2013,"August","Friday","05:00 pm","050","Not Divided","Straight road","Level","Driveway or Entrance","Sealed","Dry","Not Raining","Daylight","Rear End","02","Driver Rider","2: MI","No Control","","",1330903.52,1681922.93,"13309041681923"
"2013-10392-27/05/2021","2 Metropolitan","ROSE PARK","5067","CITY OF BURNSIDE",2,0,0,0,0,2013,"August","Monday","08:15 am","050","Not Divided","Straight road","Level","Not Applicable","Sealed","Dry","Not Raining","Daylight","Rear End","01","Driver Rider","1: PDO","No Control","","",1330712.69,1669866.14,"13307131669866"
"2013-10393-27/05/2021","2 Metropolitan","HOUGHTON","5131","THE ADELAIDE HILLS COUNCIL",2,0,0,0,0,2013,"August","Thursday","01:00 pm","080","T-Junction","CURVED, VIEW OBSCURED","Crest of Hill","Not Applicable","Sealed","Dry","Not Raining","Daylight","Right Angle","01","Driver Rider","1: PDO","Stop Sign","","",1343963.83,1681403.76,"13439641681404"
"2013-10394-27/05/2021","2 Metropolitan","TRINITY GARDENS","5068","CC OF NORWOOD,PAYNEHAM & ST PETERS",2,1,0,0,1,2013,"August","Friday","05:05 pm","060","Not Divided","Straight road","Level","Driveway or Entrance","Sealed","Dry","Not Raining","Daylight","Right Angle","01","Driver Rider","2: MI","No Control","","",1332413.67,1671766.61,"13324141671767"
"2013-10395-27/05/2021","2 Metropolitan","GEPPS CROSS","5094","CITY OF PORT ADELAIDE ENFIELD",2,1,0,0,1,2013,"August","Friday","07:15 am","070","T-Junction","Straight road","Level","Not Applicable","Sealed","Dry","Not Raining","Daylight","Hit Fixed Object","01","Driver Rider","2: MI","Traffic Signals","","",1328771.8,1680475.9,"13287721680476"
"2013-10396-27/05/2021","1 City","NORTH ADELAIDE","5006","CITY OF ADELAIDE",2,0,0,0,0,2013,"August","Friday","12:30 pm","050","Not Divided","Straight road","Level","Not Applicable","Sealed","Dry","Not Raining","Daylight","Hit Parked Vehicle","02","Driver Rider","1: PDO","No Control","","",1329399.35,1672823.87,"13293991672824"
"2013-10397-27/05/2021","2 Metropolitan","PROSPECT","5082","CITY OF PROSPECT",2,2,0,2,0,2013,"August","Friday","04:39 pm","060","Divided Road","Straight road","Level","Not Applicable","Sealed","Dry","Not Raining","Daylight","Head On","02","Driver Rider","3: SI","No Control","","Y",1327228.07,1676535.29,"13272281676535"
"2013-10398-27/05/2021","3 Country","KULPARA","5555","BARUNGA WEST DISTRICT COUNCIL",2,2,0,0,2,2013,"August","Friday","05:30 pm","100","Not Divided","CURVED, VIEW OPEN","Slope","Not Applicable","Sealed","Dry","Not Raining","Daylight","Head On","01","Driver Rider","2: MI","No Control","","",1281841.33,1767424.15,"12818411767424"
"2013-10399-27/05/2021","2 Metropolitan","INGLE FARM","5098","CITY OF SALISBURY",2,1,0,0,1,2013,"August","Friday","03:35 pm","060","T-Junction","Straight road","Level","Not Applicable","Sealed","Dry","Not Raining","Daylight","Rear End","02","Driver Rider","2: MI","No Control","","",1333439.12,1680505.46,"13334391680505"
"2013-10400-27/05/2021","2 Metropolitan","ENFIELD","5085","CITY OF PORT ADELAIDE ENFIELD",1,1,0,0,1,2013,"August","Thursday","06:40 pm","060","Divided Road","Straight road","Level","Not Applicable","Sealed","Dry","Not Raining","Night","Roll Over","01","Driver Rider","2: MI","No Control","","",1328809.31,1679227.14,"13288091679227"
"2013-10401-27/05/2021","2 Metropolitan","SALISBURY","5108","CITY OF SALISBURY",3,0,0,0,0,2013,"August","Friday","03:55 pm","060","T-Junction","Straight road","Level","Not Applicable","Sealed","Dry","Not Raining","Daylight","Rear End","02","Driver Rider","1: PDO","No Control","","",1332660.52,1688338.28,"13326611688338"
"2013-10402-27/05/2021","3 Country","PIRIE EAST","5540","PT.PIRIE CITY & DIST. COUNCIL ",1,1,0,1,0,2013,"August","Friday","09:50 pm","110","Not Divided","Straight road","Level","Not Applicable","Sealed","Dry","Not Raining","Night","Left Road - Out of Control","01","Driver Rider","3: SI","No Control","","",1280561.84,1858860.34,"12805621858860"
"2013-10403-27/05/2021","2 Metropolitan","BIBARINGA","5118","CITY OF PLAYFORD.",2,1,0,0,1,2013,"August","Friday","06:25 pm","100","Not Divided","CURVED, VIEW OPEN","Level","Not Applicable","Sealed","Dry","Not Raining","Night","Hit Fixed Object","09","Other","2: MI","No Control","","",1345193.23,1699826.54,"13451931699827"
"2013-10404-27/05/2021","2 Metropolitan","DOVER GARDENS","5048","CC MARION.                    ",5,0,0,0,0,2013,"August","Saturday","01:14 am","050","Not Divided","Straight road","Level","Not Applicable","Sealed","Dry","Not Raining","Night","Hit Fixed Object","01","Driver Rider","1: PDO","No Control","Y","",1322602,1660286.54,"13226021660287"
"2013-10405-27/05/2021","2 Metropolitan","MEDINDIE","5081","WALKERVILLE TOWN COUNCIL",2,0,0,0,0,2013,"August","Friday","11:30 pm","060","Not Divided","Straight road","Level","Not Applicable","Sealed","Dry","Not Raining","Night","Rear End","02","Driver Rider","1: PDO","No Control","","",1329431.82,1673382.01,"13294321673382"
"2013-10406-27/05/2021","3 Country","MOUNT LIGHT","5271","DC NARACOORTE & LUCINDALE.",2,1,0,0,1,2013,"August","Saturday","03:00 am","110","Not Divided","Straight road","Level","Not Applicable","Sealed","Wet","Not Raining","Night","Hit Fixed Object","01","Driver Rider","2: MI","No Control","","",1511834.37,1431316.52,"15118341431317"
"2013-10407-27/05/2021","2 Metropolitan","VALLEY VIEW","5093","CITY OF SALISBURY",2,0,0,0,0,2013,"August","Saturday","04:45 am","050","T-Junction","Straight road","Level","Not Applicable","Sealed","Dry","Not Raining","Night","Hit Fixed Object","01","Driver Rider","1: PDO","No Control","","",1334778.46,1680113.67,"13347781680114"
"2013-10408-27/05/2021","2 Metropolitan","ELIZABETH SOUTH","5112","CITY OF PLAYFORD.",3,0,0,0,0,2013,"August","Saturday","05:00 am","060","Not Divided","Straight road","Level","Not Applicable","Sealed","Dry","Not Raining","Night","Hit Fixed Object","01","Driver Rider","1: PDO","No Control","","",,,
"2013-10409-27/05/2021","2 Metropolitan","GEPPS CROSS","5094","CITY OF PORT ADELAIDE ENFIELD",2,0,0,0,0,2013,"August","Saturday","07:00 am","060","Cross Road","CURVED, VIEW OPEN","Slope","Not Applicable","Sealed","Dry","Not Raining","Night","Right Turn","01","Driver Rider","1: PDO","Traffic Signals","","",1330377.17,1679315.41,"13303771679315"
"2013-10410-27/05/2021","2 Metropolitan","ELIZABETH SOUTH","5112","CITY OF PLAYFORD.",2,0,0,0,0,2013,"August","Friday","04:10 pm","060","Not Divided","Straight road","Level","Not Applicable","Sealed","Dry","Not Raining","Daylight","Rear End","02","Driver Rider","1: PDO","No Control","","",1334787.66,1691657.02,"13347881691657"
"2013-10411-27/05/2021","1 City","ADELAIDE","5000","CITY OF ADELAIDE",1,1,0,0,1,2013,"August","Friday","05:00 pm","050","Cross Road","Straight road","Level","Not Applicable","Sealed","Dry","Not Raining","Daylight","Roll Over","09","Other","2: MI","Traffic Signals","","",1329051.95,1669739.68,"13290521669740"
"2013-10412-27/05/2021","2 Metropolitan","PANORAMA","5041","CC MITCHAM.                   ",2,1,0,0,1,2013,"August","Friday","07:15 pm","060","Cross Road","Straight road","Level","Not Applicable","Sealed","Dry","Not Raining","Night","Right Angle","01","Driver Rider","2: MI","Stop Sign","","",1327996.82,1663499.93,"13279971663500"
"2013-10413-27/05/2021","2 Metropolitan","SEATON","5023","CITY OF CHARLES STURT",3,0,0,0,0,2013,"August","Saturday","10:30 am","060","T-Junction","Straight road","Level","Not Applicable","Sealed","Dry","Not Raining","Daylight","Right Turn","02","Driver Rider","1: PDO","No Control","","",1320773.15,1673441.43,"13207731673441"
"2013-10414-27/05/2021","2 Metropolitan","FINDON","5023","CITY OF CHARLES STURT",2,0,0,0,0,2013,"August","Friday","03:00 pm","050","Not Divided","Straight road","Level","Driveway or Entrance","Sealed","Dry","Not Raining","Daylight","Right Angle","01","Driver Rider","1: PDO","No Control","","",1321895.51,1673707.91,"13218961673708"
"2013-10415-27/05/2021","3 Country","PORT AUGUSTA","5700","CC PT.AUGUSTA.                ",2,0,0,0,0,2013,"August","Saturday","09:00 am","050","Cross Road","CURVED, VIEW OPEN","Slope","Not Applicable","Sealed","Dry","Not Raining","Daylight","Right Angle","02","Driver Rider","1: PDO","Give Way Sign","Y","",1259558,1941715.74,"12595581941716"
"2013-10416-27/05/2021","2 Metropolitan","NOARLUNGA CENTRE","5168","CITY OF ONKAPARINGA",2,1,0,0,1,2013,"August","Saturday","09:50 am","050","T-Junction","Straight road","Level","Not Applicable","Sealed","Dry","Not Raining","Daylight","Right Turn","02","Driver Rider","2: MI","No Control","","",1317486.44,1647088.83,"13174861647089"
"2013-10417-27/05/2021","2 Metropolitan","FULLARTON","5063","CITY OF UNLEY",2,0,0,0,0,2013,"August","Friday","06:20 pm","060","Not Divided","Straight road","Level","Not Applicable","Sealed","Dry","Not Raining","Night","Rear End","01","Driver Rider","1: PDO","No Control","","",1330789.51,1668254.34,"13307901668254"
"2013-10418-27/05/2021","2 Metropolitan","MELROSE PARK","5039","CC MITCHAM.                   ",3,1,0,0,1,2013,"August","Saturday","11:50 am","060","Cross Road","Straight road","Level","Not Applicable","Sealed","Dry","Not Raining","Daylight","Rear End","02","Driver Rider","2: MI","Stop Sign","","",1325933.74,1664285.14,"13259341664285"
"2013-10419-27/05/2021","2 Metropolitan","WARRADALE","5046","CC MARION.                    ",2,1,0,0,1,2013,"August","Saturday","01:15 pm","060","Cross Road","Straight road","Level","Not Applicable","Sealed","Dry","Not Raining","Daylight","Right Turn","02","Driver Rider","2: MI","Give Way Sign","","",1322740.46,1661817.67,"13227401661818"
"2013-10420-27/05/2021","2 Metropolitan","DOVER GARDENS","5048","CC MARION.                    ",2,0,0,0,0,2013,"August","Saturday","12:30 pm","060","Divided Road","Straight road","Level","Not Applicable","Sealed","Dry","Not Raining","Daylight","Hit Parked Vehicle","02","Driver Rider","1: PDO","No Control","","",1321987.68,1660580.64,"13219881660581"
"2013-10421-27/05/2021","2 Metropolitan","BROOKLYN PARK","5032","CITY OF WEST TORRENS",2,0,0,0,0,2013,"August","Saturday","01:00 pm","060","T-Junction","Straight road","Level","Not Applicable","Sealed","Dry","Not Raining","Daylight","Side Swipe","02","Driver Rider","1: PDO","No Control","","",1323593.19,1670925.11,"13235931670925"
"2013-10422-27/05/2021","2 Metropolitan","CHAIN OF PONDS","5231","THE ADELAIDE HILLS COUNCIL",2,1,0,0,1,2013,"August","Saturday","12:30 pm","080","Not Divided","Straight road","Level","Not Applicable","Sealed","Dry","Not Raining","Daylight","Side Swipe","01","Driver Rider","2: MI","No Control","","",1350023.18,1681275.12,"13500231681275"
"2013-10423-27/05/2021","2 Metropolitan","WYNN VALE","5127","CITY OF TEA TREE GULLY",2,0,0,0,0,2013,"August","Saturday","04:30 pm","070","T-Junction","Straight road","Bottom of Hill","Not Applicable","Sealed","Dry","Not Raining","Daylight","Rear End","01","Driver Rider","1: PDO","No Control","","",1336880.89,1684611.96,"13368811684612"
"2013-10424-27/05/2021","2 Metropolitan","ATHELSTONE","5076","CC CAMPBELLTOWN.              ",2,0,0,0,0,2013,"August","Saturday","08:00 pm","060","Not Divided","Straight road","Level","Not Applicable","Sealed","Dry","Not Raining","Night","Hit Parked Vehicle","02","Driver Rider","1: PDO","No Control","","",1337832.96,1675435.18,"13378331675435"
"2013-10425-27/05/2021","2 Metropolitan","KIDMAN PARK","5025","CITY OF CHARLES STURT",2,1,0,0,1,2013,"August","Friday","10:00 pm","050","Not Divided","Straight road","Level","Not Applicable","Sealed","Dry","Not Raining","Night","Hit Pedestrian","01","Driver Rider","2: MI","No Control","","",1322115.34,1672862.82,"13221151672863"
"2013-10426-27/05/2021","2 Metropolitan","SALISBURY PLAIN","5109","CITY OF SALISBURY",1,1,0,1,0,2013,"August","Friday","08:30 pm","060","Cross Road","Straight road","Level","Road hump or Slow point","Sealed","Dry","Not Raining","Night","Roll Over","01","Driver Rider","3: SI","Roundabout","","",1333807.7,1687916.19,"13338081687916"
"2013-10427-27/05/2021","2 Metropolitan","KILKENNY","5009","CITY OF CHARLES STURT",2,0,0,0,0,2013,"August","Saturday","04:00 pm","060","T-Junction","Straight road","Level","Not Applicable","Sealed","Dry","Not Raining","Daylight","Right Angle","02","Driver Rider","1: PDO","Give Way Sign","","",1324798.82,1676344.57,"13247991676345"
"2013-10428-27/05/2021","3 Country","COOBER PEDY","5723","DC COOBER PEDY                ",2,1,0,0,1,2013,"August","Saturday","08:55 pm","050","T-Junction","Straight road","Level","Not Applicable","Sealed","Dry","Not Raining","Night","Hit Fixed Object","01","Driver Rider","2: MI","No Control","Y","",975340.51,2331060.13,"09753412331060"
"2013-10429-27/05/2021","2 Metropolitan","BURTON","5110","CITY OF SALISBURY",2,0,0,0,0,2013,"August","Sunday","01:00 am","050","Not Divided","Straight road","Level","Not Applicable","Sealed","Dry","Not Raining","Night","Hit Parked Vehicle","02","Driver Rider","1: PDO","No Control","","",1328932.5,1690918.77,"13289331690919"
"2013-10430-27/05/2021","2 Metropolitan","HENDON","5014","CITY OF CHARLES STURT",2,0,0,0,0,2013,"August","Sunday","03:15 am","040","Divided Road","Straight road","Level","Roadworks","Sealed","Wet","Not Raining","Night","Hit Object on Road","01","Driver Rider","1: PDO","No Control","","",,,
"2013-10431-27/05/2021","2 Metropolitan","SHEIDOW PARK","5158","CC MARION.                    ",3,0,0,0,0,2013,"August","Sunday","04:34 am","080","T-Junction","Straight road","Level","Not Applicable","Sealed","Dry","Not Raining","Night","Hit Fixed Object","01","Driver Rider","1: PDO","Traffic Signals","Y","",1321177.96,1654686.82,"13211781654687"
"2013-10432-27/05/2021","2 Metropolitan","SELLICKS BEACH","5174","CITY OF ONKAPARINGA",2,0,0,0,0,2013,"August","Sunday","06:20 am","050","Not Divided","CURVED, VIEW OPEN","Level","Not Applicable","Sealed","Dry","Not Raining","Night","Hit Fixed Object","01","Driver Rider","1: PDO","No Control","","",1315283.47,1626758.48,"13152831626758"
"2013-10433-27/05/2021","2 Metropolitan","WYNN VALE","5127","CITY OF TEA TREE GULLY",1,0,0,0,0,2013,"August","Saturday","10:35 am","070","Divided Road","Straight road","Level","Not Applicable","Sealed","Dry","Not Raining","Daylight","Roll Over","09","Other","1: PDO","No Control","","",1336787.33,1684428.62,"13367871684429"
"2013-10434-27/05/2021","2 Metropolitan","WEST HINDMARSH","5007","CITY OF CHARLES STURT",2,2,0,0,2,2013,"August","Saturday","10:40 am","060","Cross Road","Straight road","Level","Not Applicable","Sealed","Dry","Not Raining","Daylight","Right Turn","01","Driver Rider","2: MI","Traffic Signals","","",1325465.32,1673127.77,"13254651673128"
"2013-10435-27/05/2021","3 Country","MORGAN","5320","MID MURRAY DISTRICT COUNCIL",2,0,0,0,0,2013,"August","Saturday","09:45 pm","100","Not Divided","Straight road","Level","Not Applicable","Sealed","Dry","Not Raining","Night","Hit Animal","01","Animal","1: PDO","No Control","Y","",1428926.58,1760574.92,"14289271760575"
"2013-10436-27/05/2021","2 Metropolitan","COROMANDEL VALLEY","5051","CITY OF ONKAPARINGA",2,0,0,0,0,2013,"August","Saturday","10:30 am","060","T-Junction","Straight road","Level","Not Applicable","Sealed","Dry","Not Raining","Daylight","Right Angle","02","Driver Rider","1: PDO","No Control","Y","",1330290.06,1657608.28,"13302901657608"
"2013-10437-27/05/2021","3 Country","LYNDOCH","5351","THE BAROSSA COUNCIL.",2,0,0,0,0,2013,"August","Saturday","10:20 am","050","Not Divided","Straight road","Level","Not Applicable","Sealed","Dry","Not Raining","Daylight","Hit Parked Vehicle","02","Driver Rider","1: PDO","No Control","","",1356214.38,1705791.19,"13562141705791"
"2013-10438-27/05/2021","3 Country","SANDALWOOD","5309","DC KAROONDA EAST MURRAY.      ",1,1,0,0,1,2013,"August","Saturday","11:50 am","110","Not Divided","Straight road","Crest of Hill","Not Applicable","Sealed","Dry","Not Raining","Daylight","Roll Over","01","Driver Rider","2: MI","No Control","","",1465183.77,1660598.24,"14651841660598"
"2013-10439-27/05/2021","2 Metropolitan","KINGS PARK","5034","CC MITCHAM.                   ",2,0,0,0,0,2013,"August","Saturday","12:30 pm","060","T-Junction","Straight road","Level","Not Applicable","Sealed","Dry","Not Raining","Daylight","Rear End","02","Driver Rider","1: PDO","No Control","","",1327661.09,1666207.92,"13276611666208"
"2013-10440-27/05/2021","2 Metropolitan","SEAFORD MEADOWS","5169","CITY OF ONKAPARINGA",2,0,0,0,0,2013,"August","Saturday","06:00 pm","070","Cross Road","Straight road","Level","Not Applicable","Sealed","Dry","Not Raining","Night","Rear End","02","Driver Rider","1: PDO","Roundabout","","",1316320.88,1643820.51,"13163211643821"
"2013-10441-27/05/2021","2 Metropolitan","WOODFORDE","5072","THE ADELAIDE HILLS COUNCIL",1,1,0,0,1,2013,"August","Saturday","03:15 pm","060","Not Divided","Straight road","Slope","Not Applicable","Sealed","Dry","Not Raining","Daylight","Roll Over","01","Driver Rider","2: MI","No Control","","",1336848.66,1672328.83,"13368491672329"
"2013-10442-27/05/2021","2 Metropolitan","PLYMPTON PARK","5038","CC MARION.                    ",2,0,0,0,0,2013,"August","Sunday","11:00 am","050","Cross Road","Straight road","Slope","Not Applicable","Sealed","Dry","Not Raining","Daylight","Right Angle","02","Driver Rider","1: PDO","Give Way Sign","","",1324061.79,1665887.84,"13240621665888"
"2013-10443-27/05/2021","2 Metropolitan","REGENCY PARK","5010","CITY OF PORT ADELAIDE ENFIELD",3,2,0,0,2,2013,"August","Sunday","10:30 am","060","Not Divided","Straight road","Level","Not Applicable","Sealed","Dry","Not Raining","Daylight","Rear End","01","Driver Rider","2: MI","No Control","","",1326687.99,1676381.21,"13266881676381"
"2013-10444-27/05/2021","2 Metropolitan","GILLMAN","5013","CITY OF PORT ADELAIDE ENFIELD",1,1,0,0,1,2013,"August","Friday","07:15 pm","060","Not Divided","CURVED, VIEW OPEN","Level","Not Applicable","Sealed","Dry","Not Raining","Night","Roll Over","01","Driver Rider","2: MI","No Control","","",1321437.21,1679768.43,"13214371679768"
"2013-10445-27/05/2021","2 Metropolitan","SEAVIEW DOWNS","5049","CC MARION.                    ",2,0,0,0,0,2013,"August","Sunday","10:15 am","060","Not Divided","Straight road","Level","Not Applicable","Sealed","Dry","Not Raining","Daylight","Right Angle","02","Driver Rider","1: PDO","No Control","","",1322040.16,1659354.67,"13220401659355"
"2013-10446-27/05/2021","3 Country","NANGKITA","5210","ALEXANDRINA COUNCIL",3,1,0,0,1,2013,"August","Sunday","12:10 pm","080","Not Divided","CURVED, VIEW OBSCURED","Slope","Not Applicable","Sealed","Dry","Not Raining","Daylight","Hit Animal","02","Animal","2: MI","No Control","","",1332806.07,1624175.89,"13328061624176"
"2013-10447-27/05/2021","2 Metropolitan","WEST LAKES SHORE","5020","CITY OF CHARLES STURT",2,0,0,0,0,2013,"August","Saturday","08:50 pm","060","Divided Road","Straight road","Level","Not Applicable","Sealed","Dry","Not Raining","Night","Hit Fixed Object","01","Driver Rider","1: PDO","No Control","","",1318080.86,1676658.45,"13180811676658"
"2013-10448-27/05/2021","2 Metropolitan","DUDLEY PARK","5008","CITY OF PORT ADELAIDE ENFIELD",2,0,0,0,0,2013,"August","Sunday","02:00 pm","050","Cross Road","Straight road","Level","Not Applicable","Sealed","Dry","Not Raining","Daylight","Right Angle","02","Driver Rider","1: PDO","Give Way Sign","","",1326672.77,1676167.94,"13266731676168"
"2013-10449-27/05/2021","2 Metropolitan","GLENELG NORTH","5045","CITY OF HOLDFAST BAY",2,1,0,0,1,2013,"August","Sunday","10:50 am","050","T-Junction","Straight road","Level","Not Applicable","Sealed","Dry","Not Raining","Daylight","Right Angle","02","Driver Rider","2: MI","No Control","","",1320052.19,1666664.38,"13200521666664"
"2013-10450-27/05/2021","2 Metropolitan","CLAPHAM","5062","CC MITCHAM.                   ",2,0,0,0,0,2013,"August","Saturday","08:45 pm","060","Not Divided","Straight road","Slope","Not Applicable","Sealed","Dry","Not Raining","Night","Hit Parked Vehicle","01","Driver Rider","1: PDO","No Control","","",1328748.59,1663520.42,"13287491663520"
"2013-10451-27/05/2021","2 Metropolitan","KESWICK TERMINAL","5035","CITY OF WEST TORRENS",2,0,0,0,0,2013,"August","Friday","10:25 pm","060","Cross Road","Straight road","Level","Not Applicable","Sealed","Dry","Not Raining","Night","Side Swipe","01","Driver Rider","1: PDO","Traffic Signals","","",1326175.83,1670102.31,"13261761670102"
"2013-10452-27/05/2021","3 Country","WILLIAMSTOWN","5351","THE BAROSSA COUNCIL.",2,0,0,0,0,2013,"August","Sunday","11:45 am","100","Not Divided","CURVED, VIEW OPEN","Slope","Not Applicable","Unsealed","Dry","Not Raining","Daylight","Hit Fixed Object","01","Driver Rider","1: PDO","No Control","","",,,
"2013-10453-27/05/2021","3 Country","BERRI","5343","THE BERRI BARMERA COUNCIL",2,0,0,0,0,2013,"August","Sunday","12:20 pm","080","T-Junction","Straight road","Level","Not Applicable","Sealed","Dry","Not Raining","Daylight","Rear End","02","Driver Rider","1: PDO","No Control","","",1515905.47,1736044.81,"15159051736045"
"2013-10454-27/05/2021","2 Metropolitan","FITZROY","5082","CITY OF PROSPECT",3,0,0,0,0,2013,"August","Sunday","04:00 pm","060","Divided Road","Straight road","Level","Not Applicable","Sealed","Dry","Not Raining","Daylight","Rear End","01","Driver Rider","1: PDO","No Control","","",1327610.26,1673639.44,"13276101673639"
"2013-10455-27/05/2021","2 Metropolitan","WYNN VALE","5127","CITY OF TEA TREE GULLY",2,0,0,0,0,2013,"August","Saturday","07:55 pm","080","Divided Road","Straight road","Slope","Not Applicable","Sealed","Dry","Not Raining","Night","Rear End","02","Driver Rider","1: PDO","No Control","","",1335664.06,1683253.7,"13356641683254"
"2013-10456-27/05/2021","2 Metropolitan","PARADISE","5075","CC CAMPBELLTOWN.              ",3,2,0,0,2,2013,"August","Sunday","03:30 pm","060","T-Junction","Straight road","Level","Not Applicable","Sealed","Dry","Not Raining","Daylight","Rear End","01","Driver Rider","2: MI","Traffic Signals","","",1334461.82,1676974.32,"13344621676974"
"2013-10457-27/05/2021","2 Metropolitan","BURNSIDE","5066","CITY OF BURNSIDE",1,1,0,0,1,2013,"August","Sunday","05:00 pm","050","Not Divided","Straight road","Slope","Not Applicable","Sealed","Dry","Not Raining","Daylight","Roll Over","01","Driver Rider","2: MI","No Control","","",1334469.68,1668191.9,"13344701668192"
"2013-10458-27/05/2021","2 Metropolitan","PENFIELD","5121","CITY OF PLAYFORD.",2,1,0,1,0,2013,"August","Sunday","03:30 pm","080","Multiple","Straight road","Level","Not Applicable","Sealed","Dry","Not Raining","Daylight","Hit Fixed Object","01","Driver Rider","3: SI","Roundabout","","",1331401.54,1697660.52,"13314021697661"
"2013-10459-27/05/2021","3 Country","BORRIKA","5309","DC KAROONDA EAST MURRAY.      ",1,1,0,0,1,2013,"August","Sunday","03:45 pm","110","Not Divided","CURVED, VIEW OPEN","Crest of Hill","Not Applicable","Sealed","Dry","Not Raining","Daylight","Roll Over","01","Driver Rider","2: MI","No Control","","Y",1463721.26,1658576.43,"14637211658576"
"2013-10460-27/05/2021","3 Country","BUMBUNGA","5520","WAKEFIELD REGIONAL COUNCIL",1,1,0,0,1,2013,"August","Sunday","01:45 am","100","Not Divided","CURVED, VIEW OBSCURED","Level","Not Applicable","Unsealed","Wet","Not Raining","Night","Roll Over","01","Driver Rider","2: MI","No Control","Y","",1296139.74,1782564.1,"12961401782564"
"2013-10461-27/05/2021","2 Metropolitan","TEA TREE GULLY","5091","CITY OF TEA TREE GULLY",2,1,0,0,1,2013,"August","Sunday","08:02 pm","080","Not Divided","CURVED, VIEW OPEN","Slope","Not Applicable","Sealed","Dry","Not Raining","Night","Hit Fixed Object","01","Driver Rider","2: MI","No Control","","",1341703.69,1681475.4,"13417041681475"
"2013-10462-27/05/2021","2 Metropolitan","UNDERDALE","5032","CITY OF WEST TORRENS",2,0,0,0,0,2013,"August","Sunday","06:20 pm","060","Divided Road","Straight road","Level","Not Applicable","Sealed","Dry","Not Raining","Night","Rear End","01","Driver Rider","1: PDO","No Control","","",1323816.39,1672097.49,"13238161672097"
"2013-10463-27/05/2021","2 Metropolitan","STEPNEY","5069","CC OF NORWOOD,PAYNEHAM & ST PETERS",2,1,0,0,1,2013,"August","Saturday","10:00 pm","060","Not Divided","Straight road","Level","Not Applicable","Sealed","Dry","Not Raining","Night","Hit Fixed Object","01","Driver Rider","2: MI","No Control","","",1331046.82,1672312.15,"13310471672312"
"2013-10464-27/05/2021","2 Metropolitan","ROSTREVOR","5073","CC CAMPBELLTOWN.              ",4,1,0,0,1,2013,"August","Friday","02:55 pm","050","Not Divided","Straight road","Level","Not Applicable","Sealed","Dry","Not Raining","Daylight","Hit Fixed Object","01","Driver Rider","2: MI","No Control","","",1335981,1673421.91,"13359811673422"
"2013-10465-27/05/2021","2 Metropolitan","GILLES PLAINS","5086","CITY OF PORT ADELAIDE ENFIELD",2,1,0,0,1,2013,"August","Saturday","10:30 pm","050","Not Divided","Straight road","Level","Not Applicable","Sealed","Dry","Not Raining","Night","Hit Fixed Object","01","Driver Rider","2: MI","No Control","","",1333896.48,1678673.99,"13338961678674"
"2013-10466-27/05/2021","2 Metropolitan","POORAKA","5095","CITY OF SALISBURY",2,0,0,0,0,2013,"August","Sunday","09:15 pm","060","T-Junction","Straight road","Level","Not Applicable","Sealed","Dry","Not Raining","Night","Hit Fixed Object","01","Driver Rider","1: PDO","No Control","","",1331105.13,1680455.76,"13311051680456"
"2013-10467-27/05/2021","2 Metropolitan","BROOKLYN PARK","5032","CITY OF WEST TORRENS",2,0,0,0,0,2013,"August","Sunday","07:55 pm","060","T-Junction","Straight road","Level","Not Applicable","Sealed","Dry","Not Raining","Night","Right Turn","01","Driver Rider","1: PDO","Traffic Signals","","",1324123.03,1670938.82,"13241231670939"
"2013-10468-27/05/2021","2 Metropolitan","BROMPTON","5007","CITY OF CHARLES STURT",2,0,0,0,0,2013,"August","Sunday","01:20 pm","040","Cross Road","Straight road","Level","Not Applicable","Sealed","Dry","Not Raining","Daylight","Right Angle","01","Driver Rider","1: PDO","Traffic Signals","","",1326666.42,1673728.21,"13266661673728"