"REPORT_ID","Stats Area","Suburb","Postcode","LGA Name","Total Units","Total Cas","Total Fats","Total SI","Total MI","Year","Month","Day","Time","Area Speed","Position Type","Horizontal Align","Vertical Align","Other Feat","Road Surface","Moisture Cond","Weather Cond","DayNight","Crash Type","Unit Resp","Entity Code","CSEF Severity","Traffic Ctrls","DUI Involved","Drugs Involved","ACCLOC_X","ACCLOC_Y","UNIQUE_LOC"
"2013-10550-27/05/2021","2 Metropolitan","PROSPECT","5082","CITY OF PROSPECT",3,1,0,0,1,2013,"August","Tuesday","04:30 pm","060","Not Divided","Straight road","Level","Not Applicable","Sealed","Dry","Not Raining","Daylight","Rear End","01","Driver Rider","2: MI","No Control","","",,,
"2013-10551-27/05/2021","2 Metropolitan","GEPPS CROSS","5094","CITY OF PORT ADELAIDE ENFIELD",2,1,0,0,1,2013,"August","Tuesday","03:49 pm","050","Not Divided","Straight road","Level","Driveway or Entrance","Sealed","Dry","Not Raining","Daylight","Side Swipe","01","Driver Rider","2: MI","No Control","","Y",1328222.04,1679902.13,"13282221679902"
"2013-10552-27/05/2021","2 Metropolitan","SALISBURY","5108","CITY OF SALISBURY",2,0,0,0,0,2013,"August","Tuesday","06:15 pm","060","T-Junction","CURVED, VIEW OPEN","Level","Not Applicable","Sealed","Dry","Not Raining","Night","Side Swipe","02","Driver Rider","1: PDO","Traffic Signals","","",1333126.64,1688469.42,"13331271688469"
"2013-10553-27/05/2021","2 Metropolitan","FIRLE","5070","CC OF NORWOOD,PAYNEHAM & ST PETERS",3,0,0,0,0,2013,"August","Tuesday","03:15 pm","060","T-Junction","Straight road","Level","Not Applicable","Sealed","Dry","Not Raining","Daylight","Right Turn","01","Driver Rider","1: PDO","No Control","","",1333818.62,1673107.29,"13338191673107"
"2013-10554-27/05/2021","2 Metropolitan","ATHELSTONE","5076","CC CAMPBELLTOWN.              ",2,0,0,0,0,2013,"August","Tuesday","04:15 pm","060","T-Junction","Straight road","Level","Not Applicable","Sealed","Dry","Not Raining","Daylight","Rear End","01","Driver Rider","1: PDO","No Control","","",,,
"2013-10555-27/05/2021","2 Metropolitan","EDWARDSTOWN","5039","CC MARION.                    ",3,0,0,0,0,2013,"August","Tuesday","04:30 pm","060","T-Junction","Straight road","Level","Not Applicable","Sealed","Dry","Not Raining","Daylight","Right Turn","01","Driver Rider","1: PDO","Traffic Signals","","",1325930.82,1664392.35,"13259311664392"
"2013-10556-27/05/2021","2 Metropolitan","NAILSWORTH","5083","CITY OF PROSPECT",2,0,0,0,0,2013,"August","Tuesday","08:40 pm","050","T-Junction","Straight road","Level","Not Applicable","Sealed","Dry","Not Raining","Night","Hit Parked Vehicle","02","Driver Rider","1: PDO","No Control","","",1329616.45,1675698.48,"13296161675698"
"2013-10557-27/05/2021","2 Metropolitan","MORPHETT VALE","5162","CITY OF ONKAPARINGA",3,0,0,0,0,2013,"August","Tuesday","03:35 pm","060","T-Junction","Straight road","Level","Median Opening (not at I/S)","Sealed","Dry","Not Raining","Daylight","Right Angle","01","Driver Rider","1: PDO","No Control","","",1320766.67,1650197.31,"13207671650197"
"2013-10558-27/05/2021","3 Country","STUARTS CREEK","5720",,1,2,0,0,2,2013,"August","Tuesday","12:30 pm","100","Not Divided","CURVED, VIEW OBSCURED","Slope","Not Applicable","Unsealed","Dry","Not Raining","Daylight","Roll Over","01","Driver Rider","2: MI","No Control","","",1171593.97,2290492.09,"11715942290492"
"2013-10559-27/05/2021","2 Metropolitan","WINGFIELD","5013","CITY OF PORT ADELAIDE ENFIELD",2,0,0,0,0,2013,"August","Tuesday","04:15 pm","060","Cross Road","Straight road","Level","Not Applicable","Sealed","Dry","Not Raining","Daylight","Rear End","02","Driver Rider","1: PDO","Traffic Signals","","",1323910.9,1679152.49,"13239111679152"
"2013-10560-27/05/2021","2 Metropolitan","WAYVILLE","5034","CITY OF UNLEY",2,0,0,0,0,2013,"August","Tuesday","04:50 pm","060","T-Junction","Straight road","Level","Not Applicable","Sealed","Dry","Not Raining","Daylight","Rear End","02","Driver Rider","1: PDO","No Control","","",1328087.35,1668953.62,"13280871668954"
"2013-10561-27/05/2021","2 Metropolitan","WYNN VALE","5127","CITY OF TEA TREE GULLY",1,0,0,0,0,2013,"August","Tuesday","11:28 pm","050","T-Junction","CURVED, VIEW OPEN","Slope","Not Applicable","Sealed","Dry","Not Raining","Night","Roll Over","01","Driver Rider","1: PDO","No Control","","",1336289.68,1683947.71,"13362901683948"
"2013-10562-27/05/2021","2 Metropolitan","SOUTH PLYMPTON","5038","CC MARION.                    ",2,0,0,0,0,2013,"August","Tuesday","06:50 am","050","Not Divided","Straight road","Level","Driveway or Entrance","Sealed","Dry","Not Raining","Night","Hit Fixed Object","01","Driver Rider","1: PDO","No Control","","",1324770.82,1664738.79,"13247711664739"
"2013-10563-27/05/2021","2 Metropolitan","INGLE FARM","5098","CITY OF SALISBURY",2,0,0,0,0,2013,"August","Wednesday","08:00 am","070","Cross Road","Straight road","Level","Not Applicable","Sealed","Wet","Raining","Daylight","Rear End","01","Driver Rider","1: PDO","Traffic Signals","","",1332126.96,1681789.14,"13321271681789"
"2013-10564-27/05/2021","3 Country","PORT LINCOLN","5606","CC PT.LINCOLN.                ",2,0,0,0,0,2013,"August","Tuesday","02:30 pm","050","T-Junction","Straight road","Level","Not Applicable","Sealed","Dry","Not Raining","Daylight","Right Angle","01","Driver Rider","1: PDO","No Control","","",1078542.36,1698101.57,"10785421698102"
"2013-10565-27/05/2021","3 Country","PORT LINCOLN","5606","CC PT.LINCOLN.                ",2,1,0,0,1,2013,"August","Monday","01:00 pm","060","Multiple","Straight road","Level","Not Applicable","Sealed","Dry","Not Raining","Daylight","Rear End","02","Driver Rider","2: MI","Roundabout","","",1078453.97,1697795.07,"10784541697795"
"2013-10566-27/05/2021","2 Metropolitan","URRBRAE","5064","CC MITCHAM.                   ",6,0,0,0,0,2013,"August","Wednesday","07:50 am","060","Divided Road","Straight road","Level","Not Applicable","Sealed","Wet","Raining","Daylight","Rear End","02","Driver Rider","1: PDO","No Control","","",1331480.04,1666312.05,"13314801666312"
"2013-10567-27/05/2021","3 Country","SNOWTOWN","5520","WAKEFIELD REGIONAL COUNCIL",2,0,0,0,0,2013,"August","Monday","03:02 pm","110","Not Divided","Straight road","Level","Not Applicable","Sealed","Dry","Not Raining","Daylight","Hit Fixed Object","01","Driver Rider","1: PDO","No Control","","",1297115.41,1807403.05,"12971151807403"
"2013-10568-27/05/2021","3 Country","MOUNT GAMBIER","5290","CC MT.GAMBIER.                ",2,0,0,0,0,2013,"August","Wednesday","09:15 am","050","Not Divided","Straight road","Level","Driveway or Entrance","Sealed","Wet","Not Raining","Daylight","Right Angle","02","Driver Rider","1: PDO","No Control","","",1510047.07,1339956.76,"15100471339957"
"2013-10569-27/05/2021","3 Country","MOORAK","5291","DISTRICT COUNCIL OF GRANT",2,0,0,0,0,2013,"August","Tuesday","06:00 pm","110","Not Divided","Straight road","Level","Not Applicable","Sealed","Wet","Not Raining","Night","Hit Animal","02","Animal","1: PDO","No Control","","",1500320.9,1337877.92,"15003211337878"
"2013-10570-27/05/2021","2 Metropolitan","HAWTHORN","5062","CC MITCHAM.                   ",2,1,0,0,1,2013,"August","Tuesday","03:00 pm","060","Divided Road","Straight road","Level","Not Applicable","Sealed","Dry","Not Raining","Daylight","Rear End","02","Driver Rider","2: MI","No Control","","",1328239.28,1666224.23,"13282391666224"
"2013-10571-27/05/2021","1 City","ADELAIDE","5000","CITY OF ADELAIDE",2,0,0,0,0,2013,"August","Wednesday","08:30 am","050","T-Junction","Straight road","Level","Not Applicable","Sealed","Wet","Raining","Daylight","Right Angle","01","Driver Rider","1: PDO","No Control","","",1328254.21,1669717.26,"13282541669717"
"2013-10572-27/05/2021","1 City","ADELAIDE","5000","CITY OF ADELAIDE",3,1,0,0,1,2013,"August","Saturday","01:40 am","050","Divided Road","Straight road","Level","Not Applicable","Sealed","Dry","Not Raining","Night","Hit Pedestrian","01","Driver Rider","2: MI","No Control","","",1329279.35,1670843.32,"13292791670843"
"2013-10573-27/05/2021","2 Metropolitan","REYNELLA EAST","5161","CITY OF ONKAPARINGA",2,0,0,0,0,2013,"August","Wednesday","08:33 am","050","T-Junction","Straight road","Level","Not Applicable","Sealed","Wet","Raining","Daylight","Right Turn","02","Driver Rider","1: PDO","No Control","","",1324186.25,1652379.67,"13241861652380"
"2013-10574-27/05/2021","3 Country","KONGORONG","5291","DISTRICT COUNCIL OF GRANT",2,0,0,0,0,2013,"August","Wednesday","06:45 am","110","Not Divided","CURVED, VIEW OPEN","Level","Not Applicable","Sealed","Wet","Not Raining","Night","Hit Fixed Object","01","Driver Rider","1: PDO","No Control","","",1491156.48,1338862.96,"14911561338863"
"2013-10575-27/05/2021","2 Metropolitan","ELIZABETH","5112","CITY OF PLAYFORD.",2,0,0,0,0,2013,"August","Wednesday","11:50 am","050","Divided Road","CURVED, VIEW OPEN","Level","Driveway or Entrance","Sealed","Wet","Not Raining","Daylight","Right Angle","01","Driver Rider","1: PDO","No Control","","",1335490.78,1693712.7,"13354911693713"
"2013-10576-27/05/2021","2 Metropolitan","FLAGSTAFF HILL","5159","CITY OF ONKAPARINGA",2,0,0,0,0,2013,"August","Wednesday","08:50 am","050","Not Divided","Straight road","Level","Not Applicable","Sealed","Wet","Raining","Daylight","Right Angle","02","Driver Rider","1: PDO","No Control","","",1327305.01,1656735.41,"13273051656735"
"2013-10577-27/05/2021","2 Metropolitan","CRAFERS","5152","THE ADELAIDE HILLS COUNCIL",2,0,0,0,0,2013,"August","Tuesday","09:54 pm","060","Cross Road","CURVED, VIEW OPEN","Bottom of Hill","Not Applicable","Sealed","Dry","Not Raining","Night","Hit Fixed Object","01","Driver Rider","1: PDO","Give Way Sign","","",1339748.59,1663901.36,"13397491663901"
"2013-10578-27/05/2021","2 Metropolitan","WAYVILLE","5034","CITY OF UNLEY",2,1,0,0,1,2013,"August","Tuesday","06:00 pm","060","Divided Road","Straight road","Slope","Not Applicable","Sealed","Dry","Not Raining","Night","Rear End","02","Driver Rider","2: MI","No Control","","",1326982.92,1668918.04,"13269831668918"
"2013-10579-27/05/2021","2 Metropolitan","O'HALLORAN HILL","5158","CITY OF ONKAPARINGA",2,1,0,0,1,2013,"August","Sunday","09:25 pm","080","Divided Road","Straight road","Level","Driveway or Entrance","Sealed","Dry","Not Raining","Night","Right Turn","02","Driver Rider","2: MI","No Control","","",1324338.98,1657030.16,"13243391657030"
"2013-10580-27/05/2021","2 Metropolitan","HAMPSTEAD GARDENS","5086","CITY OF PORT ADELAIDE ENFIELD",6,0,0,0,0,2013,"August","Wednesday","09:30 am","060","Not Divided","Straight road","Level","Not Applicable","Sealed","Wet","Raining","Daylight","Hit Parked Vehicle","01","Driver Rider","1: PDO","No Control","Y","",1331553.23,1676413.02,"13315531676413"
"2013-10581-27/05/2021","3 Country","HAMLEY BRIDGE","5401","LIGHT REGIONAL COUNCIL",1,1,0,0,1,2013,"August","Wednesday","09:30 am","080","Not Divided","Straight road","Bottom of Hill","Not Applicable","Unsealed","Wet","Raining","Daylight","Roll Over","01","Driver Rider","2: MI","No Control","","",1339320.76,1730932.23,"13393211730932"
"2013-10582-27/05/2021","3 Country","LOXTON","5333","LOXTON WAIKERIE DISTRICT COUNCIL",2,0,0,0,0,2013,"August","Wednesday","12:50 pm","060","Cross Road","Straight road","Bottom of Hill","Not Applicable","Sealed","Wet","Raining","Daylight","Right Angle","02","Driver Rider","1: PDO","Give Way Sign","","",1511020.34,1715517.82,"15110201715518"
"2013-10583-27/05/2021","1 City","NORTH ADELAIDE","5006","CITY OF ADELAIDE",2,0,0,0,0,2013,"August","Wednesday","01:30 pm","050","Cross Road","Straight road","Level","Not Applicable","Sealed","Dry","Not Raining","Daylight","Right Turn","02","Driver Rider","1: PDO","Traffic Signals","","",1328673.37,1672674.12,"13286731672674"
"2013-10584-27/05/2021","3 Country","MOUNT GAMBIER","5290","CC MT.GAMBIER.                ",2,0,0,0,0,2013,"August","Wednesday","10:15 am","050","T-Junction","Straight road","Level","Not Applicable","Sealed","Wet","Raining","Daylight","Hit Fixed Object","01","Driver Rider","1: PDO","No Control","","",1512516.21,1339439.85,"15125161339440"
"2013-10585-27/05/2021","2 Metropolitan","ALDINGA BEACH","5173","CITY OF ONKAPARINGA",2,0,0,0,0,2013,"August","Wednesday","03:20 pm","050","Not Divided","CURVED, VIEW OBSCURED","Level","Not Applicable","Sealed","Dry","Not Raining","Daylight","Head On","01","Driver Rider","1: PDO","No Control","","",1313275.6,1629294.1,"13132761629294"
"2013-10586-27/05/2021","2 Metropolitan","HAPPY VALLEY","5159","CITY OF ONKAPARINGA",2,0,0,0,0,2013,"August","Wednesday","08:30 am","060","Not Divided","Straight road","Level","Not Applicable","Sealed","Wet","Raining","Daylight","Rear End","02","Driver Rider","1: PDO","No Control","","",,,
"2013-10587-27/05/2021","2 Metropolitan","INGLE FARM","5098","CITY OF SALISBURY",2,0,0,0,0,2013,"August","Wednesday","08:30 am","070","Cross Road","Straight road","Level","Not Applicable","Sealed","Wet","Raining","Daylight","Rear End","02","Driver Rider","1: PDO","Traffic Signals","","",1332126.96,1681789.14,"13321271681789"
"2013-10588-27/05/2021","2 Metropolitan","HAWTHORN","5062","CC MITCHAM.                   ",2,0,0,0,0,2013,"August","Wednesday","09:10 am","060","Divided Road","Straight road","Level","Not Applicable","Sealed","Wet","Raining","Daylight","Rear End","01","Driver Rider","1: PDO","No Control","","",1328558.1,1666232.72,"13285581666233"
"2013-10589-27/05/2021","2 Metropolitan","SEATON","5023","CITY OF CHARLES STURT",2,0,0,0,0,2013,"August","Wednesday","02:50 pm","060","Not Divided","Straight road","Level","Driveway or Entrance","Sealed","Dry","Not Raining","Daylight","Right Angle","02","Driver Rider","1: PDO","No Control","","",1320876.01,1674687.08,"13208761674687"
"2013-10590-27/05/2021","3 Country","BOOKABIE","5690",,2,0,0,0,0,2013,"August","Wednesday","03:00 pm","110","Not Divided","Straight road","Slope","Not Applicable","Sealed","Dry","Not Raining","Daylight","Roll Over","01","Driver Rider","1: PDO","No Control","","",784114.59,2015900.02,"07841152015900"
"2013-10591-27/05/2021","2 Metropolitan","WEST HINDMARSH","5007","CITY OF CHARLES STURT",2,0,0,0,0,2013,"August","Wednesday","03:30 pm","060","Cross Road","Straight road","Level","Not Applicable","Sealed","Dry","Not Raining","Daylight","Right Turn","02","Driver Rider","1: PDO","Traffic Signals","","",1325421.27,1673141.18,"13254211673141"
"2013-10592-27/05/2021","2 Metropolitan","TENNYSON","5022","CITY OF CHARLES STURT",2,1,0,0,1,2013,"August","Wednesday","06:20 am","060","T-Junction","Straight road","Level","Not Applicable","Sealed","Dry","Not Raining","Night","Right Angle","02","Driver Rider","2: MI","No Control","","",1318308.81,1675308.57,"13183091675309"
"2013-10593-27/05/2021","2 Metropolitan","BEDFORD PARK","5042","CC MARION.                    ",2,0,0,0,0,2013,"August","Wednesday","04:55 pm","050","Not Divided","Straight road","Level","Not Applicable","Sealed","Dry","Not Raining","Daylight","Side Swipe","01","Driver Rider","1: PDO","No Control","","",1325134.73,1660648.62,"13251351660649"
"2013-10594-27/05/2021","2 Metropolitan","DARLINGTON","5047","CITY OF ONKAPARINGA",2,0,0,0,0,2013,"August","Wednesday","06:00 pm","060","Divided Road","Straight road","Level","Not Applicable","Sealed","Dry","Not Raining","Night","Rear End","01","Driver Rider","1: PDO","No Control","","",1324435.31,1659628.81,"13244351659629"
"2013-10595-27/05/2021","2 Metropolitan","SALISBURY","5108","CITY OF SALISBURY",2,1,0,0,1,2013,"August","Wednesday","04:40 pm","050","T-Junction","Straight road","Level","Not Applicable","Sealed","Dry","Not Raining","Daylight","Right Angle","02","Driver Rider","2: MI","No Control","","",1333965.84,1688639.93,"13339661688640"
"2013-10596-27/05/2021","2 Metropolitan","HENLEY BEACH","5022","CITY OF CHARLES STURT",3,0,0,0,0,2013,"August","Wednesday","03:15 pm","050","Not Divided","Straight road","Level","Not Applicable","Sealed","Dry","Not Raining","Daylight","Hit Parked Vehicle","01","Driver Rider","1: PDO","No Control","","",,,
"2013-10597-27/05/2021","2 Metropolitan","PENNINGTON","5013","CITY OF CHARLES STURT",2,0,0,0,0,2013,"August","Wednesday","05:15 pm","060","T-Junction","Straight road","Level","Not Applicable","Sealed","Dry","Not Raining","Daylight","Right Turn","01","Driver Rider","1: PDO","No Control","","",1322283.77,1678301.2,"13222841678301"
"2013-10598-27/05/2021","2 Metropolitan","MAWSON LAKES","5095","CITY OF SALISBURY",2,1,0,0,1,2013,"August","Wednesday","06:15 pm","070","Cross Road","Straight road","Bottom of Hill","Not Applicable","Sealed","Dry","Not Raining","Night","Rear End","02","Driver Rider","2: MI","Traffic Signals","","",1329566.06,1684422.81,"13295661684423"
"2013-10599-27/05/2021","2 Metropolitan","BEDFORD PARK","5042","CC MITCHAM.                   ",2,0,0,0,0,2013,"August","Wednesday","04:00 pm","070","Cross Road","Straight road","Level","Not Applicable","Sealed","Dry","Not Raining","Daylight","Side Swipe","02","Driver Rider","1: PDO","Traffic Signals","","",1325415.07,1660698.62,"13254151660699"
"2013-10600-27/05/2021","2 Metropolitan","PARA HILLS WEST","5096","CITY OF SALISBURY",2,1,0,0,1,2013,"August","Wednesday","06:50 pm","060","Cross Road","Straight road","Level","Not Applicable","Sealed","Dry","Not Raining","Night","Right Turn","01","Driver Rider","2: MI","Traffic Signals","Y","",1333434.52,1683702.92,"13334351683703"
"2013-10601-27/05/2021","2 Metropolitan","O'HALLORAN HILL","5158","CITY OF ONKAPARINGA",3,0,0,0,0,2013,"August","Wednesday","02:50 pm","080","Divided Road","Straight road","Slope","Not Applicable","Sealed","Dry","Not Raining","Daylight","Side Swipe","02","Driver Rider","1: PDO","No Control","","",1323490.25,1654293.44,"13234901654293"
"2013-10602-27/05/2021","3 Country","MOUNT COMPASS","5210","ALEXANDRINA COUNCIL",2,0,0,0,0,2013,"August","Wednesday","03:45 pm","080","Not Divided","Straight road","Level","Not Applicable","Sealed","Dry","Not Raining","Daylight","Hit Fixed Object","01","Driver Rider","1: PDO","No Control","","",1328925.66,1623352.29,"13289261623352"
"2013-10603-27/05/2021","2 Metropolitan","SALISBURY","5108","CITY OF SALISBURY",2,0,0,0,0,2013,"August","Wednesday","07:45 pm","060","Multiple","CURVED, VIEW OPEN","Level","Not Applicable","Sealed","Dry","Not Raining","Night","Right Turn","01","Driver Rider","1: PDO","Traffic Signals","","",1333632.48,1688660.75,"13336321688661"
"2013-10604-27/05/2021","2 Metropolitan","BRIDGEWATER","5155","THE ADELAIDE HILLS COUNCIL",1,0,0,0,0,2013,"August","Wednesday","08:32 pm","050","Rail Crossing","CURVED, VIEW OBSCURED","Slope","Not Applicable","Sealed","Dry","Not Raining","Night","Left Road - Out of Control","01","Driver Rider","1: PDO","Rail Xing - Flashing","","",1341954.81,1661012.25,"13419551661012"
"2013-10605-27/05/2021","3 Country","UNGARRA","5607","DC TUMBY BAY.                 ",1,3,0,2,1,2013,"August","Wednesday","07:20 pm","100","Not Divided","CURVED, VIEW OPEN","Level","Not Applicable","Unsealed","Wet","Not Raining","Night","Roll Over","01","Driver Rider","3: SI","No Control","","",1092725.53,1748318.78,"10927261748319"
"2013-10606-27/05/2021","2 Metropolitan","WILLUNGA","5172","CITY OF ONKAPARINGA",2,0,0,0,0,2013,"August","Thursday","04:30 am","100","Not Divided","Straight road","Level","Not Applicable","Sealed","Dry","Not Raining","Night","Hit Animal","02","Animal","1: PDO","No Control","","",1321505.11,1632858.5,"13215051632859"
"2013-10607-27/05/2021","3 Country","RENMARK","5341","DC RENMARK PARINGA            ",2,0,0,0,0,2013,"August","Wednesday","11:00 pm","080","Not Divided","Straight road","Level","Bridge, Culvert, Causeway","Sealed","Dry","Not Raining","Night","Hit Fixed Object","01","Driver Rider","1: PDO","No Control","Y","",1527014.27,1745437.7,"15270141745438"
"2013-10608-27/05/2021","2 Metropolitan","CAMDEN PARK","5038","CITY OF WEST TORRENS",2,0,0,0,0,2013,"August","Wednesday","11:30 am","060","T-Junction","Straight road","Level","Not Applicable","Sealed","Dry","Not Raining","Daylight","Rear End","02","Driver Rider","1: PDO","No Control","","",1322615.66,1666104.64,"13226161666105"
"2013-10609-27/05/2021","3 Country","NANGKITA","5210","ALEXANDRINA COUNCIL",3,0,0,0,0,2013,"August","Saturday","06:30 pm","080","Not Divided","Straight road","Level","Not Applicable","Sealed","Dry","Not Raining","Night","Hit Fixed Object","01","Driver Rider","1: PDO","No Control","","",,,
"2013-10610-27/05/2021","2 Metropolitan","SALISBURY EAST","5109","CITY OF SALISBURY",3,0,0,0,0,2013,"August","Wednesday","04:05 pm","080","Cross Road","Straight road","Level","Not Applicable","Sealed","Dry","Not Raining","Daylight","Rear End","01","Driver Rider","1: PDO","Traffic Signals","","",1333277.7,1685371.45,"13332781685371"
"2013-10611-27/05/2021","3 Country","EBENEZER","5355","LIGHT REGIONAL COUNCIL",2,0,0,0,0,2013,"August","Wednesday","10:50 am","080","Not Divided","Straight road","Level","Not Applicable","Unsealed","Wet","Raining","Daylight","Hit Fixed Object","01","Driver Rider","1: PDO","No Control","","",1365996.83,1724665.71,"13659971724666"
"2013-10612-27/05/2021","1 City","NORTH ADELAIDE","5006","CITY OF ADELAIDE",2,0,0,0,0,2013,"August","Thursday","08:52 am","050","T-Junction","CURVED, VIEW OPEN","Level","Not Applicable","Sealed","Dry","Not Raining","Daylight","Rear End","01","Driver Rider","1: PDO","Give Way Sign","","",1328667.66,1672547.04,"13286681672547"
"2013-10613-27/05/2021","2 Metropolitan","ELIZABETH GROVE","5112","CITY OF PLAYFORD.",2,1,0,0,1,2013,"August","Thursday","08:15 am","080","Cross Road","Straight road","Level","Not Applicable","Sealed","Dry","Not Raining","Daylight","Rear End","02","Driver Rider","2: MI","Traffic Signals","","",1336102.24,1692239.97,"13361021692240"
"2013-10614-27/05/2021","2 Metropolitan","ALDINGA","5173","CITY OF ONKAPARINGA",3,0,0,0,0,2013,"August","Wednesday","04:15 pm","080","Divided Road","Straight road","Level","Not Applicable","Sealed","Dry","Not Raining","Daylight","Other","02","Driver Rider","1: PDO","No Control","","",,,
"2013-10615-27/05/2021","1 City","ADELAIDE","5000","CITY OF ADELAIDE",2,1,0,0,1,2013,"August","Thursday","09:03 am","050","Cross Road","Straight road","Level","Not Applicable","Sealed","Dry","Not Raining","Daylight","Right Angle","01","Driver Rider","2: MI","Traffic Signals","","",1329033.88,1670373.94,"13290341670374"
"2013-10616-27/05/2021","3 Country","BERRI","5343","THE BERRI BARMERA COUNCIL",2,0,0,0,0,2013,"August","Thursday","07:30 am","060","T-Junction","CURVED, VIEW OPEN","Level","Not Applicable","Sealed","Dry","Not Raining","Daylight","Right Angle","02","Driver Rider","1: PDO","No Control","","",1514505.68,1734169.04,"15145061734169"
"2013-10617-27/05/2021","2 Metropolitan","HILLBANK","5112","CITY OF PLAYFORD.",2,1,0,0,1,2013,"August","Thursday","07:55 am","080","Divided Road","Straight road","Level","Not Applicable","Sealed","Dry","Not Raining","Daylight","Rear End","01","Driver Rider","2: MI","No Control","","",1336153.76,1690397.12,"13361541690397"
"2013-10618-27/05/2021","2 Metropolitan","NORWOOD","5067","CC OF NORWOOD,PAYNEHAM & ST PETERS",3,1,0,0,1,2013,"August","Thursday","08:55 am","060","Cross Road","Straight road","Level","Not Applicable","Sealed","Dry","Not Raining","Daylight","Right Turn","01","Driver Rider","2: MI","Stop Sign","","",1331050.76,1670373.67,"13310511670374"
"2013-10619-27/05/2021","3 Country","ROXBY DOWNS","5725","MC ROXBY DOWNS                ",1,1,0,0,1,2013,"August","Wednesday","06:15 am","110","T-Junction","Straight road","Level","Not Applicable","Sealed","Dry","Not Raining","Night","Roll Over","01","Driver Rider","2: MI","No Control","","",1183745.64,2158297.57,"11837462158298"
"2013-10620-27/05/2021","2 Metropolitan","ELIZABETH","5112","CITY OF PLAYFORD.",2,0,0,0,0,2013,"August","Thursday","12:45 pm","050","Cross Road","CURVED, VIEW OPEN","Level","Not Applicable","Sealed","Dry","Not Raining","Daylight","Side Swipe","01","Driver Rider","1: PDO","Give Way Sign","","",1335585.45,1693769.27,"13355851693769"
"2013-10621-27/05/2021","2 Metropolitan","BLACKWOOD","5051","CC MITCHAM.                   ",2,0,0,0,0,2013,"August","Thursday","12:25 pm","060","T-Junction","Straight road","Level","Not Applicable","Sealed","Dry","Not Raining","Daylight","Rear End","02","Driver Rider","1: PDO","No Control","","",1330232.16,1659638.29,"13302321659638"
"2013-10622-27/05/2021","2 Metropolitan","NOARLUNGA CENTRE","5168","CITY OF ONKAPARINGA",2,0,0,0,0,2013,"August","Thursday","01:55 pm","050","T-Junction","Straight road","Level","Not Applicable","Sealed","Dry","Not Raining","Daylight","Right Angle","02","Driver Rider","1: PDO","No Control","","",1317486.44,1647088.83,"13174861647089"
"2013-10623-27/05/2021","2 Metropolitan","NEWTON","5074","CC CAMPBELLTOWN.              ",2,1,0,0,1,2013,"August","Wednesday","09:40 pm","060","T-Junction","Straight road","Level","Not Applicable","Sealed","Dry","Not Raining","Night","Right Turn","01","Driver Rider","2: MI","Traffic Signals","","",1335398.01,1674978.91,"13353981674979"
"2013-10624-27/05/2021","2 Metropolitan","MAGILL","5072","CC CAMPBELLTOWN.              ",2,1,0,0,1,2013,"August","Thursday","03:30 pm","060","Not Divided","Straight road","Level","Not Applicable","Sealed","Dry","Not Raining","Daylight","Rear End","01","Driver Rider","2: MI","No Control","","",,,
"2013-10625-27/05/2021","2 Metropolitan","SEFTON PARK","5083","CITY OF PROSPECT",2,1,0,0,1,2013,"August","Thursday","02:40 pm","050","Cross Road","Straight road","Level","Not Applicable","Sealed","Dry","Not Raining","Daylight","Right Angle","02","Driver Rider","2: MI","Give Way Sign","","",1329566.1,1675889.5,"13295661675890"
"2013-10626-27/05/2021","2 Metropolitan","CHELTENHAM","5014","CITY OF CHARLES STURT",2,0,0,0,0,2013,"August","Thursday","03:40 pm","060","T-Junction","Straight road","Level","Not Applicable","Sealed","Dry","Not Raining","Daylight","Rear End","02","Driver Rider","1: PDO","No Control","","",1321380,1677062.61,"13213801677063"
"2013-10627-27/05/2021","2 Metropolitan","ELIZABETH PARK","5113","CITY OF PLAYFORD.",2,0,0,0,0,2013,"August","Thursday","05:00 pm","080","Cross Road","Straight road","Level","Not Applicable","Sealed","Dry","Not Raining","Daylight","Rear End","02","Driver Rider","1: PDO","Traffic Signals","","",1335998.94,1693731.34,"13359991693731"
"2013-10628-27/05/2021","2 Metropolitan","KERSBROOK","5231","THE ADELAIDE HILLS COUNCIL",2,2,0,0,2,2013,"August","Thursday","07:10 am","100","Not Divided","CURVED, VIEW OBSCURED","Slope","Not Applicable","Sealed","Dry","Not Raining","Daylight","Rear End","02","Driver Rider","2: MI","No Control","","",1354420.13,1691220.2,"13544201691220"
"2013-10629-27/05/2021","2 Metropolitan","WEST HINDMARSH","5007","CITY OF CHARLES STURT",2,0,0,0,0,2013,"August","Thursday","03:30 pm","060","Cross Road","Straight road","Level","Not Applicable","Sealed","Dry","Not Raining","Daylight","Right Turn","01","Driver Rider","1: PDO","Traffic Signals","","",1325421.27,1673141.18,"13254211673141"
"2013-10630-27/05/2021","2 Metropolitan","ELIZABETH SOUTH","5112","CITY OF PLAYFORD.",3,0,0,0,0,2013,"August","Thursday","04:35 pm","060","Divided Road","Straight road","Level","Not Applicable","Sealed","Dry","Not Raining","Daylight","Rear End","01","Driver Rider","1: PDO","No Control","","",1334162.44,1689756.34,"13341621689756"
"2013-10631-27/05/2021","2 Metropolitan","EDEN HILLS","5050","CC MITCHAM.                   ",3,0,0,0,0,2013,"August","Wednesday","05:55 pm","060","T-Junction","Straight road","Slope","Road hump or Slow point","Sealed","Dry","Not Raining","Night","Rear End","01","Driver Rider","1: PDO","No Control","","",1326258.75,1660450.82,"13262591660451"