"REPORT_ID","Stats Area","Suburb","Postcode","LGA Name","Total Units","Total Cas","Total Fats","Total SI","Total MI","Year","Month","Day","Time","Area Speed","Position Type","Horizontal Align","Vertical Align","Other Feat","Road Surface","Moisture Cond","Weather Cond","DayNight","Crash Type","Unit Resp","Entity Code","CSEF Severity","Traffic Ctrls","DUI Involved","Drugs Involved","ACCLOC_X","ACCLOC_Y","UNIQUE_LOC"
"2013-11120-27/05/2021","2 Metropolitan","PORT ADELAIDE","5015","CITY OF PORT ADELAIDE ENFIELD",2,0,0,0,0,2013,"August","Sunday","05:00 am","060","Cross Road","Straight road","Level","Not Applicable","Sealed","Dry","Not Raining","Night","Hit Fixed Object","01","Driver Rider","1: PDO","Traffic Signals","","",1321025.72,1680317.89,"13210261680318"
"2013-11121-27/05/2021","2 Metropolitan","STURT","5047","CC MARION.                    ",2,0,0,0,0,2013,"August","Saturday","03:43 pm","060","Divided Road","Straight road","Level","Not Applicable","Sealed","Dry","Not Raining","Daylight","Side Swipe","01","Driver Rider","1: PDO","No Control","","",1324262.5,1660671.95,"13242631660672"
"2013-11122-27/05/2021","3 Country","TANUNDA","5352","LIGHT REGIONAL COUNCIL",2,0,0,0,0,2013,"August","Sunday","07:30 am","080","Not Divided","Straight road","Level","Not Applicable","Sealed","Dry","Not Raining","Daylight","Hit Animal","01","Animal","1: PDO","No Control","","",1361122.73,1715594.84,"13611231715595"
"2013-11123-27/05/2021","2 Metropolitan","HALLETT COVE","5158","CC MARION.                    ",2,4,0,0,4,2013,"August","Saturday","12:36 pm","080","T-Junction","Straight road","Crest of Hill","Not Applicable","Sealed","Dry","Not Raining","Daylight","Right Turn","02","Driver Rider","2: MI","No Control","","",1319407.44,1653277.93,"13194071653278"
"2013-11124-27/05/2021","1 City","ADELAIDE","5000","CITY OF ADELAIDE",2,0,0,0,0,2013,"August","Saturday","08:30 pm","050","Divided Road","Straight road","Level","Not Applicable","Sealed","Dry","Not Raining","Night","Side Swipe","02","Driver Rider","1: PDO","No Control","","",1329346.81,1671159.55,"13293471671160"
"2013-11125-27/05/2021","3 Country","COWELL","5602","DC FRANKLIN HARBOR.           ",2,0,0,0,0,2013,"August","Saturday","09:00 am","100","Not Divided","CURVED, VIEW OPEN","Level","Roadworks","Unsealed","Dry","Not Raining","Daylight","Hit Object on Road","01","Driver Rider","1: PDO","No Control","","",1170466.08,1799594.17,"11704661799594"
"2013-11126-27/05/2021","2 Metropolitan","GLYNDE","5070","CC OF NORWOOD,PAYNEHAM & ST PETERS",2,1,0,0,1,2013,"August","Sunday","09:35 am","060","Cross Road","Straight road","Level","Not Applicable","Sealed","Dry","Not Raining","Daylight","Rear End","02","Driver Rider","2: MI","Traffic Signals","","",1333785.54,1674516.59,"13337861674517"
"2013-11127-27/05/2021","2 Metropolitan","SEMAPHORE","5019","CITY OF PORT ADELAIDE ENFIELD",2,0,0,0,0,2013,"August","Sunday","11:00 am","060","Cross Road","Straight road","Level","Not Applicable","Sealed","Dry","Not Raining","Daylight","Right Angle","02","Driver Rider","1: PDO","Traffic Signals","","",1318224.89,1680633.45,"13182251680633"
"2013-11128-27/05/2021","3 Country","QUORN","5433","THE FLINDERS RANGES COUNCIL.",4,0,0,0,0,2013,"August","Sunday","12:01 am","050","Not Divided","Straight road","Level","Not Applicable","Sealed","Dry","Not Raining","Night","Hit Parked Vehicle","01","Driver Rider","1: PDO","No Control","Y","",1285358.32,1957227.89,"12853581957228"
"2013-11129-27/05/2021","2 Metropolitan","HILLBANK","5112","CITY OF PLAYFORD.",2,0,0,0,0,2013,"August","Sunday","10:30 am","050","Not Divided","Straight road","Level","Not Applicable","Sealed","Dry","Not Raining","Daylight","Hit Parked Vehicle","01","Driver Rider","1: PDO","No Control","","",1336393.41,1690438.7,"13363931690439"
"2013-11130-27/05/2021","2 Metropolitan","HAPPY VALLEY","5159","CITY OF ONKAPARINGA",2,0,0,0,0,2013,"August","Sunday","01:20 pm","080","Divided Road","Straight road","Level","Not Applicable","Sealed","Dry","Not Raining","Daylight","Rear End","02","Driver Rider","1: PDO","No Control","","",1324355.31,1656455.01,"13243551656455"
"2013-11131-27/05/2021","2 Metropolitan","GREEN FIELDS","5107","CITY OF SALISBURY",2,0,0,0,0,2013,"August","Thursday","09:30 am","070","Divided Road","Straight road","Level","Not Applicable","Sealed","Wet","Not Raining","Daylight","Rear End","02","Driver Rider","1: PDO","No Control","","",1329614.78,1684513.12,"13296151684513"
"2013-11132-27/05/2021","1 City","ADELAIDE","5000","CITY OF ADELAIDE",2,0,0,0,0,2013,"August","Sunday","12:15 pm","060","Not Divided","Straight road","Slope","Not Applicable","Sealed","Dry","Not Raining","Daylight","Side Swipe","01","Driver Rider","1: PDO","No Control","","",1330174.89,1670399.01,"13301751670399"
"2013-11133-27/05/2021","3 Country","SUTTONTOWN","5291","DISTRICT COUNCIL OF GRANT",2,3,1,1,1,2013,"August","Sunday","01:41 pm","110","Cross Road","Straight road","Crest of Hill","Not Applicable","Sealed","Dry","Not Raining","Daylight","Right Angle","01","Driver Rider","4: Fatal","Give Way Sign","","",1511442.13,1346342.4,"15114421346342"
"2013-11134-27/05/2021","3 Country","PORT AUGUSTA","5700","CC PT.AUGUSTA.                ",2,2,0,1,1,2013,"August","Sunday","02:40 pm","060","Cross Road","Straight road","Level","Not Applicable","Sealed","Dry","Not Raining","Daylight","Right Angle","01","Driver Rider","3: SI","Traffic Signals","","",1259792.65,1941867.98,"12597931941868"
"2013-11135-27/05/2021","2 Metropolitan","PLYMPTON","5038","CITY OF WEST TORRENS",2,1,0,0,1,2013,"August","Sunday","01:30 pm","060","Divided Road","Straight road","Level","Not Applicable","Sealed","Dry","Not Raining","Daylight","Rear End","02","Driver Rider","2: MI","No Control","","",1324000.83,1666099.55,"13240011666100"
"2013-11136-27/05/2021","3 Country","WILD HORSE PLAINS","5501","DC MALLALA.                   ",1,1,0,0,1,2013,"August","Saturday","11:10 pm","110","Divided Road","Straight road","Level","Not Applicable","Sealed","Dry","Not Raining","Night","Left Road - Out of Control","01","Driver Rider","2: MI","No Control","","",1301842.81,1735590.73,"13018431735591"
"2013-11137-27/05/2021","2 Metropolitan","SALISBURY","5108","CITY OF SALISBURY",2,1,0,0,1,2013,"August","Friday","07:15 pm","060","Divided Road","Straight road","Level","Not Applicable","Sealed","Wet","Raining","Night","Side Swipe","09","Other","2: MI","No Control","","",1332447.53,1688071.76,"13324481688072"
"2013-11138-27/05/2021","2 Metropolitan","MAWSON LAKES","5095","CITY OF SALISBURY",2,0,0,0,0,2013,"August","Sunday","01:00 pm","080","T-Junction","Straight road","Level","Not Applicable","Sealed","Dry","Not Raining","Daylight","Right Angle","02","Driver Rider","1: PDO","Traffic Signals","","",1331207,1682727.06,"13312071682727"
"2013-11139-27/05/2021","2 Metropolitan","WELLAND","5007","CITY OF CHARLES STURT",2,1,0,0,1,2013,"August","Saturday","06:05 pm","060","T-Junction","Straight road","Level","Not Applicable","Sealed","Dry","Not Raining","Night","Right Angle","02","Driver Rider","2: MI","Give Way Sign","","",1324750.74,1674090.52,"13247511674091"
"2013-11140-27/05/2021","3 Country","OVERLAND CORNER","5330","THE BERRI BARMERA COUNCIL",2,2,0,1,1,2013,"August","Sunday","03:30 pm","110","Not Divided","CURVED, VIEW OBSCURED","Level","Not Applicable","Unsealed","Dry","Not Raining","Daylight","Head On","02","Driver Rider","3: SI","No Control","","",1498018.59,1746882.36,"14980191746882"
"2013-11141-27/05/2021","2 Metropolitan","COROMANDEL VALLEY","5051","CITY OF ONKAPARINGA",2,1,0,0,1,2013,"August","Saturday","02:00 pm","060","Not Divided","CURVED, VIEW OPEN","Slope","Not Applicable","Sealed","Dry","Not Raining","Daylight","Hit Fixed Object","01","Driver Rider","2: MI","No Control","","",1329804.7,1656408.27,"13298051656408"
"2013-11142-27/05/2021","2 Metropolitan","TENNYSON","5022","CITY OF CHARLES STURT",2,0,0,0,0,2013,"August","Saturday","01:10 pm","060","Divided Road","Straight road","Level","Not Applicable","Sealed","Dry","Not Raining","Daylight","Rear End","02","Driver Rider","1: PDO","No Control","","",1318299.7,1675425.68,"13183001675426"
"2013-11143-27/05/2021","3 Country","BOOLEROO CENTRE","5482","DC MT.REMARKABLE.             ",2,1,0,0,1,2013,"August","Sunday","09:00 am","100","Not Divided","CURVED, VIEW OBSCURED","Slope","Roadworks","Unsealed","Dry","Not Raining","Daylight","Roll Over","01","Driver Rider","2: MI","No Control","","",1319786.26,1897494.1,"13197861897494"
"2013-11144-27/05/2021","2 Metropolitan","SALISBURY EAST","5109","CITY OF SALISBURY",3,0,0,0,0,2013,"August","Sunday","05:50 pm","060","T-Junction","Straight road","Level","Not Applicable","Sealed","Dry","Not Raining","Daylight","Rear End","01","Driver Rider","1: PDO","No Control","","",1333992.01,1684813.19,"13339921684813"
"2013-11145-27/05/2021","2 Metropolitan","GEPPS CROSS","5094","CITY OF PORT ADELAIDE ENFIELD",2,1,0,0,1,2013,"August","Friday","09:15 am","060","Not Divided","Straight road","Level","Not Applicable","Sealed","Dry","Not Raining","Daylight","Rear End","01","Driver Rider","2: MI","No Control","","",1330445.03,1679426.88,"13304451679427"
"2013-11146-27/05/2021","3 Country","SOLOMONTOWN","5540","PT.PIRIE CITY & DIST. COUNCIL ",1,1,0,0,1,2013,"August","Sunday","02:00 am","050","T-Junction","CURVED, VIEW OBSCURED","Level","Not Applicable","Sealed","Dry","Not Raining","Night","Roll Over","01","Driver Rider","2: MI","No Control","Y","",1280665.02,1864892.23,"12806651864892"
"2013-11147-27/05/2021","2 Metropolitan","GLENSIDE","5065","CITY OF BURNSIDE",3,1,0,0,1,2013,"August","Sunday","06:45 pm","060","Cross Road","Straight road","Level","Not Applicable","Sealed","Dry","Not Raining","Night","Right Turn","02","Driver Rider","2: MI","Traffic Signals","","",1330687.25,1668997.74,"13306871668998"
"2013-11148-27/05/2021","2 Metropolitan","PROSPECT","5082","CITY OF PROSPECT",2,0,0,0,0,2013,"August","Friday","03:00 pm","060","T-Junction","Straight road","Level","Not Applicable","Sealed","Wet","Raining","Daylight","Right Angle","01","Driver Rider","1: PDO","No Control","","",1328913.51,1674556.12,"13289141674556"
"2013-11149-27/05/2021","2 Metropolitan","GEPPS CROSS","5094","CITY OF PORT ADELAIDE ENFIELD",2,3,0,0,3,2013,"August","Sunday","03:05 pm","060","Divided Road","Straight road","Level","Not Applicable","Sealed","Dry","Not Raining","Daylight","Hit Fixed Object","01","Driver Rider","2: MI","No Control","","",1327971.32,1679255.9,"13279711679256"
"2013-11150-27/05/2021","2 Metropolitan","ELIZABETH NORTH","5113","CITY OF PLAYFORD.",2,0,0,0,0,2013,"August","Saturday","10:55 am","080","Cross Road","Straight road","Level","Not Applicable","Sealed","Dry","Not Raining","Daylight","Rear End","02","Driver Rider","1: PDO","Traffic Signals","","",1336943,1695475.26,"13369431695475"
"2013-11151-27/05/2021","2 Metropolitan","EDINBURGH","5111","CITY OF SALISBURY",3,0,0,0,0,2013,"August","Sunday","07:00 pm","060","Not Divided","Straight road","Level","Not Applicable","Sealed","Dry","Not Raining","Night","Hit Fixed Object","01","Driver Rider","1: PDO","No Control","","",1331820.92,1692406.39,"13318211692406"
"2013-11152-27/05/2021","2 Metropolitan","CROYDON PARK","5008","CITY OF PORT ADELAIDE ENFIELD",2,0,0,0,0,2013,"August","Saturday","06:30 am","060","Cross Road","Straight road","Level","Not Applicable","Sealed","Dry","Not Raining","Night","Right Angle","01","Driver Rider","1: PDO","Stop Sign","","",1326076.71,1675700.25,"13260771675700"
"2013-11153-27/05/2021","1 City","ADELAIDE","5000","CITY OF ADELAIDE",2,0,0,0,0,2013,"August","Sunday","09:45 am","050","Cross Road","Straight road","Level","Not Applicable","Sealed","Dry","Not Raining","Daylight","Right Turn","02","Driver Rider","1: PDO","Traffic Signals","","",1329056.26,1669586.88,"13290561669587"
"2013-11154-27/05/2021","2 Metropolitan","REGENCY PARK","5010","CITY OF PORT ADELAIDE ENFIELD",2,1,0,0,1,2013,"August","Sunday","08:15 pm","060","T-Junction","Straight road","Level","Not Applicable","Sealed","Dry","Not Raining","Night","Right Turn","01","Driver Rider","2: MI","Traffic Signals","","",1326449.2,1676384.02,"13264491676384"
"2013-11155-27/05/2021","2 Metropolitan","REID","5118","LIGHT REGIONAL COUNCIL",1,1,0,0,1,2013,"August","Saturday","05:55 pm","050","Not Divided","Straight road","Level","Not Applicable","Sealed","Dry","Not Raining","Night","Roll Over","01","Driver Rider","2: MI","No Control","","",1341621.57,1706912.12,"13416221706912"
"2013-11156-27/05/2021","2 Metropolitan","SEAFORD RISE","5169","CITY OF ONKAPARINGA",2,0,0,0,0,2013,"August","Sunday","04:30 am","050","Not Divided","Straight road","Level","Unknown","Sealed","Dry","Not Raining","Night","Hit Fixed Object","01","Driver Rider","1: PDO","No Control","","",1317137.5,1640722.35,"13171381640722"
"2013-11157-27/05/2021","2 Metropolitan","ST PETERS","5069","CC OF NORWOOD,PAYNEHAM & ST PETERS",2,0,0,0,0,2013,"August","Sunday","11:40 pm","060","Divided Road","Straight road","Level","Not Applicable","Sealed","Dry","Not Raining","Night","Hit Parked Vehicle","01","Driver Rider","1: PDO","No Control","Y","",1330534.11,1673134.28,"13305341673134"
"2013-11158-27/05/2021","2 Metropolitan","PROSPECT","5082","CITY OF PROSPECT",3,0,0,0,0,2013,"August","Sunday","11:10 pm","050","Not Divided","Straight road","Level","Not Applicable","Sealed","Dry","Not Raining","Night","Hit Parked Vehicle","01","Driver Rider","1: PDO","No Control","Y","",1328051.57,1676634.31,"13280521676634"
"2013-11159-27/05/2021","2 Metropolitan","SALISBURY EAST","5109","CITY OF SALISBURY",3,0,0,0,0,2013,"August","Monday","12:30 am","080","T-Junction","Straight road","Bottom of Hill","Not Applicable","Sealed","Dry","Not Raining","Night","Hit Fixed Object","01","Driver Rider","1: PDO","Traffic Signals","","",1336485.48,1687419.78,"13364851687420"
"2013-11160-27/05/2021","2 Metropolitan","WOODVILLE GARDENS","5012","CITY OF PORT ADELAIDE ENFIELD",3,1,0,0,1,2013,"August","Saturday","08:10 pm","060","T-Junction","Straight road","Level","Not Applicable","Sealed","Dry","Not Raining","Night","Side Swipe","02","Driver Rider","2: MI","Give Way Sign","","",1323959.89,1677047.18,"13239601677047"
"2013-11161-27/05/2021","2 Metropolitan","PLYMPTON","5038","CITY OF WEST TORRENS",2,0,0,0,0,2013,"August","Sunday","03:00 pm","060","Divided Road","Straight road","Level","Not Applicable","Sealed","Dry","Not Raining","Daylight","Hit Parked Vehicle","02","Driver Rider","1: PDO","No Control","","",1324234.71,1666704.15,"13242351666704"
"2013-11162-27/05/2021","2 Metropolitan","THEBARTON","5031","CITY OF WEST TORRENS",2,1,0,0,1,2013,"August","Sunday","01:48 pm","050","Cross Road","Straight road","Level","Not Applicable","Sealed","Dry","Not Raining","Daylight","Right Angle","01","Driver Rider","2: MI","Stop Sign","","",1326252.62,1671520.43,"13262531671520"
"2013-11163-27/05/2021","2 Metropolitan","MEDINDIE","5081","WALKERVILLE TOWN COUNCIL",3,0,0,0,0,2013,"August","Monday","05:40 am","060","T-Junction","Straight road","Level","Unknown","Sealed","Dry","Not Raining","Night","Rear End","01","Driver Rider","1: PDO","No Control","","",1329459.65,1673964.96,"13294601673965"
"2013-11164-27/05/2021","2 Metropolitan","SEFTON PARK","5083","CITY OF PROSPECT",2,3,0,0,3,2013,"August","Sunday","05:15 pm","060","Divided Road","Straight road","Level","Not Applicable","Sealed","Dry","Not Raining","Daylight","Rear End","01","Driver Rider","2: MI","No Control","","",1328888.12,1675891.29,"13288881675891"
"2013-11165-27/05/2021","2 Metropolitan","OSBORNE","5017","CITY OF PORT ADELAIDE ENFIELD",2,0,0,0,0,2013,"August","Monday","06:45 am","060","T-Junction","Straight road","Level","Not Applicable","Sealed","Dry","Not Raining","Daylight","Right Angle","01","Driver Rider","1: PDO","No Control","","",1319974.37,1685083.12,"13199741685083"
"2013-11166-27/05/2021","2 Metropolitan","FULHAM GARDENS","5024","CITY OF CHARLES STURT",2,0,0,0,0,2013,"August","Monday","08:20 am","060","Divided Road","Straight road","Level","Not Applicable","Sealed","Dry","Not Raining","Daylight","Rear End","02","Driver Rider","1: PDO","No Control","","",1320603.97,1672081.64,"13206041672082"
"2013-11167-27/05/2021","3 Country","MAITLAND","5573","YORKE PENINSULA COUNCIL",2,0,0,0,0,2013,"August","Wednesday","03:30 pm","050","Cross Road","CURVED, VIEW OPEN","Level","Not Applicable","Sealed","Wet","Not Raining","Daylight","Right Angle","01","Driver Rider","1: PDO","Give Way Sign","","",1245651.66,1734690.22,"12456521734690"
"2013-11168-27/05/2021","3 Country","NANTAWARRA","5550","WAKEFIELD REGIONAL COUNCIL",2,0,0,0,0,2013,"August","Sunday","06:30 am","110","Not Divided","Straight road","Level","Not Applicable","Sealed","Dry","Not Raining","Night","Hit Fixed Object","01","Driver Rider","1: PDO","No Control","","",1296349.21,1775003.26,"12963491775003"
"2013-11169-27/05/2021","2 Metropolitan","MITCHELL PARK","5043","CC MARION.                    ",3,0,0,0,0,2013,"August","Monday","07:50 am","060","Divided Road","Straight road","Level","Not Applicable","Sealed","Dry","Not Raining","Daylight","Rear End","01","Driver Rider","1: PDO","No Control","","",1324372,1661811.12,"13243721661811"
"2013-11170-27/05/2021","2 Metropolitan","ELIZABETH NORTH","5113","CITY OF PLAYFORD.",3,1,0,0,1,2013,"August","Monday","06:45 am","080","Cross Road","Straight road","Level","Not Applicable","Sealed","Dry","Not Raining","Daylight","Hit Animal","02","Animal","2: MI","Traffic Signals","","",1336943,1695475.26,"13369431695475"
"2013-11171-27/05/2021","2 Metropolitan","GLYNDE","5070","CC OF NORWOOD,PAYNEHAM & ST PETERS",2,1,0,0,1,2013,"August","Monday","09:15 am","060","Cross Road","Straight road","Level","Not Applicable","Sealed","Dry","Not Raining","Daylight","Rear End","02","Driver Rider","2: MI","Traffic Signals","","",1333785.54,1674516.59,"13337861674517"
"2013-11172-27/05/2021","2 Metropolitan","WALKERVILLE","5081","WALKERVILLE TOWN COUNCIL",3,0,0,0,0,2013,"August","Monday","09:25 am","060","Not Divided","Straight road","Level","Not Applicable","Sealed","Dry","Not Raining","Daylight","Rear End","01","Driver Rider","1: PDO","No Control","","",1329671.04,1674470.37,"13296711674470"
"2013-11173-27/05/2021","3 Country","MOUNT GAMBIER","5290","CC MT.GAMBIER.                ",2,2,0,0,2,2013,"August","Sunday","09:48 pm","050","Cross Road","Straight road","Level","Not Applicable","Sealed","Dry","Not Raining","Night","Right Angle","01","Driver Rider","2: MI","Traffic Signals","Y","",1510634.56,1339951.5,"15106351339952"
"2013-11174-27/05/2021","2 Metropolitan","MODBURY HEIGHTS","5092","CITY OF TEA TREE GULLY",2,1,0,0,1,2013,"August","Monday","08:55 am","080","Divided Road","Straight road","Slope","Not Applicable","Sealed","Dry","Not Raining","Daylight","Rear End","02","Driver Rider","2: MI","No Control","","",1335836.73,1682826.99,"13358371682827"
"2013-11175-27/05/2021","2 Metropolitan","MAYLANDS","5069","CC OF NORWOOD,PAYNEHAM & ST PETERS",2,0,0,0,0,2013,"August","Monday","09:50 am","060","Cross Road","Straight road","Level","Not Applicable","Sealed","Dry","Not Raining","Daylight","Right Turn","02","Driver Rider","1: PDO","Traffic Signals","","",1332238.21,1671761.6,"13322381671762"
"2013-11176-27/05/2021","2 Metropolitan","OTTOWAY","5013","CITY OF PORT ADELAIDE ENFIELD",2,0,0,0,0,2013,"August","Monday","08:20 am","060","Cross Road","Straight road","Level","Not Applicable","Sealed","Dry","Not Raining","Daylight","Right Angle","02","Driver Rider","1: PDO","Give Way Sign","","",1322882.11,1679348.41,"13228821679348"
"2013-11177-27/05/2021","2 Metropolitan","HALLETT COVE","5158","CC MARION.                    ",2,0,0,0,0,2013,"August","Monday","12:00 pm","080","T-Junction","Straight road","Level","Unknown","Sealed","Dry","Not Raining","Daylight","Rear End","02","Driver Rider","1: PDO","Traffic Signals","","",1320547.62,1654071.98,"13205481654072"
"2013-11178-27/05/2021","2 Metropolitan","HINDMARSH","5007","CITY OF CHARLES STURT",4,1,0,0,1,2013,"August","Monday","10:30 am","060","T-Junction","Straight road","Level","Not Applicable","Sealed","Dry","Not Raining","Daylight","Right Angle","01","Driver Rider","2: MI","Give Way Sign","","",1325919.96,1673078.91,"13259201673079"
"2013-11179-27/05/2021","2 Metropolitan","WISTOW","5251","DC MT.BARKER.                 ",2,2,0,0,2,2013,"August","Monday","11:05 am","080","T-Junction","Straight road","Level","Not Applicable","Sealed","Dry","Not Raining","Daylight","Rear End","02","Driver Rider","2: MI","No Control","","",1353777.94,1649394.23,"13537781649394"
"2013-11180-27/05/2021","2 Metropolitan","WINGFIELD","5013","CITY OF PORT ADELAIDE ENFIELD",2,0,0,0,0,2013,"August","Monday","08:00 am","090","Freeway","Straight road","Level","Not Applicable","Sealed","Dry","Not Raining","Daylight","Rear End","01","Driver Rider","1: PDO","No Control","","",1324581.05,1681043.91,"13245811681044"
"2013-11181-27/05/2021","2 Metropolitan","DARLINGTON","5047","CITY OF ONKAPARINGA",2,2,0,1,1,2013,"August","Monday","09:57 am","060","Not Divided","CURVED, VIEW OPEN","Slope","Not Applicable","Sealed","Dry","Not Raining","Daylight","Head On","02","Driver Rider","3: SI","No Control","","",1324449.74,1659311.68,"13244501659312"
"2013-11182-27/05/2021","2 Metropolitan","O'HALLORAN HILL","5158","CC MARION.                    ",2,0,0,0,0,2013,"August","Monday","12:30 pm","080","Divided Road","Straight road","Level","Not Applicable","Sealed","Dry","Not Raining","Daylight","Rear End","01","Driver Rider","1: PDO","No Control","","",1324325.91,1656736.72,"13243261656737"
"2013-11183-27/05/2021","2 Metropolitan","KESWICK","5035","CITY OF UNLEY",3,0,0,0,0,2013,"August","Monday","08:30 am","060","Divided Road","Straight road","Level","Not Applicable","Sealed","Dry","Not Raining","Daylight","Rear End","01","Driver Rider","1: PDO","No Control","","",1326685.31,1668662.45,"13266851668662"
"2013-11184-27/05/2021","2 Metropolitan","REID","5118","LIGHT REGIONAL COUNCIL",2,0,0,0,0,2013,"August","Monday","09:00 am","080","Divided Road","Straight road","Slope","Bridge, Culvert, Causeway","Sealed","Dry","Not Raining","Daylight","Rear End","01","Driver Rider","1: PDO","No Control","","",1341228.89,1705730.63,"13412291705731"
"2013-11185-27/05/2021","2 Metropolitan","DRY CREEK","5094","CITY OF PORT ADELAIDE ENFIELD",2,0,0,0,0,2013,"August","Monday","07:30 am","070","T-Junction","Straight road","Level","Not Applicable","Sealed","Dry","Not Raining","Daylight","Rear End","01","Driver Rider","1: PDO","No Control","","",1328483.84,1680398.45,"13284841680398"
"2013-11186-27/05/2021","2 Metropolitan","WATERLOO CORNER","5110","CITY OF SALISBURY",2,0,0,0,0,2013,"August","Monday","01:00 pm","090","T-Junction","Straight road","Level","Not Applicable","Sealed","Dry","Not Raining","Daylight","Rear End","02","Driver Rider","1: PDO","Traffic Signals","","",1327645.93,1692118.06,"13276461692118"
"2013-11187-27/05/2021","3 Country","WINDSOR","5501","DC MALLALA.                   ",2,0,0,0,0,2013,"August","Sunday","06:40 pm","100","Not Divided","Straight road","Level","Not Applicable","Sealed","Dry","Not Raining","Night","Hit Animal","02","Animal","1: PDO","No Control","","",1300240.73,1725607.61,"13002411725608"
"2013-11188-27/05/2021","2 Metropolitan","FORRESTON","5233","THE ADELAIDE HILLS COUNCIL",2,0,0,0,0,2013,"August","Thursday","12:00 pm","100","Not Divided","CURVED, VIEW OBSCURED","Crest of Hill","Not Applicable","Unsealed","Wet","Raining","Daylight","Head On","02","Driver Rider","1: PDO","No Control","","",1356026.71,1684655.42,"13560271684655"
"2013-11189-27/05/2021","2 Metropolitan","WILLUNGA","5172","CITY OF ONKAPARINGA",2,1,0,0,1,2013,"August","Monday","12:50 pm","100","Not Divided","CURVED, VIEW OBSCURED","Slope","Not Applicable","Sealed","Dry","Not Raining","Daylight","Roll Over","01","Driver Rider","2: MI","No Control","","",1325076.07,1630432.05,"13250761630432"
"2013-11190-27/05/2021","2 Metropolitan","INGLE FARM","5098","CITY OF SALISBURY",2,0,0,0,0,2013,"August","Sunday","12:52 pm","050","Not Divided","Straight road","Level","Not Applicable","Sealed","Dry","Not Raining","Daylight","Rear End","02","Driver Rider","1: PDO","No Control","","",1332391.48,1681088.3,"13323911681088"
"2013-11191-27/05/2021","2 Metropolitan","GLYNDE","5070","CC OF NORWOOD,PAYNEHAM & ST PETERS",2,0,0,0,0,2013,"August","Monday","02:15 pm","060","Divided Road","Straight road","Level","Driveway or Entrance","Sealed","Dry","Not Raining","Daylight","Right Angle","02","Driver Rider","1: PDO","No Control","","",1333572.74,1674431.08,"13335731674431"
"2013-11192-27/05/2021","3 Country","TANUNDA","5352","THE BAROSSA COUNCIL.",2,0,0,0,0,2013,"August","Monday","11:00 am","050","Not Divided","Straight road","Level","Not Applicable","Sealed","Dry","Not Raining","Daylight","Hit Parked Vehicle","02","Driver Rider","1: PDO","No Control","","",1363388.87,1714354.87,"13633891714355"
"2013-11193-27/05/2021","2 Metropolitan","GLENELG NORTH","5045","CITY OF HOLDFAST BAY",2,1,0,0,1,2013,"August","Tuesday","09:45 am","060","Cross Road","Straight road","Level","Not Applicable","Sealed","Wet","Raining","Daylight","Rear End","02","Driver Rider","2: MI","Traffic Signals","","",1321009.59,1665321.55,"13210101665322"
"2013-11194-27/05/2021","2 Metropolitan","ATHELSTONE","5076","CC CAMPBELLTOWN.              ",2,1,0,0,1,2013,"August","Monday","03:00 pm","050","T-Junction","CURVED, VIEW OBSCURED","Level","Not Applicable","Sealed","Dry","Not Raining","Daylight","Rear End","02","Driver Rider","2: MI","No Control","","",1338575.53,1676722.24,"13385761676722"
"2013-11195-27/05/2021","3 Country","ANGASTON","5353","THE BAROSSA COUNCIL.",2,0,0,0,0,2013,"August","Monday","02:45 pm","050","Not Divided","Straight road","Level","Not Applicable","Sealed","Dry","Not Raining","Daylight","Side Swipe","01","Driver Rider","1: PDO","No Control","","",1371225.37,1716281.08,"13712251716281"
"2013-11196-27/05/2021","2 Metropolitan","THORNGATE","5082","CITY OF PROSPECT",4,0,0,0,0,2013,"August","Friday","07:15 am","050","Cross Road","Straight road","Level","Not Applicable","Sealed","Dry","Not Raining","Daylight","Rear End","01","Driver Rider","1: PDO","Traffic Signals","","",1328116.38,1673663.9,"13281161673664"
"2013-11197-27/05/2021","2 Metropolitan","KERSBROOK","5231","THE ADELAIDE HILLS COUNCIL",2,0,0,0,0,2013,"August","Monday","07:45 am","050","Not Divided","Straight road","Level","Not Applicable","Sealed","Dry","Not Raining","Daylight","Hit Animal","02","Animal","1: PDO","No Control","","",1351814.33,1685909.29,"13518141685909"
"2013-11198-27/05/2021","2 Metropolitan","CLELAND","5152","THE ADELAIDE HILLS COUNCIL",2,1,0,0,1,2013,"August","Monday","12:00 pm","080","Not Divided","CURVED, VIEW OPEN","Slope","Not Applicable","Sealed","Dry","Not Raining","Daylight","Hit Fixed Object","01","Driver Rider","2: MI","No Control","","",1336854.01,1667653.84,"13368541667654"
"2013-11199-27/05/2021","2 Metropolitan","KILKENNY","5009","CITY OF CHARLES STURT",3,1,0,0,1,2013,"August","Monday","03:45 pm","060","Cross Road","Straight road","Level","Not Applicable","Sealed","Dry","Not Raining","Daylight","Right Turn","02","Driver Rider","2: MI","Stop Sign","","",1324553.02,1676338.73,"13245531676339"
"2013-11200-27/05/2021","2 Metropolitan","MARRYATVILLE","5068","CC OF NORWOOD,PAYNEHAM & ST PETERS",2,1,0,0,1,2013,"August","Saturday","12:40 pm","060","Cross Road","Straight road","Level","Not Applicable","Sealed","Dry","Not Raining","Daylight","Rear End","02","Driver Rider","2: MI","Traffic Signals","","",1332269.85,1670409.71,"13322701670410"