"REPORT_ID","Stats Area","Suburb","Postcode","LGA Name","Total Units","Total Cas","Total Fats","Total SI","Total MI","Year","Month","Day","Time","Area Speed","Position Type","Horizontal Align","Vertical Align","Other Feat","Road Surface","Moisture Cond","Weather Cond","DayNight","Crash Type","Unit Resp","Entity Code","CSEF Severity","Traffic Ctrls","DUI Involved","Drugs Involved","ACCLOC_X","ACCLOC_Y","UNIQUE_LOC"
"2013-13862-27/05/2021","2 Metropolitan","SURREY DOWNS","5126","CITY OF TEA TREE GULLY",2,1,0,0,1,2013,"October","Sunday","04:05 pm","060","Divided Road","Straight road","Level","Not Applicable","Sealed","Dry","Not Raining","Daylight","Hit Parked Vehicle","01","Driver Rider","2: MI","No Control","","",1339661.03,1684477.07,"13396611684477"
"2013-13863-27/05/2021","2 Metropolitan","GLENALTA","5052","CC MITCHAM.                   ",1,1,0,0,1,2013,"October","Sunday","05:30 pm","060","Not Divided","Straight road","Slope","Driveway or Entrance","Sealed","Wet","Raining","Daylight","Roll Over","09","Other","2: MI","No Control","","",1331218.43,1661474.88,"13312181661475"
"2013-13864-27/05/2021","2 Metropolitan","NORTON SUMMIT","5136","THE ADELAIDE HILLS COUNCIL",2,1,0,1,0,2013,"October","Saturday","11:05 pm","080","Not Divided","CURVED, VIEW OPEN","Slope","Not Applicable","Sealed","Dry","Not Raining","Night","Hit Pedestrian","02","Driver Rider","3: SI","No Control","Y","",1340476.62,1670000.13,"13404771670000"
"2013-13865-27/05/2021","2 Metropolitan","HAWTHORN","5062","CC MITCHAM.                   ",3,3,0,0,3,2013,"October","Saturday","04:33 pm","060","Divided Road","Straight road","Level","Not Applicable","Sealed","Dry","Not Raining","Daylight","Rear End","01","Driver Rider","2: MI","No Control","Y","",1328965.98,1666242.39,"13289661666242"
"2013-13866-27/05/2021","2 Metropolitan","PORT NOARLUNGA SOUTH","5167","CITY OF ONKAPARINGA",2,0,0,0,0,2013,"October","Sunday","08:40 pm","060","Cross Road","CURVED, VIEW OPEN","Level","Not Applicable","Sealed","Dry","Not Raining","Night","Hit Fixed Object","01","Driver Rider","1: PDO","Roundabout","","",1316289.4,1645639.31,"13162891645639"
"2013-13867-27/05/2021","2 Metropolitan","PARKSIDE","5063","CITY OF UNLEY",2,0,0,0,0,2013,"October","Sunday","05:30 pm","040","T-Junction","Straight road","Level","Not Applicable","Sealed","Dry","Not Raining","Daylight","Right Angle","01","Driver Rider","1: PDO","No Control","","",1329351.74,1668345.58,"13293521668346"
"2013-13868-27/05/2021","3 Country","CALPERUM STATION","5341",,1,2,0,1,1,2013,"October","Sunday","10:15 pm","100","Not Divided","CURVED, VIEW OBSCURED","Crest of Hill","Not Applicable","Unsealed","Dry","Not Raining","Night","Roll Over","01","Driver Rider","3: SI","No Control","","",1525522.6,1762162.71,"15255231762163"
"2013-13869-27/05/2021","2 Metropolitan","NORTHGATE","5085","CITY OF PORT ADELAIDE ENFIELD",3,0,0,0,0,2013,"October","Sunday","03:05 pm","050","Not Divided","CURVED, VIEW OPEN","Level","Not Applicable","Sealed","Dry","Not Raining","Daylight","Hit Fixed Object","01","Driver Rider","1: PDO","No Control","","",1331860.01,1678949.45,"13318601678949"
"2013-13870-27/05/2021","1 City","ADELAIDE","5000","CITY OF ADELAIDE",2,0,0,0,0,2013,"October","Sunday","10:40 pm","050","Cross Road","Straight road","Level","Not Applicable","Sealed","Dry","Not Raining","Night","Side Swipe","02","Driver Rider","1: PDO","Traffic Signals","","",1327925.66,1670500.3,"13279261670500"
"2013-13871-27/05/2021","3 Country","BARMERA","5345","THE BERRI BARMERA COUNCIL",2,0,0,0,0,2013,"October","Sunday","04:00 pm","110","T-Junction","Straight road","Level","Not Applicable","Sealed","Dry","Not Raining","Daylight","Hit Fixed Object","01","Driver Rider","1: PDO","No Control","Y","",1504341.98,1737371.11,"15043421737371"
"2013-13872-27/05/2021","3 Country","MYPONGA","5202","DC YANKALILLA.                ",2,0,0,0,0,2013,"October","Monday","02:00 am","100","Not Divided","Straight road","Slope","Not Applicable","Unsealed","Dry","Not Raining","Night","Hit Fixed Object","01","Driver Rider","1: PDO","No Control","","",1314076.64,1613472.2,"13140771613472"
"2013-13873-27/05/2021","2 Metropolitan","HOUGHTON","5131","THE ADELAIDE HILLS COUNCIL",2,0,0,0,0,2013,"October","Sunday","09:20 pm","080","Not Divided","CURVED, VIEW OBSCURED","Slope","Not Applicable","Sealed","Dry","Not Raining","Night","Hit Fixed Object","01","Driver Rider","1: PDO","No Control","","",1343193.27,1681699.48,"13431931681699"
"2013-13874-27/05/2021","2 Metropolitan","SURREY DOWNS","5126","CITY OF TEA TREE GULLY",2,0,0,0,0,2013,"October","Thursday","04:05 pm","060","T-Junction","Straight road","Slope","Not Applicable","Sealed","Dry","Not Raining","Daylight","Right Angle","02","Driver Rider","1: PDO","No Control","","",1338383.45,1683578.82,"13383831683579"
"2013-13875-27/05/2021","2 Metropolitan","KENSINGTON GARDENS","5068","CITY OF BURNSIDE",2,1,0,0,1,2013,"October","Monday","07:10 am","060","Divided Road","Straight road","Level","Not Applicable","Sealed","Dry","Not Raining","Daylight","Hit Pedestrian","02","Pedestrian","2: MI","No Control","","",1334308.95,1671133.37,"13343091671133"
"2013-13876-27/05/2021","2 Metropolitan","WALKLEY HEIGHTS","5098","CITY OF SALISBURY",3,0,0,0,0,2013,"October","Friday","03:30 pm","070","Not Divided","Straight road","Level","Not Applicable","Sealed","Dry","Not Raining","Daylight","Rear End","01","Driver Rider","1: PDO","No Control","","",1332972.35,1680446.89,"13329721680447"
"2013-13877-27/05/2021","2 Metropolitan","PROSPECT","5082","CITY OF PROSPECT",2,0,0,0,0,2013,"October","Friday","04:28 pm","040","Cross Road","Straight road","Level","Not Applicable","Sealed","Dry","Not Raining","Daylight","Right Angle","02","Driver Rider","1: PDO","Stop Sign","","",1327685.06,1674835.03,"13276851674835"
"2013-13878-27/05/2021","2 Metropolitan","WINDSOR GARDENS","5087","CITY OF PORT ADELAIDE ENFIELD",3,0,0,0,0,2013,"October","Sunday","03:40 pm","060","Divided Road","Straight road","Level","Roadworks","Sealed","Dry","Not Raining","Daylight","Rear End","01","Driver Rider","1: PDO","No Control","","",1334077.96,1677841.68,"13340781677842"
"2013-13879-27/05/2021","3 Country","WHYALLA","5600","CC WHYALLA.                   ",2,0,0,0,0,2013,"October","Monday","08:40 am","060","T-Junction","CURVED, VIEW OPEN","Level","Not Applicable","Sealed","Dry","Not Raining","Daylight","Right Angle","01","Driver Rider","1: PDO","Give Way Sign","","",1240635.45,1883195.51,"12406351883196"
"2013-13880-27/05/2021","2 Metropolitan","TROTT PARK","5158","CC MARION.                    ",2,0,0,0,0,2013,"October","Monday","07:10 am","060","T-Junction","Straight road","Level","Unknown","Sealed","Dry","Not Raining","Daylight","Rear End","02","Driver Rider","1: PDO","No Control","","",1322161.67,1654194.52,"13221621654195"
"2013-13881-27/05/2021","2 Metropolitan","BRIGHTON","5048","CITY OF HOLDFAST BAY",3,1,0,0,1,2013,"October","Monday","08:10 am","060","Cross Road","Straight road","Level","Not Applicable","Sealed","Dry","Not Raining","Daylight","Rear End","01","Driver Rider","2: MI","Traffic Signals","","",1321148.27,1660553.89,"13211481660554"
"2013-13882-27/05/2021","2 Metropolitan","WESTBOURNE PARK","5041","CC MITCHAM.                   ",2,1,0,0,1,2013,"October","Monday","08:25 am","060","Divided Road","Straight road","Level","Not Applicable","Sealed","Dry","Not Raining","Daylight","Rear End","02","Driver Rider","2: MI","No Control","","",1327512.92,1666017.39,"13275131666017"
"2013-13883-27/05/2021","2 Metropolitan","SEATON","5023","CITY OF CHARLES STURT",3,0,0,0,0,2013,"October","Monday","08:50 am","050","Rail Xing","Straight road","Level","Roadworks","Unsealed","Dry","Not Raining","Daylight","Rear End","01","Driver Rider","1: PDO","Traffic Signals","","",1320741.63,1674694.12,"13207421674694"
"2013-13884-27/05/2021","2 Metropolitan","SALISBURY HEIGHTS","5109","CITY OF SALISBURY",3,1,0,0,1,2013,"October","Monday","10:15 am","080","Divided Road","Straight road","Slope","Not Applicable","Sealed","Dry","Not Raining","Daylight","Side Swipe","01","Driver Rider","2: MI","No Control","","",1336219.73,1689193.21,"13362201689193"
"2013-13885-27/05/2021","2 Metropolitan","GILLES PLAINS","5086","CITY OF PORT ADELAIDE ENFIELD",2,0,0,0,0,2013,"October","Monday","10:20 am","060","T-Junction","Straight road","Level","Not Applicable","Sealed","Dry","Not Raining","Daylight","Right Angle","01","Driver Rider","1: PDO","Stop Sign","","",1333704.65,1677988.95,"13337051677989"
"2013-13886-27/05/2021","2 Metropolitan","NAILSWORTH","5083","CITY OF PROSPECT",2,0,0,0,0,2013,"October","Monday","10:45 am","060","T-Junction","Straight road","Level","Not Applicable","Sealed","Dry","Not Raining","Daylight","Right Angle","01","Driver Rider","1: PDO","No Control","","",1328917.57,1674760.92,"13289181674761"
"2013-13887-27/05/2021","3 Country","NEW RESIDENCE","5333","LOXTON WAIKERIE DISTRICT COUNCIL",2,1,0,0,1,2013,"October","Friday","03:30 pm","110","Not Divided","Straight road","Level","Not Applicable","Sealed","Dry","Not Raining","Daylight","Hit Fixed Object","01","Driver Rider","2: MI","No Control","","",1495746.31,1724565.92,"14957461724566"
"2013-13888-27/05/2021","2 Metropolitan","WINGFIELD","5013","CITY OF PORT ADELAIDE ENFIELD",2,0,0,0,0,2013,"October","Monday","10:37 am","050","Cross Road","Straight road","Level","Not Applicable","Sealed","Dry","Not Raining","Daylight","Right Angle","01","Driver Rider","1: PDO","Stop Sign","","",1323900.67,1679670.46,"13239011679670"
"2013-13889-27/05/2021","2 Metropolitan","PAYNEHAM","5070","CC OF NORWOOD,PAYNEHAM & ST PETERS",2,1,0,0,1,2013,"October","Monday","08:15 am","060","T-Junction","Straight road","Level","Median Opening (not at I/S)","Sealed","Dry","Not Raining","Daylight","Right Turn","02","Driver Rider","2: MI","No Control","","",1332755.8,1674056.72,"13327561674057"
"2013-13890-27/05/2021","2 Metropolitan","GLENELG","5045","CITY OF HOLDFAST BAY",2,0,0,0,0,2013,"October","Friday","06:45 pm","050","Cross Road","Straight road","Level","Not Applicable","Sealed","Dry","Not Raining","Daylight","Right Angle","02","Driver Rider","1: PDO","Roundabout","","",1320791.35,1665095.28,"13207911665095"
"2013-13891-27/05/2021","2 Metropolitan","ELIZABETH","5112","CITY OF PLAYFORD.",2,0,0,0,0,2013,"October","Monday","01:15 pm","060","T-Junction","Straight road","Level","Not Applicable","Sealed","Dry","Not Raining","Daylight","Rear End","01","Driver Rider","1: PDO","Traffic Signals","","",1335570.41,1693051.39,"13355701693051"
"2013-13892-27/05/2021","1 City","ADELAIDE","5000","CITY OF ADELAIDE",2,1,0,0,1,2013,"October","Monday","12:20 pm","050","Divided Road","Straight road","Level","Not Applicable","Sealed","Dry","Not Raining","Daylight","Hit Pedestrian","02","Pedestrian","2: MI","No Control","","",1329386.21,1671161.11,"13293861671161"
"2013-13893-27/05/2021","2 Metropolitan","NAIRNE","5252","DC MT.BARKER.                 ",2,0,0,0,0,2013,"October","Monday","01:00 pm","080","T-Junction","CURVED, VIEW OPEN","Slope","Not Applicable","Sealed","Dry","Not Raining","Daylight","Right Angle","02","Driver Rider","1: PDO","Stop Sign","","",1354819.8,1657079.1,"13548201657079"
"2013-13894-27/05/2021","2 Metropolitan","PORT ADELAIDE","5015","CITY OF PORT ADELAIDE ENFIELD",2,1,0,0,1,2013,"October","Sunday","05:45 pm","060","Cross Road","Straight road","Level","Not Applicable","Sealed","Dry","Not Raining","Daylight","Rear End","02","Driver Rider","2: MI","Traffic Signals","","",1320509.08,1679073.54,"13205091679074"
"2013-13895-27/05/2021","1 City","ADELAIDE","5000","CITY OF ADELAIDE",1,1,0,1,0,2013,"October","Monday","11:30 am","050","Divided Road","Straight road","Level","Not Applicable","Sealed","Dry","Not Raining","Daylight","Roll Over","01","Driver Rider","3: SI","No Control","","",1328022.1,1671120.9,"13280221671121"
"2013-13896-27/05/2021","3 Country","TELOWIE","5540","DC MT.REMARKABLE.             ",2,1,0,0,1,2013,"October","Monday","12:45 pm","100","Not Divided","CURVED, VIEW OBSCURED","Slope","Bridge, Culvert, Causeway","Sealed","Dry","Not Raining","Daylight","Hit Fixed Object","01","Driver Rider","2: MI","No Control","","",1288968.17,1888516.64,"12889681888517"
"2013-13897-27/05/2021","2 Metropolitan","SALISBURY DOWNS","5108","CITY OF SALISBURY",2,0,0,0,0,2013,"October","Monday","06:30 am","060","Divided Road","Straight road","Level","Driveway or Entrance","Sealed","Dry","Not Raining","Daylight","Right Angle","02","Driver Rider","1: PDO","No Control","","",1331284.89,1686948.92,"13312851686949"
"2013-13898-27/05/2021","2 Metropolitan","CLOVELLY PARK","5042","CC MITCHAM.                   ",3,0,0,0,0,2013,"October","Monday","02:30 pm","070","Divided Road","Straight road","Level","Not Applicable","Sealed","Dry","Not Raining","Daylight","Rear End","01","Driver Rider","1: PDO","No Control","","",1325441.41,1660724.12,"13254411660724"
"2013-13899-27/05/2021","3 Country","RHYNIE","5412","CLARE AND GILBERT VALLEYS DISTRICT COUNCIL",2,1,0,0,1,2013,"October","Monday","01:15 pm","100","Not Divided","Straight road","Level","Not Applicable","Sealed","Dry","Not Raining","Daylight","Roll Over","01","Driver Rider","2: MI","No Control","","",1340120.23,1760688.28,"13401201760688"
"2013-13900-27/05/2021","3 Country","MOUNT GAMBIER","5290","CC MT.GAMBIER.                ",2,0,0,0,0,2013,"October","Monday","02:46 pm","060","Cross Road","Straight road","Level","Not Applicable","Sealed","Wet","Raining","Daylight","Side Swipe","01","Driver Rider","1: PDO","Roundabout","","",1510348.34,1340746.47,"15103481340746"
"2013-13901-27/05/2021","2 Metropolitan","REYNELLA EAST","5161","CITY OF ONKAPARINGA",2,0,0,0,0,2013,"October","Monday","03:45 pm","050","T-Junction","Straight road","Level","Not Applicable","Sealed","Dry","Not Raining","Daylight","Right Turn","01","Driver Rider","1: PDO","No Control","","",1324186.25,1652379.67,"13241861652380"
"2013-13902-27/05/2021","2 Metropolitan","MOUNT BARKER","5251","DC MT.BARKER.                 ",2,1,0,0,1,2013,"October","Monday","03:40 pm","080","Not Divided","CURVED, VIEW OBSCURED","Slope","Not Applicable","Sealed","Dry","Not Raining","Daylight","Hit Fixed Object","01","Driver Rider","2: MI","No Control","","",1348872.35,1649819.39,"13488721649819"
"2013-13903-27/05/2021","2 Metropolitan","HEWETT","5118","LIGHT REGIONAL COUNCIL",3,1,0,0,1,2013,"October","Monday","04:00 pm","050","Not Divided","Straight road","Slope","Driveway or Entrance","Sealed","Dry","Not Raining","Daylight","Right Angle","02","Driver Rider","2: MI","No Control","","",1343453.83,1708399.79,"13434541708400"
"2013-13904-27/05/2021","2 Metropolitan","WINDSOR GARDENS","5087","CITY OF PORT ADELAIDE ENFIELD",2,0,0,0,0,2013,"October","Monday","03:20 pm","060","Divided Road","Straight road","Level","Not Applicable","Sealed","Dry","Not Raining","Daylight","Hit Fixed Object","01","Driver Rider","1: PDO","No Control","","",1333172.52,1677529.78,"13331731677530"
"2013-13905-27/05/2021","2 Metropolitan","PANORAMA","5041","CC MITCHAM.                   ",2,0,0,0,0,2013,"October","Sunday","09:35 pm","060","T-Junction","Straight road","Level","Not Applicable","Sealed","Wet","Not Raining","Night","Right Turn","01","Driver Rider","1: PDO","Traffic Signals","","",1327592.73,1663487.35,"13275931663487"
"2013-13906-27/05/2021","3 Country","KADINA","5554","COPPER COAST DISTRICT COUNCIL",2,0,0,0,0,2013,"October","Monday","05:10 pm","050","Cross Road","Straight road","Level","Not Applicable","Sealed","Wet","Not Raining","Daylight","Right Angle","01","Driver Rider","1: PDO","Give Way Sign","","",1250422.58,1780037.67,"12504231780038"
"2013-13907-27/05/2021","2 Metropolitan","PARAFIELD","5106","CITY OF SALISBURY",2,1,0,0,1,2013,"October","Monday","04:05 pm","060","T-Junction","Straight road","Level","Not Applicable","Sealed","Dry","Not Raining","Daylight","Rear End","01","Driver Rider","2: MI","Traffic Signals","","",1333004.5,1685603.18,"13330051685603"
"2013-13908-27/05/2021","2 Metropolitan","CLOVELLY PARK","5042","CC MARION.                    ",2,0,0,0,0,2013,"October","Monday","04:40 pm","060","Cross Road","Straight road","Level","Not Applicable","Sealed","Dry","Not Raining","Daylight","Right Angle","01","Driver Rider","1: PDO","Give Way Sign","","",1325643.99,1663314.7,"13256441663315"
"2013-13909-27/05/2021","2 Metropolitan","CRAIGMORE","5114","CITY OF PLAYFORD.",2,0,0,0,0,2013,"October","Monday","05:30 pm","060","T-Junction","Straight road","Slope","Not Applicable","Sealed","Dry","Not Raining","Daylight","Rear End","02","Driver Rider","1: PDO","Give Way Sign","","",1338397.88,1694502.8,"13383981694503"
"2013-13910-27/05/2021","2 Metropolitan","MAWSON LAKES","5095","CITY OF SALISBURY",4,0,0,0,0,2013,"October","Monday","05:35 pm","070","Cross Road","Straight road","Level","Not Applicable","Sealed","Dry","Not Raining","Daylight","Right Angle","02","Driver Rider","1: PDO","Traffic Signals","","",1329549.75,1684430.78,"13295501684431"
"2013-13911-27/05/2021","2 Metropolitan","TORRENSVILLE","5031","CITY OF WEST TORRENS",3,1,0,0,1,2013,"October","Monday","04:30 pm","060","Divided Road","Straight road","Level","Not Applicable","Sealed","Dry","Not Raining","Daylight","Side Swipe","02","Driver Rider","2: MI","No Control","","",1324827.36,1670966.54,"13248271670967"
"2013-13912-27/05/2021","2 Metropolitan","INGLE FARM","5098","CITY OF SALISBURY",2,0,0,0,0,2013,"October","Monday","05:53 pm","060","T-Junction","Straight road","Level","Unknown","Sealed","Dry","Not Raining","Daylight","Hit Fixed Object","01","Driver Rider","1: PDO","No Control","","",1332685.34,1682690.15,"13326851682690"
"2013-13913-27/05/2021","2 Metropolitan","DERNANCOURT","5075","CITY OF TEA TREE GULLY",4,0,0,0,0,2013,"October","Monday","05:05 pm","060","T-Junction","Straight road","Level","Not Applicable","Sealed","Dry","Not Raining","Daylight","Rear End","01","Driver Rider","1: PDO","No Control","","",1334964.5,1678039.18,"13349651678039"
"2013-13914-27/05/2021","3 Country","PORT LINCOLN","5606","CC PT.LINCOLN.                ",3,0,0,0,0,2013,"October","Monday","07:15 pm","060","Cross Road","Straight road","Slope","Roadworks","Sealed","Dry","Not Raining","Daylight","Right Angle","01","Driver Rider","1: PDO","Stop Sign","","",1078689.14,1697555.13,"10786891697555"
"2013-13915-27/05/2021","2 Metropolitan","BRAHMA LODGE","5109","CITY OF SALISBURY",2,1,0,0,1,2013,"October","Monday","04:10 pm","050","Not Divided","Straight road","Level","Not Applicable","Sealed","Dry","Not Raining","Daylight","Rear End","02","Driver Rider","2: MI","No Control","","",1333356.94,1686793.56,"13333571686794"
"2013-13916-27/05/2021","3 Country","DUTTON EAST","5356","MID MURRAY DISTRICT COUNCIL",1,0,0,0,0,2013,"October","Monday","09:30 pm","110","Not Divided","CURVED, VIEW OBSCURED","Crest of Hill","Not Applicable","Sealed","Dry","Not Raining","Night","Left Road - Out of Control","01","Driver Rider","1: PDO","No Control","","",1386993.01,1726644.19,"13869931726644"
"2013-13917-27/05/2021","2 Metropolitan","WINGFIELD","5013","CITY OF PORT ADELAIDE ENFIELD",2,1,0,1,0,2013,"October","Tuesday","02:25 am","050","Not Divided","Straight road","Level","Not Applicable","Sealed","Dry","Not Raining","Night","Hit Fixed Object","01","Driver Rider","3: SI","No Control","","",1323899.44,1679720.53,"13238991679721"
"2013-13918-27/05/2021","2 Metropolitan","ELIZABETH SOUTH","5112","CITY OF PLAYFORD.",2,1,0,0,1,2013,"October","Monday","02:50 pm","060","T-Junction","Straight road","Level","Not Applicable","Sealed","Dry","Not Raining","Daylight","Rear End","02","Driver Rider","2: MI","Stop Sign","","",1334436.81,1691010.63,"13344371691011"
"2013-13919-27/05/2021","3 Country","BARMERA","5345","THE BERRI BARMERA COUNCIL",2,1,0,0,1,2013,"October","Tuesday","06:00 am","080","Not Divided","Straight road","Level","Not Applicable","Sealed","Dry","Not Raining","Night","Rear End","01","Driver Rider","2: MI","No Control","","",1501027.86,1737971.94,"15010281737972"
"2013-13920-27/05/2021","3 Country","RENMARK","5341","DC RENMARK PARINGA            ",2,0,0,0,0,2013,"October","Monday","05:00 pm","050","Divided Road","Straight road","Level","Median Opening (not at I/S)","Sealed","Dry","Not Raining","Daylight","Right Angle","01","Driver Rider","1: PDO","No Control","","",1528957.6,1745717.96,"15289581745718"
"2013-13921-27/05/2021","2 Metropolitan","STURT","5047","CC MARION.                    ",2,0,0,0,0,2013,"October","Monday","11:10 am","060","T-Junction","Straight road","Level","Not Applicable","Sealed","Dry","Not Raining","Daylight","Right Turn","02","Driver Rider","1: PDO","Give Way Sign","","",1323598.23,1660201.3,"13235981660201"
"2013-13922-27/05/2021","2 Metropolitan","HALLETT COVE","5158","CC MARION.                    ",2,1,0,0,1,2013,"October","Monday","07:30 am","050","Not Divided","Straight road","Level","Not Applicable","Sealed","Dry","Not Raining","Daylight","Rear End","02","Driver Rider","2: MI","No Control","","",1319868.4,1655016.96,"13198681655017"
"2013-13923-27/05/2021","3 Country","TUMBY BAY","5605","DC TUMBY BAY.                 ",4,1,0,1,0,2013,"October","Tuesday","08:40 am","050","Not Divided","Straight road","Level","Driveway or Entrance","Sealed","Dry","Not Raining","Daylight","Hit Fixed Object","01","Driver Rider","3: SI","No Control","","",1101168.83,1736347.95,"11011691736348"
"2013-13924-27/05/2021","3 Country","BOOLEROO CENTRE","5482","DC MT.REMARKABLE.             ",2,2,0,1,1,2013,"October","Tuesday","08:05 am","100","Multiple","CURVED, VIEW OPEN","Level","Not Applicable","Unsealed","Dry","Not Raining","Daylight","Right Angle","01","Driver Rider","3: SI","Give Way Sign","","",1318005.54,1897707.11,"13180061897707"
"2013-13925-27/05/2021","1 City","NORTH ADELAIDE","5006","CITY OF ADELAIDE",2,1,0,0,1,2013,"October","Tuesday","09:45 am","050","Cross Road","Straight road","Level","Not Applicable","Sealed","Dry","Not Raining","Daylight","Right Angle","02","Driver Rider","2: MI","Traffic Signals","","",1328227.4,1672725.75,"13282271672726"
"2013-13926-27/05/2021","2 Metropolitan","ELIZABETH DOWNS","5113","CITY OF PLAYFORD.",2,1,0,0,1,2013,"October","Tuesday","07:30 am","050","Not Divided","Straight road","Level","Driveway or Entrance","Sealed","Dry","Not Raining","Daylight","Right Angle","02","Driver Rider","2: MI","No Control","","",1338114.86,1695544.94,"13381151695545"
"2013-13927-27/05/2021","2 Metropolitan","HAPPY VALLEY","5159","CITY OF ONKAPARINGA",2,0,0,0,0,2013,"October","Tuesday","07:30 am","070","Cross Road","Straight road","Level","Not Applicable","Sealed","Dry","Not Raining","Daylight","Rear End","02","Driver Rider","1: PDO","Roundabout","","",1325603.37,1656854,"13256031656854"
"2013-13928-27/05/2021","1 City","ADELAIDE","5000","CITY OF ADELAIDE",2,0,0,0,0,2013,"October","Tuesday","11:00 am","050","Divided Road","Straight road","Slope","Not Applicable","Sealed","Dry","Not Raining","Daylight","Hit Parked Vehicle","02","Driver Rider","1: PDO","No Control","","",1328384.56,1671146.07,"13283851671146"
"2013-13929-27/05/2021","2 Metropolitan","MORPHETT VALE","5162","CITY OF ONKAPARINGA",3,1,0,0,1,2013,"October","Tuesday","09:00 am","050","T-Junction","Straight road","Level","Not Applicable","Sealed","Dry","Not Raining","Daylight","Hit Fixed Object","01","Driver Rider","2: MI","No Control","","",1319778.61,1650556.22,"13197791650556"
"2013-13930-27/05/2021","2 Metropolitan","VALLEY VIEW","5093","CITY OF TEA TREE GULLY",2,0,0,0,0,2013,"October","Tuesday","09:15 am","060","Cross Road","Straight road","Level","Not Applicable","Sealed","Dry","Not Raining","Daylight","Rear End","02","Driver Rider","1: PDO","Traffic Signals","","",1335297.49,1679399.6,"13352971679400"
"2013-13931-27/05/2021","2 Metropolitan","GLENGOWRIE","5044","CC MARION.                    ",2,1,0,0,1,2013,"October","Tuesday","10:00 am","060","Not Divided","Straight road","Level","Not Applicable","Sealed","Dry","Not Raining","Daylight","Rear End","02","Driver Rider","2: MI","No Control","","",1322657.85,1664603.46,"13226581664603"
"2013-13932-27/05/2021","1 City","ADELAIDE","5000","CITY OF ADELAIDE",2,0,0,0,0,2013,"October","Monday","05:30 pm","050","Pedestrian Crossing","Straight road","Level","Not Applicable","Sealed","Dry","Not Raining","Daylight","Rear End","02","Driver Rider","1: PDO","Traffic Signals","","",1328248.42,1671142.14,"13282481671142"
"2013-13933-27/05/2021","2 Metropolitan","ONE TREE HILL","5114","CITY OF PLAYFORD.",2,1,0,0,1,2013,"October","Tuesday","08:20 am","100","T-Junction","Straight road","Slope","Not Applicable","Sealed","Dry","Not Raining","Daylight","Right Angle","02","Driver Rider","2: MI","No Control","","",1344440.08,1695777.49,"13444401695777"
"2013-13934-27/05/2021","2 Metropolitan","NORTH BRIGHTON","5048","CC MARION.                    ",3,0,0,0,0,2013,"October","Monday","06:50 pm","050","Not Divided","Straight road","Level","Not Applicable","Sealed","Dry","Not Raining","Daylight","Hit Parked Vehicle","02","Driver Rider","1: PDO","No Control","","",1321918.06,1662297.67,"13219181662298"
"2013-13935-27/05/2021","2 Metropolitan","WALKERVILLE","5081","WALKERVILLE TOWN COUNCIL",2,0,0,0,0,2013,"October","Tuesday","12:10 pm","060","Cross Road","Straight road","Level","Not Applicable","Sealed","Dry","Not Raining","Daylight","Rear End","01","Driver Rider","1: PDO","Traffic Signals","","",1329488.84,1674243.03,"13294891674243"
"2013-13936-27/05/2021","2 Metropolitan","BRIGHTON","5048","CITY OF HOLDFAST BAY",2,0,0,0,0,2013,"October","Monday","03:30 pm","060","Divided Road","Straight road","Level","Not Applicable","Sealed","Dry","Not Raining","Daylight","Hit Parked Vehicle","02","Driver Rider","1: PDO","No Control","","",1321141.48,1660789.74,"13211411660790"
"2013-13937-27/05/2021","3 Country","SANDERGROVE","5255","ALEXANDRINA COUNCIL",2,0,0,0,0,2013,"October","Tuesday","12:30 am","100","Not Divided","CURVED, VIEW OPEN","Level","Not Applicable","Unsealed","Dry","Not Raining","Night","Roll Over","01","Driver Rider","1: PDO","No Control","","",1351464.38,1621940.03,"13514641621940"
"2013-13938-27/05/2021","2 Metropolitan","HINDMARSH","5007","CITY OF CHARLES STURT",2,2,0,0,2,2013,"October","Tuesday","12:45 pm","060","Cross Road","Straight road","Level","Not Applicable","Sealed","Dry","Not Raining","Daylight","Rear End","02","Driver Rider","2: MI","No Control","","",1325577.23,1673552.07,"13255771673552"
"2013-13939-27/05/2021","2 Metropolitan","SALISBURY","5108","CITY OF SALISBURY",2,0,0,0,0,2013,"October","Tuesday","01:00 pm","050","Not Divided","Straight road","Level","Not Applicable","Sealed","Dry","Not Raining","Daylight","Hit Fixed Object","01","Driver Rider","1: PDO","No Control","","",1332360.25,1688541.36,"13323601688541"
"2013-13940-27/05/2021","2 Metropolitan","POORAKA","5095","CITY OF SALISBURY",2,0,0,0,0,2013,"October","Monday","10:15 pm","050","T-Junction","CURVED, VIEW OPEN","Level","Not Applicable","Sealed","Dry","Not Raining","Night","Hit Fixed Object","01","Driver Rider","1: PDO","No Control","","",1331873.13,1681933.57,"13318731681934"
"2013-13941-27/05/2021","2 Metropolitan","WINDSOR GARDENS","5087","CITY OF PORT ADELAIDE ENFIELD",2,1,0,0,1,2013,"October","Tuesday","10:05 am","060","T-Junction","Straight road","Level","Not Applicable","Sealed","Dry","Not Raining","Daylight","Right Angle","02","Driver Rider","2: MI","No Control","","",1333183.58,1677351.6,"13331841677352"