"REPORT_ID","Stats Area","Suburb","Postcode","LGA Name","Total Units","Total Cas","Total Fats","Total SI","Total MI","Year","Month","Day","Time","Area Speed","Position Type","Horizontal Align","Vertical Align","Other Feat","Road Surface","Moisture Cond","Weather Cond","DayNight","Crash Type","Unit Resp","Entity Code","CSEF Severity","Traffic Ctrls","DUI Involved","Drugs Involved","ACCLOC_X","ACCLOC_Y","UNIQUE_LOC"
"2013-14747-27/05/2021","3 Country","TAYLORVILLE","5330","LOXTON WAIKERIE DISTRICT COUNCIL",2,1,0,0,1,2013,"November","Sunday","05:30 pm","110","Not Divided","CURVED, VIEW OBSCURED","Level","Unknown","Sealed","Dry","Not Raining","Daylight","Hit Fixed Object","01","Driver Rider","2: MI","No Control","","",1453627.8,1760663.79,"14536281760664"
"2013-14748-27/05/2021","2 Metropolitan","SEAFORD RISE","5169","CITY OF ONKAPARINGA",2,1,0,0,1,2013,"November","Sunday","07:20 pm","050","Not Divided","CURVED, VIEW OPEN","Slope","Driveway or Entrance","Sealed","Dry","Not Raining","Daylight","Hit Fixed Object","01","Driver Rider","2: MI","No Control","","",1317090.9,1639845.74,"13170911639846"
"2013-14749-27/05/2021","3 Country","MOUNT GAMBIER","5290","CC MT.GAMBIER.                ",2,1,0,1,0,2013,"November","Sunday","01:30 pm","050","Cross Road","Straight road","Level","Not Applicable","Sealed","Dry","Not Raining","Daylight","Right Angle","01","Driver Rider","3: SI","Roundabout","","",1509394.91,1341612.52,"15093951341613"
"2013-14750-27/05/2021","2 Metropolitan","STIRLING","5152","THE ADELAIDE HILLS COUNCIL",2,1,0,0,1,2013,"November","Sunday","09:05 pm","050","Cross Road","CURVED, VIEW OPEN","Level","Not Applicable","Sealed","Dry","Not Raining","Night","Head On","01","Driver Rider","2: MI","Roundabout","Y","",1338947.79,1661384.17,"13389481661384"
"2013-14751-27/05/2021","2 Metropolitan","PORT ADELAIDE","5015","CITY OF PORT ADELAIDE ENFIELD",2,0,0,0,0,2013,"November","Sunday","10:53 pm","050","Cross Road","Straight road","Crest of Hill","Not Applicable","Sealed","Dry","Not Raining","Night","Hit Fixed Object","01","Driver Rider","1: PDO","Traffic Signals","","",1320159.6,1679971.34,"13201601679971"
"2013-14752-27/05/2021","2 Metropolitan","CROYDON PARK","5008","CITY OF PORT ADELAIDE ENFIELD",2,1,0,0,1,2013,"November","Sunday","06:20 am","060","Divided Road","Straight road","Level","Not Applicable","Sealed","Dry","Not Raining","Daylight","Side Swipe","01","Driver Rider","2: MI","No Control","Y","",1326068.96,1675766.96,"13260691675767"
"2013-14753-27/05/2021","1 City","ADELAIDE","5000","CITY OF ADELAIDE",3,1,0,0,1,2013,"November","Sunday","09:30 am","050","Cross Road","Straight road","Level","Not Applicable","Sealed","Dry","Not Raining","Daylight","Rear End","02","Driver Rider","2: MI","Traffic Signals","","",1328497.71,1670187.74,"13284981670188"
"2013-14754-27/05/2021","2 Metropolitan","BASKET RANGE","5138","THE ADELAIDE HILLS COUNCIL",2,1,0,0,1,2013,"November","Sunday","11:30 pm","080","Not Divided","CURVED, VIEW OPEN","Slope","Not Applicable","Sealed","Dry","Not Raining","Night","Hit Fixed Object","01","Driver Rider","2: MI","No Control","","",1345340.97,1668307.99,"13453411668308"
"2013-14755-27/05/2021","2 Metropolitan","GLENELG","5045","CITY OF HOLDFAST BAY",2,0,0,0,0,2013,"November","Monday","12:01 am","050","Cross Road","Straight road","Level","Not Applicable","Sealed","Dry","Not Raining","Night","Hit Fixed Object","01","Driver Rider","1: PDO","No Control","","",1320240.39,1664804.17,"13202401664804"
"2013-14756-27/05/2021","2 Metropolitan","GLENELG","5045","CITY OF HOLDFAST BAY",2,0,0,0,0,2013,"November","Sunday","08:15 pm","040","Cross Road","Straight road","Level","Not Applicable","Sealed","Dry","Not Raining","Night","Right Angle","02","Driver Rider","1: PDO","Traffic Signals","","",1320797.13,1664894.03,"13207971664894"
"2013-14757-27/05/2021","2 Metropolitan","RICHMOND","5033","CITY OF WEST TORRENS",2,0,0,0,0,2013,"November","Monday","06:00 am","050","Cross Road","Straight road","Level","Not Applicable","Sealed","Dry","Not Raining","Daylight","Hit Fixed Object","01","Driver Rider","1: PDO","Stop Sign","Y","",1325380.95,1669259.72,"13253811669260"
"2013-14758-27/05/2021","2 Metropolitan","TROTT PARK","5158","CC MARION.                    ",3,0,0,0,0,2013,"November","Sunday","05:00 pm","080","T-Junction","Straight road","Level","Not Applicable","Sealed","Dry","Not Raining","Daylight","Rear End","01","Driver Rider","1: PDO","Traffic Signals","","",1322110.13,1656550.09,"13221101656550"
"2013-14759-27/05/2021","2 Metropolitan","ASCOT PARK","5043","CC MARION.                    ",2,0,0,0,0,2013,"November","Monday","06:45 am","060","T-Junction","Straight road","Level","Not Applicable","Sealed","Dry","Not Raining","Daylight","Hit Fixed Object","01","Driver Rider","1: PDO","No Control","","",1324323.65,1663648.09,"13243241663648"
"2013-14760-27/05/2021","2 Metropolitan","WOODCROFT","5162","CITY OF ONKAPARINGA",2,0,0,0,0,2013,"November","Saturday","09:15 am","080","Cross Road","Straight road","Slope","Not Applicable","Sealed","Dry","Not Raining","Daylight","Rear End","01","Driver Rider","1: PDO","Traffic Signals","","",1323088.23,1649921.53,"13230881649922"
"2013-14761-27/05/2021","2 Metropolitan","MILE END","5031","CITY OF WEST TORRENS",2,0,0,0,0,2013,"November","Sunday","10:15 am","060","T-Junction","Straight road","Level","Not Applicable","Sealed","Dry","Not Raining","Daylight","Rear End","01","Driver Rider","1: PDO","Stop Sign","","",1324934.42,1670959.64,"13249341670960"
"2013-14762-27/05/2021","3 Country","TANUNDA","5352","THE BAROSSA COUNCIL.",2,0,0,0,0,2013,"November","Friday","05:15 pm","050","Not Divided","Straight road","Level","Driveway or Entrance","Sealed","Dry","Not Raining","Daylight","Right Angle","02","Driver Rider","1: PDO","No Control","","",1362791.65,1714030.24,"13627921714030"
"2013-14763-27/05/2021","2 Metropolitan","NOARLUNGA DOWNS","5168","CITY OF ONKAPARINGA",2,1,0,0,1,2013,"November","Monday","09:00 am","060","Not Divided","Straight road","Level","Driveway or Entrance","Sealed","Dry","Not Raining","Daylight","Hit Pedestrian","01","Driver Rider","2: MI","No Control","","",1318557.58,1646645.72,"13185581646646"
"2013-14764-27/05/2021","2 Metropolitan","VALLEY VIEW","5093","CITY OF TEA TREE GULLY",2,0,0,0,0,2013,"November","Monday","07:50 am","060","T-Junction","Straight road","Level","Not Applicable","Sealed","Dry","Not Raining","Daylight","Right Angle","01","Driver Rider","1: PDO","Stop Sign","","",1335747.46,1679979.88,"13357471679980"
"2013-14765-27/05/2021","2 Metropolitan","MACCLESFIELD","5153","DC MT.BARKER.                 ",2,0,0,0,0,2013,"November","Sunday","02:30 am","080","Not Divided","Straight road","Level","Not Applicable","Sealed","Dry","Not Raining","Night","Hit Fixed Object","01","Driver Rider","1: PDO","No Control","","",1346425.05,1641653.4,"13464251641653"
"2013-14766-27/05/2021","2 Metropolitan","NORTH PLYMPTON","5037","CITY OF WEST TORRENS",3,1,0,0,1,2013,"November","Sunday","07:09 pm","050","Not Divided","Straight road","Level","Not Applicable","Sealed","Dry","Not Raining","Daylight","Hit Parked Vehicle","01","Driver Rider","2: MI","No Control","","",1323668.86,1667580.99,"13236691667581"
"2013-14767-27/05/2021","3 Country","MYPONGA BEACH","5202","DC YANKALILLA.                ",1,0,0,0,0,2013,"November","Saturday","08:04 pm","100","Not Divided","Straight road","Slope","Not Applicable","Unsealed","Dry","Not Raining","Night","Roll Over","01","Driver Rider","1: PDO","No Control","","",1306513.99,1620034.18,"13065141620034"
"2013-14768-27/05/2021","3 Country","PARIS CREEK","5201","ALEXANDRINA COUNCIL",2,0,0,0,0,2013,"November","Saturday","02:30 pm","080","Not Divided","Straight road","Slope","Driveway or Entrance","Unsealed","Wet","Not Raining","Daylight","Right Angle","01","Driver Rider","1: PDO","No Control","","",1345117.74,1638001.7,"13451181638002"
"2013-14769-27/05/2021","2 Metropolitan","ATHELSTONE","5076","CC CAMPBELLTOWN.              ",2,0,0,0,0,2013,"November","Monday","08:00 am","060","Cross Road","CURVED, VIEW OBSCURED","Bottom of Hill","Not Applicable","Sealed","Dry","Not Raining","Daylight","Right Angle","01","Driver Rider","1: PDO","Roundabout","","",1337267.32,1676864.05,"13372671676864"
"2013-14770-27/05/2021","2 Metropolitan","WELLAND","5007","CITY OF CHARLES STURT",2,0,0,0,0,2013,"November","Monday","08:50 am","060","Divided Road","Straight road","Level","Driveway or Entrance","Sealed","Dry","Not Raining","Daylight","Side Swipe","01","Driver Rider","1: PDO","No Control","","",1324949.88,1673194.43,"13249501673194"
"2013-14771-27/05/2021","2 Metropolitan","BLACKWOOD","5051","CC MITCHAM.                   ",2,0,0,0,0,2013,"November","Friday","12:00 pm","040","Not Divided","Straight road","Level","Driveway or Entrance","Sealed","Dry","Not Raining","Daylight","Hit Fixed Object","01","Driver Rider","1: PDO","No Control","","",1329569.81,1659985.16,"13295701659985"
"2013-14772-27/05/2021","3 Country","EUDUNDA","5374","REGIONAL COUNCIL OF GOYDER",1,0,0,0,0,2013,"November","Friday","08:45 pm","100","Not Divided","CURVED, VIEW OPEN","Slope","Not Applicable","Unsealed","Dry","Not Raining","Night","Left Road - Out of Control","01","Driver Rider","1: PDO","No Control","","",1378552.11,1758966.48,"13785521758966"
"2013-14773-27/05/2021","2 Metropolitan","WEST BEACH","5024","CITY OF WEST TORRENS",3,1,0,0,1,2013,"November","Monday","06:40 am","080","Divided Road","Straight road","Level","Not Applicable","Sealed","Dry","Not Raining","Daylight","Rear End","02","Driver Rider","2: MI","No Control","","",1320918.35,1668773.83,"13209181668774"
"2013-14774-27/05/2021","3 Country","WUNKAR","5311","LOXTON WAIKERIE DISTRICT COUNCIL",3,0,0,0,0,2013,"November","Sunday","09:45 am","110","T-Junction","Straight road","Level","Not Applicable","Sealed","Dry","Not Raining","Daylight","Side Swipe","01","Driver Rider","1: PDO","Rail Xing - No Control","","",1487871.69,1713713.78,"14878721713714"
"2013-14775-27/05/2021","3 Country","STEWART RANGE","5271","DC NARACOORTE & LUCINDALE.",2,0,0,0,0,2013,"November","Sunday","11:00 pm","110","Not Divided","Straight road","Level","Not Applicable","Sealed","Dry","Not Raining","Night","Hit Animal","02","Animal","1: PDO","No Control","","",1503233.64,1434523.75,"15032341434524"
"2013-14776-27/05/2021","2 Metropolitan","DRY CREEK","5094","CITY OF SALISBURY",2,0,0,0,0,2013,"November","Monday","09:15 am","090","T-Junction","Straight road","Level","Not Applicable","Sealed","Dry","Not Raining","Daylight","Rear End","02","Driver Rider","1: PDO","No Control","","",1327950.41,1682416.07,"13279501682416"
"2013-14777-27/05/2021","2 Metropolitan","MARINO","5049","CC MARION.                    ",1,1,0,1,0,2013,"November","Sunday","06:25 pm","060","Not Divided","Straight road","Slope","Not Applicable","Sealed","Dry","Not Raining","Daylight","Roll Over","01","Driver Rider","3: SI","No Control","","",1319502.1,1656177.96,"13195021656178"
"2013-14778-27/05/2021","2 Metropolitan","CLARENCE PARK","5034","CITY OF UNLEY",2,1,0,0,1,2013,"November","Friday","10:45 pm","050","Not Divided","Straight road","Level","Not Applicable","Sealed","Dry","Not Raining","Night","Hit Parked Vehicle","02","Driver Rider","2: MI","No Control","","",1326173.9,1666363.41,"13261741666363"
"2013-14779-27/05/2021","2 Metropolitan","ELIZABETH","5112","CITY OF PLAYFORD.",2,1,0,0,1,2013,"November","Monday","10:35 am","080","Divided Road","Straight road","Level","Not Applicable","Sealed","Dry","Not Raining","Daylight","Hit Fixed Object","01","Driver Rider","2: MI","No Control","","",1335973.33,1693010.43,"13359731693010"
"2013-14780-27/05/2021","2 Metropolitan","HACKHAM WEST","5163","CITY OF ONKAPARINGA",3,0,0,0,0,2013,"November","Monday","10:45 am","060","Not Divided","Straight road","Level","Not Applicable","Sealed","Dry","Not Raining","Daylight","Rear End","01","Driver Rider","1: PDO","No Control","","",1320116.23,1647508.45,"13201161647508"
"2013-14781-27/05/2021","1 City","ADELAIDE","5000","CITY OF ADELAIDE",2,2,0,0,2,2013,"November","Monday","08:45 am","050","Cross Road","CURVED, VIEW OPEN","Level","Not Applicable","Sealed","Dry","Not Raining","Daylight","Rear End","02","Driver Rider","2: MI","Traffic Signals","","",1329504.64,1671008.79,"13295051671009"
"2013-14782-27/05/2021","2 Metropolitan","OVINGHAM","5082","CITY OF CHARLES STURT",2,0,0,0,0,2013,"November","Monday","08:15 am","060","Cross Road","Straight road","Slope","Not Applicable","Sealed","Dry","Not Raining","Daylight","Right Turn","01","Driver Rider","1: PDO","Traffic Signals","","",1327121.41,1673280.8,"13271211673281"
"2013-14783-27/05/2021","2 Metropolitan","GILLES PLAINS","5086","CITY OF PORT ADELAIDE ENFIELD",2,1,0,0,1,2013,"November","Thursday","08:45 pm","050","Not Divided","Straight road","Level","Not Applicable","Sealed","Wet","Raining","Night","Hit Pedestrian","02","Pedestrian","2: MI","No Control","","",1334364.81,1678410.5,"13343651678411"
"2013-14784-27/05/2021","2 Metropolitan","REGENCY PARK","5010","CITY OF PORT ADELAIDE ENFIELD",2,0,0,0,0,2013,"November","Monday","10:15 am","060","Divided Road","Straight road","Level","Not Applicable","Sealed","Dry","Not Raining","Daylight","Rear End","02","Driver Rider","1: PDO","No Control","","",1326095.36,1676366.66,"13260951676367"
"2013-14785-27/05/2021","2 Metropolitan","FULHAM GARDENS","5024","CITY OF CHARLES STURT",2,3,0,0,3,2013,"November","Monday","12:20 pm","060","Divided Road","Straight road","Level","Not Applicable","Sealed","Dry","Not Raining","Daylight","Rear End","02","Driver Rider","2: MI","No Control","","",1320773.05,1673027.68,"13207731673028"
"2013-14786-27/05/2021","3 Country","MOUNT BENSON","5275","DC ROBE.                      ",1,2,0,1,1,2013,"November","Thursday","12:15 am","110","Not Divided","Straight road","Level","Not Applicable","Sealed","Dry","Not Raining","Night","Roll Over","01","Driver Rider","3: SI","No Control","","",1427586.59,1432703.1,"14275871432703"
"2013-14787-27/05/2021","3 Country","NACKARA","5440","DC OF PETERBOROUGH",2,0,0,0,0,2013,"November","Monday","12:00 pm","110","Not Divided","CURVED, VIEW OBSCURED","Crest of Hill","Driveway or Entrance","Sealed","Dry","Not Raining","Daylight","Side Swipe","01","Driver Rider","1: PDO","No Control","","",1387622.21,1897833.72,"13876221897834"
"2013-14788-27/05/2021","3 Country","BUCKLEBOO","5641","DC KIMBA.                     ",1,0,0,0,0,2013,"November","Friday","03:30 pm","100","Not Divided","CURVED, VIEW OBSCURED","Bottom of Hill","Not Applicable","Unsealed","Dry","Not Raining","Daylight","Roll Over","01","Driver Rider","1: PDO","No Control","","",1100054.61,1905004.41,"11000551905004"
"2013-14789-27/05/2021","2 Metropolitan","PORT NOARLUNGA","5167","CITY OF ONKAPARINGA",2,0,0,0,0,2013,"November","Monday","11:45 am","060","Not Divided","Straight road","Level","Not Applicable","Sealed","Dry","Not Raining","Daylight","Rear End","02","Driver Rider","1: PDO","No Control","","",1317204.08,1646605.82,"13172041646606"
"2013-14790-27/05/2021","2 Metropolitan","KLEMZIG","5087","CITY OF PORT ADELAIDE ENFIELD",2,0,0,0,0,2013,"November","Monday","06:30 am","060","Cross Road","Straight road","Level","Not Applicable","Sealed","Dry","Not Raining","Daylight","Rear End","01","Driver Rider","1: PDO","Traffic Signals","","",1331690.63,1676251.12,"13316911676251"
"2013-14791-27/05/2021","3 Country","TRURO","5356","MID MURRAY DISTRICT COUNCIL",3,0,0,0,0,2013,"November","Monday","11:30 am","110","Not Divided","CURVED, VIEW OBSCURED","Crest of Hill","Not Applicable","Sealed","Dry","Not Raining","Daylight","Hit Object on Road","01","Driver Rider","1: PDO","No Control","","",1383116.81,1727028.29,"13831171727028"
"2013-14792-27/05/2021","2 Metropolitan","GOLDEN GROVE","5125","CITY OF TEA TREE GULLY",2,0,0,0,0,2013,"November","Monday","04:00 pm","060","T-Junction","Straight road","Level","Not Applicable","Sealed","Dry","Not Raining","Daylight","Rear End","02","Driver Rider","1: PDO","No Control","","",1339692.13,1685785.79,"13396921685786"
"2013-14793-27/05/2021","2 Metropolitan","FLINDERS PARK","5025","CITY OF CHARLES STURT",2,0,0,0,0,2013,"November","Monday","08:00 am","050","Not Divided","Straight road","Level","Driveway or Entrance","Sealed","Dry","Not Raining","Daylight","Right Angle","01","Driver Rider","1: PDO","No Control","","",1323325.44,1673129.52,"13233251673130"
"2013-14794-27/05/2021","2 Metropolitan","TRANMERE","5073","CC CAMPBELLTOWN.              ",2,1,0,0,1,2013,"November","Monday","03:20 pm","060","T-Junction","Straight road","Level","Not Applicable","Sealed","Dry","Not Raining","Daylight","Right Angle","01","Driver Rider","2: MI","Give Way Sign","","",1333835.8,1672457.44,"13338361672457"
"2013-14795-27/05/2021","3 Country","WHYALLA NORRIE","5608","CC WHYALLA.                   ",1,0,0,0,0,2013,"November","Sunday","10:30 pm","060","Not Divided","Straight road","Level","Roadworks","Unsealed","Dry","Not Raining","Night","Left Road - Out of Control","01","Driver Rider","1: PDO","No Control","","",1236219.97,1882918.84,"12362201882919"
"2013-14796-27/05/2021","2 Metropolitan","SEMAPHORE SOUTH","5019","CITY OF PORT ADELAIDE ENFIELD",1,0,0,0,0,2013,"November","Monday","02:55 pm","050","Not Divided","Straight road","Level","Not Applicable","Sealed","Dry","Not Raining","Daylight","Roll Over","09","Other","1: PDO","No Control","","",1317552.65,1679443.98,"13175531679444"
"2013-14797-27/05/2021","2 Metropolitan","BROADVIEW","5083","CITY OF PROSPECT",2,1,0,0,1,2013,"October","Thursday","04:35 pm","050","Not Divided","Straight road","Level","Not Applicable","Sealed","Dry","Not Raining","Daylight","Hit Pedestrian","01","Pedestrian","2: MI","No Control","","",1329777.08,1675450.63,"13297771675451"
"2013-14798-27/05/2021","2 Metropolitan","TRINITY GARDENS","5068","CC OF NORWOOD,PAYNEHAM & ST PETERS",2,0,0,0,0,2013,"November","Sunday","06:40 am","060","Divided Road","Straight road","Level","Not Applicable","Sealed","Dry","Not Raining","Daylight","Side Swipe","02","Driver Rider","1: PDO","No Control","","",1332223.54,1672177.21,"13322241672177"
"2013-14799-27/05/2021","2 Metropolitan","GAWLER","5118","CT GAWLER.                    ",2,0,0,0,0,2013,"November","Saturday","10:30 am","050","Not Divided","Straight road","Level","Not Applicable","Sealed","Dry","Not Raining","Daylight","Rear End","02","Driver Rider","1: PDO","No Control","","",1342675.18,1706448.04,"13426751706448"
"2013-14800-27/05/2021","2 Metropolitan","SOUTH PLYMPTON","5038","CC MARION.                    ",2,0,0,0,0,2013,"November","Friday","12:05 pm","060","Cross Road","Straight road","Level","Not Applicable","Sealed","Dry","Not Raining","Daylight","Right Turn","01","Driver Rider","1: PDO","Traffic Signals","","",1324247.23,1666113.9,"13242471666114"
"2013-14801-27/05/2021","2 Metropolitan","DARLINGTON","5047","CITY OF ONKAPARINGA",2,1,0,0,1,2013,"November","Monday","05:45 pm","060","T-Junction","Straight road","Crest of Hill","Not Applicable","Sealed","Dry","Not Raining","Daylight","Rear End","01","Driver Rider","2: MI","No Control","","",1324451.43,1659297.66,"13244511659298"
"2013-14802-27/05/2021","2 Metropolitan","KENSINGTON PARK","5068","CITY OF BURNSIDE",2,0,0,0,0,2013,"November","Thursday","09:55 am","060","Cross Road","Straight road","Level","Not Applicable","Sealed","Dry","Not Raining","Daylight","Right Turn","01","Driver Rider","1: PDO","Traffic Signals","","",1333879.5,1671121.62,"13338801671122"
"2013-14803-27/05/2021","1 City","ADELAIDE","5000","CITY OF ADELAIDE",2,0,0,0,0,2013,"November","Sunday","05:55 am","050","One Way","Straight road","Level","Unknown","Sealed","Dry","Not Raining","Night","Hit Parked Vehicle","01","Driver Rider","1: PDO","No Control","","",1328045.23,1670447.84,"13280451670448"
"2013-14804-27/05/2021","2 Metropolitan","UNLEY","5061","CITY OF UNLEY",3,2,0,0,2,2013,"November","Thursday","12:32 pm","060","Divided Road","Straight road","Level","Not Applicable","Sealed","Dry","Not Raining","Daylight","Rear End","01","Driver Rider","2: MI","No Control","","",1328776.52,1668973.2,"13287771668973"
"2013-14805-27/05/2021","1 City","ADELAIDE","5000","CITY OF ADELAIDE",2,0,0,0,0,2013,"November","Sunday","01:30 pm","060","Cross Road","Straight road","Level","Not Applicable","Sealed","Dry","Not Raining","Daylight","Rear End","02","Driver Rider","1: PDO","Traffic Signals","","",1327386.29,1670322.63,"13273861670323"
"2013-14806-27/05/2021","2 Metropolitan","SAMPSON FLAT","5114","CITY OF PLAYFORD.",1,1,0,0,1,2013,"November","Monday","05:10 pm","080","T-Junction","CURVED, VIEW OPEN","Slope","Not Applicable","Sealed","Dry","Not Raining","Daylight","Left Road - Out of Control","01","Driver Rider","2: MI","Give Way Sign","","",1344617.37,1688786.4,"13446171688786"
"2013-14807-27/05/2021","2 Metropolitan","SALISBURY PLAIN","5109","CITY OF SALISBURY",2,1,0,0,1,2013,"November","Monday","04:18 pm","060","Not Divided","Straight road","Level","Not Applicable","Sealed","Dry","Not Raining","Daylight","Rear End","01","Driver Rider","2: MI","No Control","","",1334297.06,1687528.25,"13342971687528"
"2013-14808-27/05/2021","2 Metropolitan","CAVAN","5094","CITY OF SALISBURY",2,0,0,0,0,2013,"November","Monday","04:45 pm","080","Divided Road","Straight road","Crest of Hill","Not Applicable","Sealed","Dry","Not Raining","Daylight","Rear End","01","Driver Rider","1: PDO","No Control","","",1328704.91,1682299.05,"13287051682299"
"2013-14809-27/05/2021","2 Metropolitan","ELIZABETH NORTH","5113","CITY OF PLAYFORD.",2,1,0,0,1,2013,"November","Monday","06:35 pm","080","Cross Road","Straight road","Level","Not Applicable","Sealed","Dry","Not Raining","Daylight","Right Angle","02","Driver Rider","2: MI","Traffic Signals","","",1336972.07,1695458.34,"13369721695458"
"2013-14810-27/05/2021","2 Metropolitan","SEATON","5023","CITY OF CHARLES STURT",2,0,0,0,0,2013,"November","Monday","07:00 pm","060","T-Junction","Straight road","Level","Not Applicable","Sealed","Dry","Not Raining","Daylight","Right Turn","02","Driver Rider","1: PDO","Traffic Signals","","",1319956.69,1673059.61,"13199571673060"
"2013-14811-27/05/2021","2 Metropolitan","WOODVILLE PARK","5011","CITY OF CHARLES STURT",2,0,0,0,0,2013,"November","Monday","11:40 pm","050","Not Divided","Straight road","Level","Not Applicable","Sealed","Dry","Not Raining","Night","Hit Fixed Object","01","Driver Rider","1: PDO","No Control","","",1323780.42,1675278.11,"13237801675278"
"2013-14812-27/05/2021","2 Metropolitan","BROOKLYN PARK","5032","CITY OF WEST TORRENS",2,0,0,0,0,2013,"November","Monday","08:10 am","060","T-Junction","Straight road","Level","Not Applicable","Sealed","Dry","Not Raining","Daylight","Rear End","01","Driver Rider","1: PDO","No Control","","",1323591.73,1670103.16,"13235921670103"
"2013-14813-27/05/2021","2 Metropolitan","WINDSOR GARDENS","5087","CITY OF PORT ADELAIDE ENFIELD",2,0,0,0,0,2013,"November","Tuesday","05:48 am","050","Not Divided","CURVED, VIEW OPEN","Slope","Unknown","Sealed","Dry","Not Raining","Night","Hit Parked Vehicle","01","Driver Rider","1: PDO","No Control","","",1334626.88,1677494.18,"13346271677494"
"2013-14814-27/05/2021","2 Metropolitan","PAECHTOWN","5245","DC MT.BARKER.                 ",2,1,0,0,1,2013,"November","Tuesday","06:30 am","080","Not Divided","Straight road","Slope","Not Applicable","Sealed","Dry","Not Raining","Daylight","Side Swipe","01","Driver Rider","2: MI","No Control","","",1346691.42,1656839.8,"13466911656840"
"2013-14815-27/05/2021","3 Country","MOUNT COMPASS","5210","ALEXANDRINA COUNCIL",2,1,0,0,1,2013,"November","Monday","03:10 pm","080","Not Divided","Straight road","Level","Not Applicable","Sealed","Dry","Not Raining","Daylight","Rear End","02","Driver Rider","2: MI","No Control","","",1327959.5,1624368.4,"13279601624368"
"2013-14816-27/05/2021","2 Metropolitan","TATACHILLA","5171","CITY OF ONKAPARINGA",2,0,0,0,0,2013,"November","Monday","12:40 pm","100","Not Divided","Straight road","Crest of Hill","Not Applicable","Sealed","Dry","Not Raining","Daylight","Roll Over","01","Driver Rider","1: PDO","No Control","","",1317694.49,1636579.67,"13176941636580"
"2013-14817-27/05/2021","2 Metropolitan","TRANMERE","5073","CC CAMPBELLTOWN.              ",2,0,0,0,0,2013,"November","Sunday","06:15 pm","050","Cross Road","Straight road","Level","Not Applicable","Sealed","Dry","Not Raining","Daylight","Rear End","02","Driver Rider","1: PDO","Stop Sign","","",1334642.07,1672906.7,"13346421672907"
"2013-14818-27/05/2021","2 Metropolitan","GLENSIDE","5065","CITY OF BURNSIDE",2,1,0,0,1,2013,"November","Tuesday","09:00 am","060","T-Junction","Straight road","Level","Not Applicable","Sealed","Dry","Not Raining","Daylight","Side Swipe","01","Driver Rider","2: MI","Traffic Signals","","",1331512,1669029.18,"13315121669029"
"2013-14819-27/05/2021","2 Metropolitan","TRANMERE","5073","CC CAMPBELLTOWN.              ",2,0,0,0,0,2013,"November","Tuesday","07:00 am","060","Cross Road","Straight road","Level","Not Applicable","Sealed","Dry","Not Raining","Daylight","Rear End","01","Driver Rider","1: PDO","Stop Sign","","",1334642.07,1672906.7,"13346421672907"
"2013-14820-27/05/2021","2 Metropolitan","SALISBURY EAST","5109","CITY OF SALISBURY",2,0,0,0,0,2013,"November","Tuesday","10:40 am","060","Cross Road","CURVED, VIEW OPEN","Level","Not Applicable","Sealed","Dry","Not Raining","Daylight","Rear End","02","Driver Rider","1: PDO","Traffic Signals","","",1334182.03,1684642.83,"13341821684643"
"2013-14821-27/05/2021","1 City","ADELAIDE","5000","CITY OF ADELAIDE",2,1,0,0,1,2013,"November","Tuesday","11:45 am","050","Divided Road","Straight road","Level","Not Applicable","Sealed","Dry","Not Raining","Daylight","Side Swipe","01","Driver Rider","2: MI","No Control","","",1329576.18,1670522.59,"13295761670523"
"2013-14822-27/05/2021","2 Metropolitan","TORRENSVILLE","5031","CITY OF WEST TORRENS",2,2,0,0,2,2013,"November","Tuesday","08:40 am","050","Cross Road","Straight road","Level","Not Applicable","Sealed","Dry","Not Raining","Daylight","Right Angle","02","Driver Rider","2: MI","Give Way Sign","","",1324746.26,1671390.05,"13247461671390"
"2013-14823-27/05/2021","2 Metropolitan","HENLEY BEACH SOUTH","5022","CITY OF CHARLES STURT",2,1,0,0,1,2013,"November","Tuesday","10:45 am","050","Pedestrian Crossing","Straight road","Level","Not Applicable","Sealed","Dry","Not Raining","Daylight","Rear End","02","Driver Rider","2: MI","Traffic Signals","","",1319534.07,1671015.39,"13195341671015"
"2013-14824-27/05/2021","2 Metropolitan","MODBURY","5092","CITY OF TEA TREE GULLY",2,0,0,0,0,2013,"November","Tuesday","08:20 am","060","Cross Road","Straight road","Level","Not Applicable","Sealed","Dry","Not Raining","Daylight","Side Swipe","01","Driver Rider","1: PDO","Roundabout","","",1336881.64,1680619.77,"13368821680620"
"2013-14825-27/05/2021","3 Country","ANAMA","5464","CLARE AND GILBERT VALLEYS DISTRICT COUNCIL",1,1,0,1,0,2013,"November","Tuesday","08:15 am","100","Not Divided","Straight road","Level","Not Applicable","Sealed","Dry","Not Raining","Daylight","Left Road - Out of Control","01","Driver Rider","3: SI","No Control","","",1331955.94,1809115.89,"13319561809116"
"2013-14826-27/05/2021","2 Metropolitan","HILTON","5033","CITY OF WEST TORRENS",3,0,0,0,0,2013,"November","Tuesday","01:00 pm","060","Divided Road","Straight road","Level","Median Opening (not at I/S)","Sealed","Dry","Not Raining","Daylight","Rear End","01","Driver Rider","1: PDO","No Control","","",1325763.73,1670152.3,"13257641670152"