"REPORT_ID","Stats Area","Suburb","Postcode","LGA Name","Total Units","Total Cas","Total Fats","Total SI","Total MI","Year","Month","Day","Time","Area Speed","Position Type","Horizontal Align","Vertical Align","Other Feat","Road Surface","Moisture Cond","Weather Cond","DayNight","Crash Type","Unit Resp","Entity Code","CSEF Severity","Traffic Ctrls","DUI Involved","Drugs Involved","ACCLOC_X","ACCLOC_Y","UNIQUE_LOC"
"2013-14827-27/05/2021","2 Metropolitan","LARGS NORTH","5016","CITY OF PORT ADELAIDE ENFIELD",2,1,0,0,1,2013,"November","Tuesday","01:35 pm","060","Divided Road","CURVED, VIEW OPEN","Level","Not Applicable","Sealed","Dry","Not Raining","Daylight","Hit Parked Vehicle","01","Driver Rider","2: MI","No Control","","",1319869.32,1682986.69,"13198691682987"
"2013-14828-27/05/2021","2 Metropolitan","INGLE FARM","5098","CITY OF SALISBURY",2,0,0,0,0,2013,"November","Tuesday","02:05 pm","050","Not Divided","Straight road","Slope","Driveway or Entrance","Sealed","Dry","Not Raining","Daylight","Hit Fixed Object","01","Driver Rider","1: PDO","No Control","","",1331926.33,1681353.45,"13319261681353"
"2013-14829-27/05/2021","2 Metropolitan","DULWICH","5065","CITY OF BURNSIDE",2,0,0,0,0,2013,"November","Monday","02:45 pm","060","Divided Road","Straight road","Level","Not Applicable","Sealed","Dry","Not Raining","Daylight","Hit Fixed Object","09","Other","1: PDO","No Control","","",1330649.48,1669431.88,"13306491669432"
"2013-14830-27/05/2021","2 Metropolitan","SOMERTON PARK","5044","CITY OF HOLDFAST BAY",2,0,0,0,0,2013,"November","Tuesday","01:30 pm","050","Cross Road","Straight road","Level","Not Applicable","Sealed","Dry","Not Raining","Daylight","Right Angle","02","Driver Rider","1: PDO","Give Way Sign","","",1321328.48,1662895.77,"13213281662896"
"2013-14831-27/05/2021","2 Metropolitan","ST AGNES","5097","CITY OF TEA TREE GULLY",2,0,0,0,0,2013,"November","Tuesday","03:40 pm","060","Cross Road","Straight road","Level","Not Applicable","Sealed","Dry","Not Raining","Daylight","Right Angle","02","Driver Rider","1: PDO","Traffic Signals","","",1339724.44,1681901.93,"13397241681902"
"2013-14832-27/05/2021","2 Metropolitan","BEDFORD PARK","5042","CC MITCHAM.                   ",2,0,0,0,0,2013,"November","Tuesday","05:30 pm","050","T-Junction","Straight road","Level","Not Applicable","Sealed","Dry","Not Raining","Daylight","Right Angle","02","Driver Rider","1: PDO","Stop Sign","","",1325289.83,1659603.03,"13252901659603"
"2013-14833-27/05/2021","2 Metropolitan","PARAFIELD GARDENS","5107","CITY OF SALISBURY",2,0,0,0,0,2013,"November","Tuesday","04:30 pm","050","Not Divided","Straight road","Level","Driveway or Entrance","Sealed","Dry","Not Raining","Daylight","Hit Fixed Object","01","Driver Rider","1: PDO","No Control","","",1330361.99,1685607.97,"13303621685608"
"2013-14834-27/05/2021","2 Metropolitan","WINGFIELD","5013","CITY OF PORT ADELAIDE ENFIELD",2,1,0,0,1,2013,"November","Tuesday","03:35 pm","050","T-Junction","Straight road","Level","Not Applicable","Sealed","Dry","Not Raining","Daylight","Rear End","02","Driver Rider","2: MI","No Control","","",1323905.05,1679453.39,"13239051679453"
"2013-14835-27/05/2021","2 Metropolitan","ULEYBURY","5114","CITY OF PLAYFORD.",2,1,0,0,1,2013,"November","Monday","06:35 pm","100","Not Divided","CURVED, VIEW OBSCURED","Level","Not Applicable","Sealed","Dry","Not Raining","Daylight","Hit Fixed Object","01","Driver Rider","2: MI","No Control","","",1343367.64,1695298.97,"13433681695299"
"2013-14836-27/05/2021","2 Metropolitan","PLYMPTON","5038","CITY OF WEST TORRENS",2,0,0,0,0,2013,"November","Tuesday","02:00 pm","060","Cross Road","CURVED, VIEW OPEN","Level","Not Applicable","Sealed","Dry","Not Raining","Daylight","Rear End","01","Driver Rider","1: PDO","Traffic Signals","","",1323619.17,1666111.33,"13236191666111"
"2013-14837-27/05/2021","2 Metropolitan","UNLEY","5061","CITY OF UNLEY",2,1,0,0,1,2013,"November","Tuesday","03:45 pm","050","T-Junction","Straight road","Level","Not Applicable","Sealed","Dry","Not Raining","Daylight","Side Swipe","01","Driver Rider","2: MI","No Control","","",1328386.15,1667812.83,"13283861667813"
"2013-14838-27/05/2021","2 Metropolitan","TORRENS PARK","5062","CC MITCHAM.                   ",2,0,0,0,0,2013,"November","Friday","02:45 am","060","Not Divided","Straight road","Slope","Not Applicable","Sealed","Dry","Not Raining","Night","Hit Fixed Object","01","Driver Rider","1: PDO","No Control","","",1329205.47,1663706.27,"13292051663706"
"2013-14839-27/05/2021","2 Metropolitan","KILBURN","5084","CITY OF PORT ADELAIDE ENFIELD",2,0,0,0,0,2013,"November","Tuesday","03:05 pm","060","Divided Road","Straight road","Level","Driveway or Entrance","Sealed","Dry","Not Raining","Daylight","Right Angle","02","Driver Rider","1: PDO","No Control","","",1327201.85,1678024.23,"13272021678024"
"2013-14840-27/05/2021","2 Metropolitan","TUSMORE","5065","CITY OF BURNSIDE",2,0,0,0,0,2013,"November","Tuesday","04:30 pm","060","Divided Road","Straight road","Level","Not Applicable","Sealed","Dry","Not Raining","Daylight","Rear End","01","Driver Rider","1: PDO","No Control","","",1332303.94,1669425.91,"13323041669426"
"2013-14841-27/05/2021","2 Metropolitan","SALISBURY EAST","5109","CITY OF SALISBURY",2,1,0,0,1,2013,"November","Tuesday","04:30 pm","060","Cross Road","Straight road","Level","Not Applicable","Sealed","Dry","Not Raining","Daylight","Rear End","02","Driver Rider","2: MI","Traffic Signals","","",1333286.62,1685382.97,"13332871685383"
"2013-14842-27/05/2021","2 Metropolitan","TORRENSVILLE","5031","CITY OF WEST TORRENS",2,0,0,0,0,2013,"November","Tuesday","08:00 pm","050","Not Divided","Straight road","Level","Not Applicable","Sealed","Dry","Not Raining","Daylight","Hit Fixed Object","01","Driver Rider","1: PDO","No Control","","",1324754.73,1671069.05,"13247551671069"
"2013-14843-27/05/2021","2 Metropolitan","WOODVILLE NORTH","5012","CITY OF CHARLES STURT",2,0,0,0,0,2013,"November","Tuesday","02:40 pm","060","Cross Road","Straight road","Level","Not Applicable","Sealed","Dry","Not Raining","Daylight","Rear End","01","Driver Rider","1: PDO","Traffic Signals","","",1323541.68,1676774.33,"13235421676774"
"2013-14844-27/05/2021","2 Metropolitan","PARAFIELD GARDENS","5107","CITY OF SALISBURY",2,3,0,0,3,2013,"November","Tuesday","08:38 pm","060","T-Junction","Straight road","Level","Not Applicable","Sealed","Dry","Not Raining","Night","Right Angle","01","Driver Rider","2: MI","No Control","","",1330357.74,1685449.91,"13303581685450"
"2013-14845-27/05/2021","2 Metropolitan","VALLEY VIEW","5093","CITY OF SALISBURY",3,0,0,0,0,2013,"November","Tuesday","10:30 pm","060","Divided Road","Straight road","Level","Not Applicable","Sealed","Dry","Not Raining","Night","Hit Fixed Object","01","Driver Rider","1: PDO","No Control","","",1334640.08,1680539.46,"13346401680539"
"2013-14846-27/05/2021","2 Metropolitan","LONSDALE","5160","CITY OF ONKAPARINGA",2,0,0,0,0,2013,"November","Tuesday","11:50 pm","080","Not Divided","Straight road","Bottom of Hill","Not Applicable","Sealed","Dry","Not Raining","Night","Hit Fixed Object","01","Driver Rider","1: PDO","No Control","","",1317547.49,1649204.02,"13175471649204"
"2013-14847-27/05/2021","2 Metropolitan","HOLDEN HILL","5088","CITY OF TEA TREE GULLY",2,3,0,1,2,2013,"November","Monday","11:30 pm","050","T-Junction","Straight road","Level","Not Applicable","Sealed","Dry","Not Raining","Night","Hit Fixed Object","01","Driver Rider","3: SI","No Control","","",1335530.79,1679270.89,"13355311679271"
"2013-14848-27/05/2021","2 Metropolitan","WILLASTON","5118","CT GAWLER.                    ",3,1,0,1,0,2013,"November","Wednesday","01:50 am","110","T-Junction","CURVED, VIEW OBSCURED","Level","Unknown","Sealed","Dry","Not Raining","Night","Hit Fixed Object","01","Driver Rider","3: SI","No Control","","",1342063.65,1708283.94,"13420641708284"
"2013-14849-27/05/2021","1 City","ADELAIDE","5000","CITY OF ADELAIDE",2,1,0,1,0,2013,"November","Wednesday","06:35 am","050","Cross Road","Straight road","Level","Not Applicable","Sealed","Dry","Not Raining","Daylight","Right Turn","01","Driver Rider","3: SI","Traffic Signals","","",1327546.59,1670795.98,"13275471670796"
"2013-14850-27/05/2021","2 Metropolitan","WOODVILLE","5011","CITY OF CHARLES STURT",2,1,0,0,1,2013,"November","Wednesday","08:09 am","060","Divided Road","Straight road","Level","Not Applicable","Sealed","Dry","Not Raining","Daylight","Side Swipe","01","Driver Rider","2: MI","No Control","","",1322989.12,1675675.69,"13229891675676"
"2013-14851-27/05/2021","2 Metropolitan","BLAIR ATHOL","5084","CITY OF PORT ADELAIDE ENFIELD",2,1,0,0,1,2013,"November","Wednesday","07:40 am","060","T-Junction","Straight road","Level","Not Applicable","Sealed","Dry","Not Raining","Daylight","Right Angle","02","Driver Rider","2: MI","Stop Sign","","",1328801.22,1679044.33,"13288011679044"
"2013-14852-27/05/2021","2 Metropolitan","SALISBURY","5108","CITY OF SALISBURY",4,0,0,0,0,2013,"November","Wednesday","08:45 am","050","Not Divided","Straight road","Level","Not Applicable","Sealed","Wet","Raining","Daylight","Hit Fixed Object","01","Driver Rider","1: PDO","No Control","","",1333361.22,1689775.3,"13333611689775"
"2013-14853-27/05/2021","2 Metropolitan","UNDERDALE","5032","CITY OF WEST TORRENS",2,2,0,0,2,2013,"November","Wednesday","06:55 am","060","T-Junction","Straight road","Level","Not Applicable","Sealed","Wet","Raining","Daylight","Hit Fixed Object","01","Driver Rider","2: MI","No Control","","",1323492.18,1670931.28,"13234921670931"
"2013-14854-27/05/2021","2 Metropolitan","MEDINDIE","5081","WALKERVILLE TOWN COUNCIL",2,0,0,0,0,2013,"November","Wednesday","08:05 am","060","T-Junction","Straight road","Level","Not Applicable","Sealed","Dry","Not Raining","Daylight","Right Turn","01","Driver Rider","1: PDO","No Control","","",1328545.74,1673867.55,"13285461673868"
"2013-14855-27/05/2021","2 Metropolitan","EDINBURGH","5111","CITY OF SALISBURY",2,0,0,0,0,2013,"November","Tuesday","02:45 pm","060","T-Junction","CURVED, VIEW OPEN","Level","Not Applicable","Sealed","Dry","Not Raining","Daylight","Right Turn","01","Driver Rider","1: PDO","Give Way Sign","","",1332217.16,1691364.39,"13322171691364"
"2013-14856-27/05/2021","3 Country","ROBE","5276","DC ROBE.                      ",2,1,0,0,1,2013,"November","Wednesday","10:00 am","110","Not Divided","CURVED, VIEW OBSCURED","Level","Not Applicable","Sealed","Wet","Raining","Daylight","Hit Fixed Object","09","Other","2: MI","No Control","","",,,
"2013-14857-27/05/2021","2 Metropolitan","SALISBURY EAST","5109","CITY OF SALISBURY",2,0,0,0,0,2013,"November","Tuesday","05:10 pm","060","Cross Road","Straight road","Level","Not Applicable","Sealed","Dry","Not Raining","Daylight","Rear End","02","Driver Rider","1: PDO","Traffic Signals","","",1333286.62,1685382.97,"13332871685383"
"2013-14858-27/05/2021","2 Metropolitan","HACKHAM","5163","CITY OF ONKAPARINGA",2,1,0,0,1,2013,"November","Sunday","11:50 pm","080","Not Divided","Straight road","Crest of Hill","Not Applicable","Sealed","Dry","Not Raining","Night","Hit Animal","02","Animal","2: MI","No Control","","",1319143.56,1644186.12,"13191441644186"
"2013-14859-27/05/2021","2 Metropolitan","HENLEY BEACH","5022","CITY OF CHARLES STURT",1,1,0,0,1,2013,"November","Tuesday","02:15 pm","050","Divided Road","Straight road","Level","Not Applicable","Sealed","Dry","Not Raining","Daylight","Roll Over","09","Other","2: MI","No Control","","",1318728.84,1672972.04,"13187291672972"
"2013-14860-27/05/2021","1 City","ADELAIDE","5000","CITY OF ADELAIDE",2,0,0,0,0,2013,"November","Wednesday","09:00 am","060","Divided Road","Straight road","Level","Not Applicable","Sealed","Dry","Not Raining","Daylight","Side Swipe","01","Driver Rider","1: PDO","No Control","","",1327371.08,1670102.34,"13273711670102"
"2013-14861-27/05/2021","3 Country","KORUNYE","5502","DC MALLALA.                   ",2,1,0,1,0,2013,"November","Sunday","08:00 pm","100","Not Divided","Straight road","Level","Not Applicable","Unsealed","Dry","Not Raining","Daylight","Roll Over","01","Driver Rider","3: SI","No Control","Y","",1325582.97,1713186.45,"13255831713186"
"2013-14862-27/05/2021","2 Metropolitan","WARRADALE","5046","CC MARION.                    ",3,0,0,0,0,2013,"November","Wednesday","08:20 am","060","T-Junction","Straight road","Level","Not Applicable","Sealed","Wet","Raining","Daylight","Right Angle","02","Driver Rider","1: PDO","No Control","","",1321955.46,1662915.93,"13219551662916"
"2013-14863-27/05/2021","2 Metropolitan","MYLOR","5153","DC MT.BARKER.                 ",1,0,0,0,0,2013,"November","Wednesday","12:10 pm","080","Not Divided","CURVED, VIEW OBSCURED","Slope","Not Applicable","Sealed","Dry","Not Raining","Daylight","Left Road - Out of Control","01","Driver Rider","1: PDO","No Control","","",1343331.33,1654543.63,"13433311654544"
"2013-14864-27/05/2021","2 Metropolitan","HINDMARSH","5007","CITY OF CHARLES STURT",3,2,0,0,2,2013,"November","Wednesday","08:10 am","060","T-Junction","Straight road","Level","Not Applicable","Sealed","Wet","Raining","Daylight","Rear End","01","Driver Rider","2: MI","Traffic Signals","","",1326125.23,1672575.24,"13261251672575"
"2013-14865-27/05/2021","2 Metropolitan","LEAWOOD GARDENS","5150","CITY OF BURNSIDE",5,2,1,1,0,2013,"November","Wednesday","07:20 am","100","Freeway","CURVED, VIEW OPEN","Slope","Not Applicable","Sealed","Dry","Not Raining","Daylight","Rear End","01","Driver Rider","4: Fatal","No Control","","Y",1334968.02,1665687.36,"13349681665687"
"2013-14866-27/05/2021","2 Metropolitan","FULHAM GARDENS","5024","CITY OF CHARLES STURT",2,2,0,2,0,2013,"November","Wednesday","11:00 am","060","T-Junction","Straight road","Crest of Hill","Not Applicable","Sealed","Dry","Not Raining","Daylight","Right Angle","02","Driver Rider","3: SI","No Control","","",1321045.56,1673080.45,"13210461673080"
"2013-14867-27/05/2021","2 Metropolitan","SEATON","5023","CITY OF CHARLES STURT",2,1,0,0,1,2013,"November","Tuesday","03:00 pm","060","Divided Road","Straight road","Level","Roadworks","Sealed","Dry","Not Raining","Daylight","Rear End","02","Driver Rider","2: MI","No Control","","",1320739.52,1674779.68,"13207401674780"
"2013-14868-27/05/2021","2 Metropolitan","FULHAM GARDENS","5024","CITY OF CHARLES STURT",2,0,0,0,0,2013,"November","Wednesday","11:30 am","060","Cross Road","Straight road","Level","Not Applicable","Sealed","Dry","Not Raining","Daylight","Right Turn","02","Driver Rider","1: PDO","Traffic Signals","","",1320790.05,1673070.27,"13207901673070"
"2013-14869-27/05/2021","3 Country","PORT LINCOLN","5606","CC PT.LINCOLN.                ",2,0,0,0,0,2013,"November","Wednesday","02:45 pm","050","Cross Road","Straight road","Slope","Not Applicable","Sealed","Dry","Not Raining","Daylight","Right Angle","02","Driver Rider","1: PDO","Give Way Sign","","",1079985.5,1697929.5,"10799861697930"
"2013-14870-27/05/2021","2 Metropolitan","CHELTENHAM","5014","CITY OF CHARLES STURT",2,0,0,0,0,2013,"November","Wednesday","02:15 pm","060","T-Junction","Straight road","Level","Not Applicable","Sealed","Dry","Not Raining","Daylight","Right Angle","01","Driver Rider","1: PDO","Stop Sign","","",1321424.72,1676962,"13214251676962"
"2013-14871-27/05/2021","2 Metropolitan","TORRENSVILLE","5031","CITY OF WEST TORRENS",2,0,0,0,0,2013,"November","Wednesday","02:00 pm","060","Cross Road","Straight road","Level","Not Applicable","Sealed","Dry","Not Raining","Daylight","Rear End","01","Driver Rider","1: PDO","Traffic Signals","","",1325746.9,1670988.92,"13257471670989"
"2013-14872-27/05/2021","1 City","NORTH ADELAIDE","5006","CITY OF ADELAIDE",3,0,0,0,0,2013,"November","Wednesday","03:30 pm","050","Not Divided","Straight road","Level","Not Applicable","Sealed","Dry","Not Raining","Daylight","Rear End","01","Driver Rider","1: PDO","No Control","","",1329561.4,1672921.94,"13295611672922"
"2013-14873-27/05/2021","2 Metropolitan","SALISBURY DOWNS","5108","CITY OF SALISBURY",2,0,0,0,0,2013,"November","Wednesday","02:36 pm","060","Cross Road","Straight road","Level","Not Applicable","Sealed","Dry","Not Raining","Daylight","Right Angle","02","Driver Rider","1: PDO","Traffic Signals","","",1332170.6,1687732.18,"13321711687732"
"2013-14874-27/05/2021","2 Metropolitan","MELROSE PARK","5039","CC MITCHAM.                   ",3,0,0,0,0,2013,"November","Wednesday","04:40 pm","060","Pedestrian Crossing","Straight road","Level","Not Applicable","Sealed","Dry","Not Raining","Daylight","Rear End","02","Driver Rider","1: PDO","Traffic Signals","","",1325913.54,1664636.8,"13259141664637"
"2013-14875-27/05/2021","2 Metropolitan","GLYNDE","5070","CC OF NORWOOD,PAYNEHAM & ST PETERS",2,2,0,0,2,2013,"November","Wednesday","04:15 pm","060","Divided Road","Straight road","Level","Not Applicable","Sealed","Dry","Not Raining","Daylight","Rear End","02","Driver Rider","2: MI","No Control","","",1333460.1,1674380.99,"13334601674381"
"2013-14876-27/05/2021","2 Metropolitan","COWANDILLA","5033","CITY OF WEST TORRENS",2,0,0,0,0,2013,"November","Wednesday","03:30 pm","060","Divided Road","Straight road","Level","Not Applicable","Sealed","Dry","Not Raining","Daylight","Rear End","02","Driver Rider","1: PDO","No Control","","",1324186.81,1670040.54,"13241871670041"
"2013-14877-27/05/2021","2 Metropolitan","RICHMOND","5033","CITY OF WEST TORRENS",2,0,0,0,0,2013,"November","Wednesday","05:30 am","060","Multiple","Straight road","Level","Not Applicable","Sealed","Dry","Not Raining","Night","Rear End","02","Driver Rider","1: PDO","Traffic Signals","","",1325787.24,1669433.92,"13257871669434"
"2013-14878-27/05/2021","2 Metropolitan","WINGFIELD","5013","CITY OF PORT ADELAIDE ENFIELD",3,0,0,0,0,2013,"November","Wednesday","04:45 pm","090","Divided Road","Straight road","Level","Not Applicable","Sealed","Dry","Not Raining","Daylight","Rear End","02","Driver Rider","1: PDO","No Control","","",1326488.67,1681056.85,"13264891681057"
"2013-14879-27/05/2021","2 Metropolitan","BEDFORD PARK","5042","CC MITCHAM.                   ",2,0,0,0,0,2013,"November","Wednesday","04:00 pm","070","T-Junction","Straight road","Level","Not Applicable","Sealed","Dry","Not Raining","Daylight","Right Angle","01","Driver Rider","1: PDO","No Control","","",1324793.48,1660017.6,"13247931660018"
"2013-14880-27/05/2021","3 Country","SALTIA","5433","THE FLINDERS RANGES COUNCIL.",2,4,0,4,0,2013,"November","Tuesday","07:10 pm","110","Not Divided","Straight road","Level","Not Applicable","Sealed","Dry","Not Raining","Daylight","Head On","01","Driver Rider","3: SI","No Control","Y","",1275890.82,1943936.31,"12758911943936"
"2013-14881-27/05/2021","2 Metropolitan","LEAWOOD GARDENS","5150","CC MITCHAM.                   ",3,1,0,0,1,2013,"November","Wednesday","03:20 pm","080","Not Divided","CURVED, VIEW OBSCURED","Level","Not Applicable","Sealed","Dry","Not Raining","Daylight","Hit Fixed Object","01","Driver Rider","2: MI","No Control","","",1334594.04,1665836.41,"13345941665836"
"2013-14882-27/05/2021","2 Metropolitan","HAPPY VALLEY","5159","CITY OF ONKAPARINGA",2,1,0,0,1,2013,"November","Wednesday","05:35 pm","050","Not Divided","Straight road","Slope","Driveway or Entrance","Sealed","Dry","Not Raining","Daylight","Rear End","01","Driver Rider","2: MI","No Control","","",1326491.76,1653507.89,"13264921653508"
"2013-14883-27/05/2021","3 Country","MURRAY BRIDGE","5253","RC MURRAY BRIDGE.             ",2,0,0,0,0,2013,"November","Wednesday","05:50 pm","050","Cross Road","Straight road","Level","Not Applicable","Sealed","Dry","Not Raining","Daylight","Right Angle","02","Driver Rider","1: PDO","Traffic Signals","","",1389252.78,1647025.09,"13892531647025"
"2013-14884-27/05/2021","2 Metropolitan","ONE TREE HILL","5114","CITY OF PLAYFORD.",3,4,0,0,4,2013,"November","Wednesday","05:30 pm","100","Not Divided","CURVED, VIEW OPEN","Slope","Not Applicable","Sealed","Dry","Not Raining","Daylight","Hit Fixed Object","01","Driver Rider","2: MI","No Control","","",1340959.33,1694134.67,"13409591694135"
"2013-14885-27/05/2021","2 Metropolitan","HILLCREST","5086","CITY OF PORT ADELAIDE ENFIELD",2,0,0,0,0,2013,"November","Wednesday","07:40 pm","060","T-Junction","Straight road","Level","Not Applicable","Sealed","Dry","Not Raining","Daylight","Right Turn","02","Driver Rider","1: PDO","No Control","","",1332948.47,1677348.06,"13329481677348"
"2013-14886-27/05/2021","2 Metropolitan","DRY CREEK","5094","CITY OF PORT ADELAIDE ENFIELD",4,0,0,0,0,2013,"November","Wednesday","04:20 pm","090","Freeway","Straight road","Level","Not Applicable","Sealed","Dry","Not Raining","Daylight","Rear End","01","Driver Rider","1: PDO","No Control","","",1324962.82,1681065.84,"13249631681066"
"2013-14887-27/05/2021","2 Metropolitan","PORT ADELAIDE","5015","CITY OF PORT ADELAIDE ENFIELD",2,1,0,0,1,2013,"November","Wednesday","04:00 pm","050","Cross Road","Straight road","Level","Not Applicable","Sealed","Dry","Not Raining","Daylight","Hit Pedestrian","02","Pedestrian","2: MI","Traffic Signals","","",1320156.36,1679977.47,"13201561679977"
"2013-14888-27/05/2021","2 Metropolitan","ELIZABETH PARK","5113","CITY OF PLAYFORD.",2,2,0,0,2,2013,"November","Tuesday","06:15 pm","060","Not Divided","Straight road","Level","Driveway or Entrance","Sealed","Dry","Not Raining","Daylight","Rear End","02","Driver Rider","2: MI","No Control","","",1337412.31,1693939.59,"13374121693940"
"2013-14889-27/05/2021","2 Metropolitan","ROSEWATER","5013","CITY OF PORT ADELAIDE ENFIELD",2,0,0,0,0,2013,"November","Wednesday","05:15 pm","050","T-Junction","Straight road","Level","Not Applicable","Sealed","Dry","Not Raining","Daylight","Right Angle","02","Driver Rider","1: PDO","No Control","","",1321620.93,1679547.98,"13216211679548"
"2013-14890-27/05/2021","2 Metropolitan","BURNSIDE","5066","CITY OF BURNSIDE",2,1,0,0,1,2013,"November","Wednesday","06:40 pm","060","T-Junction","Straight road","Level","Not Applicable","Sealed","Dry","Not Raining","Daylight","Right Angle","01","Driver Rider","2: MI","No Control","","",1334360.16,1669110.23,"13343601669110"
"2013-14891-27/05/2021","2 Metropolitan","PARK HOLME","5043","CC MARION.                    ",4,2,0,0,2,2013,"November","Wednesday","03:55 pm","060","Divided Road","Straight road","Level","Not Applicable","Sealed","Dry","Not Raining","Daylight","Rear End","01","Driver Rider","2: MI","No Control","","",1324315.3,1663933.12,"13243151663933"
"2013-14892-27/05/2021","1 City","ADELAIDE","5000","CITY OF ADELAIDE",3,0,0,0,0,2013,"November","Wednesday","03:55 pm","050","Not Divided","Straight road","Level","Not Applicable","Sealed","Dry","Not Raining","Daylight","Hit Parked Vehicle","01","Driver Rider","1: PDO","No Control","Y","Y",1327524.27,1670685.79,"13275241670686"
"2013-14893-27/05/2021","2 Metropolitan","KURRALTA PARK","5037","CITY OF WEST TORRENS",2,0,0,0,0,2013,"November","Wednesday","05:55 pm","050","T-Junction","Straight road","Level","Driveway or Entrance","Sealed","Dry","Not Raining","Daylight","Right Angle","02","Driver Rider","1: PDO","No Control","","",1325112.22,1667399.09,"13251121667399"
"2013-14894-27/05/2021","2 Metropolitan","HENLEY BEACH","5022","CITY OF CHARLES STURT",2,0,0,0,0,2013,"November","Wednesday","06:20 pm","060","Cross Road","Straight road","Level","Not Applicable","Sealed","Dry","Not Raining","Daylight","Right Angle","01","Driver Rider","1: PDO","Give Way Sign","","",1319815.31,1673045.48,"13198151673045"
"2013-14895-27/05/2021","2 Metropolitan","WINGFIELD","5013","CITY OF PORT ADELAIDE ENFIELD",2,1,0,0,1,2013,"November","Wednesday","04:05 pm","050","Not Divided","Straight road","Level","Not Applicable","Sealed","Dry","Not Raining","Daylight","Right Turn","01","Driver Rider","2: MI","No Control","","",1325850.48,1679768.62,"13258501679769"
"2013-14896-27/05/2021","1 City","ADELAIDE","5000","CITY OF ADELAIDE",2,1,0,0,1,2013,"November","Wednesday","03:55 pm","050","T-Junction","Straight road","Level","Not Applicable","Sealed","Dry","Not Raining","Daylight","Hit Fixed Object","01","Driver Rider","2: MI","No Control","","",1327550.82,1670601.79,"13275511670602"
"2013-14897-27/05/2021","2 Metropolitan","GLENELG NORTH","5045","CITY OF HOLDFAST BAY",2,0,0,0,0,2013,"November","Sunday","03:20 am","060","Divided Road","Straight road","Level","Not Applicable","Sealed","Dry","Not Raining","Night","Hit Parked Vehicle","01","Driver Rider","1: PDO","No Control","Y","",1321454.92,1665318.33,"13214551665318"
"2013-14898-27/05/2021","2 Metropolitan","PORT NOARLUNGA SOUTH","5167","CITY OF ONKAPARINGA",2,0,0,0,0,2013,"November","Thursday","03:15 am","050","Not Divided","Straight road","Level","Not Applicable","Sealed","Dry","Not Raining","Night","Hit Fixed Object","01","Driver Rider","1: PDO","No Control","","",1315870.15,1644051.77,"13158701644052"
"2013-14899-27/05/2021","2 Metropolitan","KENT TOWN","5067","CC OF NORWOOD,PAYNEHAM & ST PETERS",3,0,0,0,0,2013,"November","Thursday","05:20 am","050","Cross Road","Straight road","Level","Not Applicable","Sealed","Dry","Not Raining","Night","Hit Fixed Object","01","Driver Rider","1: PDO","No Control","","",1330282.8,1671178.3,"13302831671178"
"2013-14900-27/05/2021","3 Country","COOBER PEDY","5723",,2,0,0,0,0,2013,"November","Monday","04:00 am","100","Not Divided","Unknown","Unknown","Not Applicable","Unsealed","Dry","Not Raining","Night","Hit Animal","02","Animal","1: PDO","No Control","","",950963.93,2332543.94,"09509642332544"
"2013-14901-27/05/2021","2 Metropolitan","GEPPS CROSS","5094","CITY OF PORT ADELAIDE ENFIELD",2,0,0,0,0,2013,"November","Thursday","07:40 am","070","T-Junction","Straight road","Level","Not Applicable","Sealed","Dry","Not Raining","Daylight","Rear End","02","Driver Rider","1: PDO","Traffic Signals","","",1328771.8,1680475.9,"13287721680476"
"2013-14902-27/05/2021","2 Metropolitan","EDEN HILLS","5050","CC MITCHAM.                   ",1,0,0,0,0,2013,"November","Wednesday","07:15 pm","050","T-Junction","CURVED, VIEW OPEN","Slope","Not Applicable","Sealed","Dry","Not Raining","Daylight","Roll Over","01","Driver Rider","1: PDO","Give Way Sign","","",1328679.93,1659957.12,"13286801659957"
"2013-14903-27/05/2021","2 Metropolitan","COLLINSWOOD","5081","CITY OF PROSPECT",2,0,0,0,0,2013,"November","Thursday","08:35 am","060","T-Junction","Straight road","Level","Not Applicable","Sealed","Dry","Not Raining","Daylight","Rear End","02","Driver Rider","1: PDO","Traffic Signals","","",1330008.07,1674796.97,"13300081674797"
"2013-14904-27/05/2021","2 Metropolitan","FITZROY","5082","CITY OF PROSPECT",2,0,0,0,0,2013,"November","Wednesday","03:00 pm","060","Cross Road","Straight road","Level","Not Applicable","Sealed","Dry","Not Raining","Daylight","Rear End","02","Driver Rider","1: PDO","Traffic Signals","","",1327513.27,1673636.83,"13275131673637"
"2013-14905-27/05/2021","2 Metropolitan","POORAKA","5095","CITY OF SALISBURY",2,0,0,0,0,2013,"November","Wednesday","04:10 pm","050","Not Divided","Straight road","Level","Not Applicable","Sealed","Dry","Not Raining","Daylight","Hit Parked Vehicle","01","Driver Rider","1: PDO","No Control","","",1331431.7,1681130.01,"13314321681130"
"2013-14906-27/05/2021","2 Metropolitan","SMITHFIELD PLAINS","5114","CITY OF PLAYFORD.",2,1,0,1,0,2013,"November","Thursday","08:58 am","060","T-Junction","Straight road","Level","Not Applicable","Sealed","Dry","Not Raining","Daylight","Right Angle","01","Driver Rider","3: SI","No Control","","",1336899.06,1697749.75,"13368991697750"
"2013-14907-27/05/2021","2 Metropolitan","WAYVILLE","5034","CITY OF UNLEY",2,1,0,0,1,2013,"November","Thursday","08:55 am","060","T-Junction","Straight road","Level","Not Applicable","Sealed","Dry","Not Raining","Daylight","Right Turn","01","Driver Rider","2: MI","No Control","","",1328088,1668934.15,"13280881668934"