"REPORT_ID","Stats Area","Suburb","Postcode","LGA Name","Total Units","Total Cas","Total Fats","Total SI","Total MI","Year","Month","Day","Time","Area Speed","Position Type","Horizontal Align","Vertical Align","Other Feat","Road Surface","Moisture Cond","Weather Cond","DayNight","Crash Type","Unit Resp","Entity Code","CSEF Severity","Traffic Ctrls","DUI Involved","Drugs Involved","ACCLOC_X","ACCLOC_Y","UNIQUE_LOC"
"2013-15551-27/05/2021","2 Metropolitan","FULLARTON","5063","CITY OF UNLEY",2,0,0,0,0,2013,"December","Tuesday","02:45 pm","060","Not Divided","Straight road","Level","Not Applicable","Sealed","Dry","Not Raining","Daylight","Side Swipe","02","Driver Rider","1: PDO","No Control","","",1330802.12,1668244.8,"13308021668245"
"2013-15552-27/05/2021","2 Metropolitan","ELIZABETH PARK","5113","CITY OF PLAYFORD.",2,0,0,0,0,2013,"December","Wednesday","01:35 pm","080","Cross Road","Straight road","Level","Not Applicable","Sealed","Dry","Not Raining","Daylight","Rear End","02","Driver Rider","1: PDO","Traffic Signals","","",1335960.32,1693276.69,"13359601693277"
"2013-15553-27/05/2021","2 Metropolitan","CUDLEE CREEK","5232","THE ADELAIDE HILLS COUNCIL",1,0,0,0,0,2013,"December","Tuesday","10:00 pm","080","Not Divided","CURVED, VIEW OBSCURED","Slope","Not Applicable","Sealed","Wet","Raining","Night","Left Road - Out of Control","01","Driver Rider","1: PDO","No Control","","",1350520.83,1673901.93,"13505211673902"
"2013-15554-27/05/2021","2 Metropolitan","NORWOOD","5067","CC OF NORWOOD,PAYNEHAM & ST PETERS",2,0,0,0,0,2013,"December","Tuesday","11:15 am","060","Not Divided","Straight road","Level","Not Applicable","Sealed","Dry","Not Raining","Daylight","Rear End","01","Driver Rider","1: PDO","No Control","","",1332226.45,1670409.29,"13322261670409"
"2013-15555-27/05/2021","2 Metropolitan","PANORAMA","5041","CC MITCHAM.                   ",2,0,0,0,0,2013,"December","Tuesday","05:00 pm","060","T-Junction","Straight road","Level","Not Applicable","Sealed","Dry","Not Raining","Daylight","Rear End","02","Driver Rider","1: PDO","Traffic Signals","","",1327592.73,1663487.35,"13275931663487"
"2013-15556-27/05/2021","2 Metropolitan","CRAIGBURN FARM","5051","CC MITCHAM.                   ",3,0,0,0,0,2013,"December","Tuesday","09:12 pm","050","T-Junction","Straight road","Level","Not Applicable","Sealed","Dry","Not Raining","Night","Hit Fixed Object","01","Driver Rider","1: PDO","Roundabout","","",1329978.35,1658804.57,"13299781658805"
"2013-15557-27/05/2021","2 Metropolitan","POORAKA","5095","CITY OF SALISBURY",2,0,0,0,0,2013,"December","Wednesday","03:00 pm","070","T-Junction","Straight road","Level","Not Applicable","Sealed","Dry","Not Raining","Daylight","Right Angle","02","Driver Rider","1: PDO","Traffic Signals","","",1329917.43,1680996.65,"13299171680997"
"2013-15558-27/05/2021","2 Metropolitan","WOODVILLE PARK","5011","CITY OF CHARLES STURT",2,0,0,0,0,2013,"December","Wednesday","03:45 pm","060","Not Divided","Straight road","Level","Not Applicable","Sealed","Dry","Not Raining","Daylight","Rear End","02","Driver Rider","1: PDO","No Control","","",1323996.5,1675301.45,"13239971675301"
"2013-15559-27/05/2021","2 Metropolitan","CROYDON","5008","CITY OF CHARLES STURT",3,1,0,0,1,2013,"December","Tuesday","09:15 pm","060","T-Junction","Straight road","Level","Not Applicable","Sealed","Dry","Not Raining","Night","Rear End","02","Driver Rider","2: MI","No Control","","",1325677.52,1674226.18,"13256781674226"
"2013-15560-27/05/2021","1 City","ADELAIDE","5000","CITY OF ADELAIDE",2,0,0,0,0,2013,"December","Wednesday","12:00 pm","050","T-Junction","Straight road","Level","Not Applicable","Sealed","Dry","Not Raining","Daylight","Right Angle","02","Driver Rider","1: PDO","Traffic Signals","","",1328448.73,1671622.84,"13284491671623"
"2013-15561-27/05/2021","2 Metropolitan","PARKSIDE","5063","CITY OF UNLEY",2,0,0,0,0,2013,"December","Wednesday","08:10 am","050","T-Junction","Straight road","Level","Not Applicable","Sealed","Dry","Not Raining","Daylight","Rear End","02","Driver Rider","1: PDO","Stop Sign","","",1329616.46,1668584.76,"13296161668585"
"2013-15562-27/05/2021","2 Metropolitan","MUNNO PARA WEST","5115","CITY OF PLAYFORD.",2,1,0,0,1,2013,"December","Wednesday","11:30 am","060","T-Junction","Straight road","Level","Not Applicable","Sealed","Dry","Not Raining","Daylight","Right Angle","02","Driver Rider","2: MI","Stop Sign","","",1335160.84,1699401.69,"13351611699402"
"2013-15563-27/05/2021","2 Metropolitan","COLLINSWOOD","5081","CITY OF PROSPECT",2,0,0,0,0,2013,"December","Monday","01:30 pm","060","T-Junction","Straight road","Level","Not Applicable","Sealed","Dry","Not Raining","Daylight","Rear End","02","Driver Rider","1: PDO","Traffic Signals","","",1330008.07,1674796.97,"13300081674797"
"2013-15564-27/05/2021","2 Metropolitan","RICHMOND","5033","CITY OF WEST TORRENS",2,0,0,0,0,2013,"December","Wednesday","12:00 pm","060","Divided Road","Straight road","Level","Not Applicable","Sealed","Dry","Not Raining","Daylight","Side Swipe","01","Driver Rider","1: PDO","No Control","","",1325618.99,1668944.88,"13256191668945"
"2013-15565-27/05/2021","2 Metropolitan","ST PETERS","5069","CC OF NORWOOD,PAYNEHAM & ST PETERS",2,0,0,0,0,2013,"December","Wednesday","04:10 pm","060","T-Junction","Straight road","Level","Not Applicable","Sealed","Dry","Not Raining","Daylight","Side Swipe","02","Driver Rider","1: PDO","No Control","","",1331376.35,1672750,"13313761672750"
"2013-15566-27/05/2021","2 Metropolitan","PROSPECT","5082","CITY OF PROSPECT",2,0,0,0,0,2013,"December","Wednesday","10:50 am","050","Not Divided","Straight road","Level","Not Applicable","Sealed","Dry","Not Raining","Daylight","Side Swipe","01","Driver Rider","1: PDO","No Control","","",1327737.41,1675328.66,"13277371675329"
"2013-15567-27/05/2021","2 Metropolitan","WALKERVILLE","5081","WALKERVILLE TOWN COUNCIL",2,1,0,0,1,2013,"December","Wednesday","04:00 pm","060","Not Divided","Straight road","Level","Not Applicable","Sealed","Dry","Not Raining","Daylight","Rear End","02","Driver Rider","2: MI","No Control","","",1329653.65,1674097.75,"13296541674098"
"2013-15568-27/05/2021","2 Metropolitan","EDWARDSTOWN","5039","CC MARION.                    ",3,0,0,0,0,2013,"December","Wednesday","02:30 pm","060","T-Junction","Straight road","Level","Not Applicable","Sealed","Dry","Not Raining","Daylight","Right Turn","01","Driver Rider","1: PDO","Traffic Signals","","",1325915.83,1664786.38,"13259161664786"
"2013-15569-27/05/2021","2 Metropolitan","WOODVILLE SOUTH","5011","CITY OF CHARLES STURT",2,0,0,0,0,2013,"December","Wednesday","05:15 pm","060","Cross Road","Straight road","Level","Not Applicable","Sealed","Wet","Not Raining","Daylight","Rear End","02","Driver Rider","1: PDO","Traffic Signals","","",1322757.46,1675873.19,"13227571675873"
"2013-15570-27/05/2021","1 City","NORTH ADELAIDE","5006","CITY OF ADELAIDE",2,0,0,0,0,2013,"December","Wednesday","08:00 am","050","Cross Road","Straight road","Level","Not Applicable","Sealed","Dry","Not Raining","Daylight","Rear End","01","Driver Rider","1: PDO","Traffic Signals","","",1327864.76,1672479.43,"13278651672479"
"2013-15571-27/05/2021","2 Metropolitan","DRY CREEK","5094","CITY OF SALISBURY",3,3,0,0,3,2013,"December","Wednesday","05:15 pm","090","Divided Road","Straight road","Bottom of Hill","Not Applicable","Sealed","Dry","Not Raining","Daylight","Rear End","01","Driver Rider","2: MI","No Control","","",1328377.4,1682944.12,"13283771682944"
"2013-15572-27/05/2021","2 Metropolitan","STIRLING","5152","THE ADELAIDE HILLS COUNCIL",4,0,0,0,0,2013,"December","Wednesday","05:20 pm","100","Freeway","Straight road","Level","Not Applicable","Sealed","Dry","Not Raining","Daylight","Hit Fixed Object","09","Other","1: PDO","No Control","","",1339289.69,1661991.08,"13392901661991"
"2013-15573-27/05/2021","1 City","ADELAIDE","5000","CITY OF ADELAIDE",2,0,0,0,0,2013,"December","Wednesday","03:40 pm","060","Cross Road","Straight road","Level","Not Applicable","Sealed","Wet","Not Raining","Daylight","Rear End","01","Driver Rider","1: PDO","Traffic Signals","","",1327373.53,1670801.56,"13273741670802"
"2013-15574-27/05/2021","2 Metropolitan","BELAIR","5052","CC MITCHAM.                   ",2,0,0,0,0,2013,"December","Wednesday","04:20 pm","060","Not Divided","Straight road","Slope","Not Applicable","Sealed","Wet","Not Raining","Daylight","Hit Fixed Object","01","Driver Rider","1: PDO","No Control","","",1330564.92,1662992.07,"13305651662992"
"2013-15575-27/05/2021","2 Metropolitan","PROSPECT","5082","CITY OF PROSPECT",3,1,0,0,1,2013,"December","Tuesday","07:15 pm","060","T-Junction","Straight road","Level","Not Applicable","Sealed","Wet","Not Raining","Daylight","Right Turn","01","Driver Rider","2: MI","No Control","","",1327273.4,1674889.16,"13272731674889"
"2013-15576-27/05/2021","2 Metropolitan","ELIZABETH","5112","CITY OF PLAYFORD.",2,0,0,0,0,2013,"December","Wednesday","05:30 pm","050","Divided Road","CURVED, VIEW OPEN","Level","Not Applicable","Sealed","Dry","Not Raining","Daylight","Side Swipe","01","Driver Rider","1: PDO","No Control","","",1335465.92,1693729.72,"13354661693730"
"2013-15577-27/05/2021","2 Metropolitan","HOLDEN HILL","5088","CITY OF TEA TREE GULLY",2,0,0,0,0,2013,"December","Wednesday","06:45 pm","050","T-Junction","Straight road","Level","Not Applicable","Sealed","Dry","Not Raining","Daylight","Side Swipe","02","Driver Rider","1: PDO","No Control","","",1335313.24,1678537.95,"13353131678538"
"2013-15578-27/05/2021","1 City","ADELAIDE","5000","CITY OF ADELAIDE",2,1,0,1,0,2013,"December","Wednesday","03:29 pm","050","Divided Road","Straight road","Level","Not Applicable","Sealed","Wet","Raining","Daylight","Hit Pedestrian","02","Pedestrian","3: SI","No Control","","",1329340,1670382.01,"13293401670382"
"2013-15579-27/05/2021","2 Metropolitan","CRAFERS","5152","THE ADELAIDE HILLS COUNCIL",2,0,0,0,0,2013,"December","Wednesday","03:40 pm","100","Interchange","Straight road","Level","Driveway or Entrance","Sealed","Wet","Raining","Daylight","Hit Fixed Object","01","Driver Rider","1: PDO","No Control","","",1338083.44,1662299.48,"13380831662299"
"2013-15580-27/05/2021","2 Metropolitan","SALISBURY PLAIN","5109","CITY OF SALISBURY",2,0,0,0,0,2013,"December","Wednesday","03:30 pm","060","T-Junction","Straight road","Level","Not Applicable","Sealed","Wet","Raining","Daylight","Rear End","02","Driver Rider","1: PDO","No Control","","",1335093.51,1688391.22,"13350941688391"
"2013-15581-27/05/2021","2 Metropolitan","MARDEN","5070","CC OF NORWOOD,PAYNEHAM & ST PETERS",3,0,0,0,0,2013,"December","Wednesday","06:10 pm","060","T-Junction","Straight road","Level","Not Applicable","Sealed","Dry","Not Raining","Daylight","Rear End","01","Driver Rider","1: PDO","Traffic Signals","Y","",1332497.88,1673947.45,"13324981673947"
"2013-15582-27/05/2021","2 Metropolitan","STEPNEY","5069","CC OF NORWOOD,PAYNEHAM & ST PETERS",2,0,0,0,0,2013,"December","Wednesday","11:10 pm","060","Not Divided","Straight road","Slope","Not Applicable","Sealed","Wet","Raining","Night","Side Swipe","01","Driver Rider","1: PDO","No Control","","",1330701.95,1671717.77,"13307021671718"
"2013-15583-27/05/2021","2 Metropolitan","GAWLER","5118","CT GAWLER.                    ",2,0,0,0,0,2013,"December","Wednesday","11:15 pm","050","Not Divided","Straight road","Slope","Not Applicable","Sealed","Wet","Raining","Night","Hit Parked Vehicle","01","Driver Rider","1: PDO","No Control","","",1343360.46,1706434.14,"13433601706434"
"2013-15584-27/05/2021","3 Country","COONALPYN","5265","COORONG DISTRICT COUNCIL",2,1,1,0,0,2013,"December","Wednesday","03:50 pm","110","Not Divided","Straight road","Level","Not Applicable","Sealed","Dry","Not Raining","Daylight","Head On","01","Driver Rider","4: Fatal","No Control","","",1438563.03,1582041.23,"14385631582041"
"2013-15585-27/05/2021","2 Metropolitan","BURTON","5110","CITY OF SALISBURY",2,0,0,0,0,2013,"December","Thursday","01:00 am","050","Not Divided","Straight road","Level","Not Applicable","Sealed","Wet","Not Raining","Night","Hit Fixed Object","01","Driver Rider","1: PDO","No Control","","",1328914.85,1690741,"13289151690741"
"2013-15586-27/05/2021","2 Metropolitan","FORESTVILLE","5035","CITY OF UNLEY",2,0,0,0,0,2013,"December","Thursday","12:45 am","040","T-Junction","Straight road","Level","Not Applicable","Sealed","Wet","Raining","Night","Hit Fixed Object","01","Driver Rider","1: PDO","No Control","","",1326595.88,1667574.48,"13265961667574"
"2013-15587-27/05/2021","2 Metropolitan","RIDLEYTON","5008","CITY OF CHARLES STURT",2,0,0,0,0,2013,"December","Thursday","03:50 am","060","Not Divided","Straight road","Level","Driveway or Entrance","Sealed","Wet","Raining","Night","Right Angle","01","Driver Rider","1: PDO","No Control","","",1325871.42,1674762.72,"13258711674763"
"2013-15588-27/05/2021","2 Metropolitan","ELIZABETH","5112","CITY OF PLAYFORD.",2,1,0,0,1,2013,"December","Wednesday","01:30 pm","050","Cross Road","CURVED, VIEW OPEN","Level","Not Applicable","Sealed","Dry","Not Raining","Daylight","Right Turn","02","Driver Rider","2: MI","Give Way Sign","","",1335585.45,1693769.27,"13355851693769"
"2013-15589-27/05/2021","2 Metropolitan","LINDEN PARK","5065","CITY OF BURNSIDE",2,0,0,0,0,2013,"December","Wednesday","09:45 am","050","Not Divided","Straight road","Level","Not Applicable","Sealed","Dry","Not Raining","Daylight","Hit Parked Vehicle","01","Driver Rider","1: PDO","No Control","","",1332767.77,1668118.28,"13327681668118"
"2013-15590-27/05/2021","2 Metropolitan","DRY CREEK","5094","CITY OF PORT ADELAIDE ENFIELD",2,0,0,0,0,2013,"December","Thursday","06:30 am","060","Cross Road","CURVED, VIEW OBSCURED","Level","Bridge, Culvert, Causeway","Sealed","Wet","Raining","Daylight","Side Swipe","02","Driver Rider","1: PDO","Traffic Signals","","",1323869.25,1681061.9,"13238691681062"
"2013-15591-27/05/2021","2 Metropolitan","MALVERN","5061","CITY OF UNLEY",2,1,0,0,1,2013,"December","Thursday","07:58 am","040","Cross Road","CURVED, VIEW OPEN","Level","Not Applicable","Sealed","Dry","Not Raining","Daylight","Right Angle","01","Driver Rider","2: MI","Roundabout","","",1329513.17,1667116.99,"13295131667117"
"2013-15592-27/05/2021","3 Country","RENMARK","5341","DC RENMARK PARINGA            ",2,2,0,0,2,2013,"December","Thursday","08:00 am","060","Cross Road","Straight road","Level","Not Applicable","Sealed","Dry","Not Raining","Daylight","Right Turn","02","Driver Rider","2: MI","Give Way Sign","","",1527727.32,1744564.15,"15277271744564"
"2013-15593-27/05/2021","2 Metropolitan","ELIZABETH PARK","5113","CITY OF PLAYFORD.",2,1,0,0,1,2013,"December","Thursday","08:00 am","080","Cross Road","Straight road","Level","Not Applicable","Sealed","Wet","Raining","Daylight","Rear End","01","Driver Rider","2: MI","Traffic Signals","","",1335939.12,1693257.92,"13359391693258"
"2013-15594-27/05/2021","2 Metropolitan","ST MARYS","5042","CC MITCHAM.                   ",3,1,0,0,1,2013,"December","Thursday","08:20 am","070","Divided Road","Straight road","Level","Not Applicable","Sealed","Dry","Not Raining","Daylight","Rear End","02","Driver Rider","2: MI","No Control","","",1326806.07,1661320.12,"13268061661320"
"2013-15595-27/05/2021","2 Metropolitan","GLENELG NORTH","5045","CITY OF WEST TORRENS",2,0,0,0,0,2013,"December","Thursday","08:15 am","060","T-Junction","Straight road","Level","Not Applicable","Sealed","Dry","Not Raining","Daylight","Side Swipe","01","Driver Rider","1: PDO","Traffic Signals","","",1320773.5,1666832.01,"13207741666832"
"2013-15596-27/05/2021","2 Metropolitan","WOODCROFT","5162","CITY OF ONKAPARINGA",2,0,0,0,0,2013,"December","Wednesday","07:00 pm","060","T-Junction","Straight road","Level","Not Applicable","Sealed","Dry","Not Raining","Daylight","Rear End","02","Driver Rider","1: PDO","Roundabout","","",1323608.65,1649928.96,"13236091649929"
"2013-15597-27/05/2021","2 Metropolitan","PENFIELD","5121","CITY OF PLAYFORD.",2,2,0,0,2,2013,"December","Thursday","06:50 am","080","Cross Road","Straight road","Level","Not Applicable","Sealed","Wet","Raining","Daylight","Right Angle","01","Driver Rider","2: MI","Give Way Sign","","Y",1333441.32,1696359.08,"13334411696359"
"2013-15598-27/05/2021","2 Metropolitan","CAVAN","5094","CITY OF SALISBURY",2,0,0,0,0,2013,"December","Thursday","08:05 am","080","Divided Road","Straight road","Level","Not Applicable","Sealed","Wet","Raining","Daylight","Side Swipe","01","Driver Rider","1: PDO","No Control","","",1328721.49,1682262.49,"13287211682262"
"2013-15599-27/05/2021","2 Metropolitan","GLENELG NORTH","5045","CITY OF HOLDFAST BAY",2,1,0,0,1,2013,"December","Wednesday","12:15 pm","060","Cross Road","Straight road","Level","Not Applicable","Sealed","Dry","Not Raining","Daylight","Rear End","02","Driver Rider","2: MI","Traffic Signals","","",1321009.96,1665305.3,"13210101665305"
"2013-15600-27/05/2021","2 Metropolitan","GLENGOWRIE","5044","CC MARION.                    ",2,2,0,0,2,2013,"December","Thursday","07:55 am","060","Not Divided","Straight road","Level","Not Applicable","Sealed","Dry","Not Raining","Daylight","Side Swipe","02","Driver Rider","2: MI","No Control","","",1322647.01,1664987.85,"13226471664988"
"2013-15601-27/05/2021","3 Country","STANLEY FLAT","5453","CLARE AND GILBERT VALLEYS DISTRICT COUNCIL",2,0,0,0,0,2013,"December","Thursday","08:30 am","100","Not Divided","Straight road","Level","Not Applicable","Sealed","Dry","Not Raining","Daylight","Hit Animal","02","Animal","1: PDO","No Control","","",1332309.47,1795101.16,"13323091795101"
"2013-15602-27/05/2021","3 Country","MARION BAY","5575","YORKE PENINSULA COUNCIL",2,0,0,0,0,2013,"December","Wednesday","07:30 pm","090","Not Divided","Straight road","Level","Not Applicable","Sealed","Wet","Raining","Daylight","Hit Fixed Object","01","Driver Rider","1: PDO","No Control","","",1180093.61,1640157.44,"11800941640157"
"2013-15603-27/05/2021","2 Metropolitan","OAKDEN","5086","CITY OF PORT ADELAIDE ENFIELD",3,0,0,0,0,2013,"December","Thursday","08:00 am","070","Divided Road","Straight road","Level","Not Applicable","Sealed","Wet","Not Raining","Daylight","Rear End","02","Driver Rider","1: PDO","No Control","","",1332574.04,1679314.74,"13325741679315"
"2013-15604-27/05/2021","2 Metropolitan","PLYMPTON","5038","CITY OF WEST TORRENS",2,0,0,0,0,2013,"December","Wednesday","03:30 pm","060","Cross Road","Straight road","Level","Not Applicable","Sealed","Dry","Not Raining","Daylight","Right Turn","02","Driver Rider","1: PDO","Traffic Signals","","",1324237.57,1666566.34,"13242381666566"
"2013-15605-27/05/2021","2 Metropolitan","HACKNEY","5069","CC OF NORWOOD,PAYNEHAM & ST PETERS",2,0,0,0,0,2013,"December","Thursday","10:00 am","060","T-Junction","Straight road","Level","Not Applicable","Sealed","Dry","Not Raining","Daylight","Right Turn","01","Driver Rider","1: PDO","No Control","","",1329879.14,1671460.7,"13298791671461"
"2013-15606-27/05/2021","2 Metropolitan","BURTON","5110","CITY OF SALISBURY",2,0,0,0,0,2013,"December","Thursday","07:10 am","090","T-Junction","Straight road","Level","Not Applicable","Sealed","Dry","Not Raining","Daylight","Rear End","02","Driver Rider","1: PDO","No Control","","",1327911.27,1691015.85,"13279111691016"
"2013-15607-27/05/2021","2 Metropolitan","PENFIELD","5121","CITY OF PLAYFORD.",2,0,0,0,0,2013,"December","Thursday","10:25 am","080","Multiple","Straight road","Level","Not Applicable","Sealed","Dry","Not Raining","Daylight","Head On","02","Driver Rider","1: PDO","Roundabout","","",1331401.54,1697660.52,"13314021697661"
"2013-15608-27/05/2021","2 Metropolitan","ENFIELD","5085","CITY OF PORT ADELAIDE ENFIELD",2,0,0,0,0,2013,"December","Wednesday","01:30 pm","060","T-Junction","Straight road","Level","Not Applicable","Sealed","Dry","Not Raining","Daylight","Rear End","01","Driver Rider","1: PDO","Traffic Signals","","",1328821.62,1678606.27,"13288221678606"
"2013-15609-27/05/2021","2 Metropolitan","HACKHAM WEST","5163","CITY OF ONKAPARINGA",2,1,0,0,1,2013,"November","Saturday","06:10 pm","060","T-Junction","Straight road","Level","Not Applicable","Sealed","Dry","Not Raining","Daylight","Rear End","02","Driver Rider","2: MI","Stop Sign","","",1319676.72,1647495.97,"13196771647496"
"2013-15610-27/05/2021","2 Metropolitan","EDINBURGH NORTH","5113","CITY OF PLAYFORD.",4,0,0,0,0,2013,"December","Wednesday","11:54 am","060","Cross Road","Straight road","Level","Not Applicable","Sealed","Dry","Not Raining","Daylight","Right Angle","02","Driver Rider","1: PDO","Roundabout","","",1335255.15,1695335.87,"13352551695336"
"2013-15611-27/05/2021","2 Metropolitan","KLEMZIG","5087","CITY OF PORT ADELAIDE ENFIELD",2,0,0,0,0,2013,"December","Thursday","08:30 am","060","Not Divided","Straight road","Level","Not Applicable","Sealed","Wet","Not Raining","Daylight","Rear End","01","Driver Rider","1: PDO","No Control","","",1331929.01,1675598.36,"13319291675598"
"2013-15612-27/05/2021","2 Metropolitan","REYNELLA","5161","CITY OF ONKAPARINGA",1,0,0,0,0,2013,"October","Wednesday","08:00 am","050","Cross Road","Straight road","Slope","Not Applicable","Sealed","Wet","Raining","Daylight","Roll Over","01","Driver Rider","1: PDO","Roundabout","","",1321875.54,1652210.04,"13218761652210"
"2013-15613-27/05/2021","3 Country","MOUNT GAMBIER","5290","CC MT.GAMBIER.                ",2,0,0,0,0,2013,"December","Thursday","11:32 am","060","T-Junction","Straight road","Level","Not Applicable","Sealed","Dry","Not Raining","Daylight","Right Turn","01","Driver Rider","1: PDO","Traffic Signals","","",1511784.5,1339465.58,"15117851339466"
"2013-15614-27/05/2021","2 Metropolitan","TORRENSVILLE","5031","CITY OF WEST TORRENS",2,1,0,0,1,2013,"December","Sunday","10:25 pm","060","Cross Road","Straight road","Level","Not Applicable","Sealed","Dry","Not Raining","Night","Right Turn","01","Driver Rider","2: MI","Traffic Signals","","",1325746.9,1670988.92,"13257471670989"
"2013-15615-27/05/2021","3 Country","MURRAY BRIDGE","5253","RC MURRAY BRIDGE.             ",2,0,0,0,0,2013,"December","Thursday","01:10 pm","060","T-Junction","Straight road","Level","Not Applicable","Sealed","Dry","Not Raining","Daylight","Rear End","02","Driver Rider","1: PDO","No Control","","",1388049.06,1645508.69,"13880491645509"
"2013-15616-27/05/2021","2 Metropolitan","WEST LAKES","5021","CITY OF CHARLES STURT",2,0,0,0,0,2013,"December","Thursday","01:15 pm","060","Cross Road","Straight road","Level","Not Applicable","Sealed","Dry","Not Raining","Daylight","Right Angle","02","Driver Rider","1: PDO","Traffic Signals","","",1318996.72,1676354.69,"13189971676355"
"2013-15617-27/05/2021","2 Metropolitan","WEST BEACH","5024","CITY OF WEST TORRENS",2,1,0,0,1,2013,"December","Thursday","07:45 am","060","Divided Road","Straight road","Level","Not Applicable","Sealed","Wet","Raining","Daylight","Rear End","02","Driver Rider","2: MI","No Control","","",1320904.6,1669909.21,"13209051669909"
"2013-15618-27/05/2021","2 Metropolitan","TOTNESS","5250","DC MT.BARKER.                 ",3,1,0,0,1,2013,"December","Thursday","12:25 pm","060","Not Divided","Straight road","Slope","Not Applicable","Sealed","Dry","Not Raining","Daylight","Rear End","01","Driver Rider","2: MI","No Control","","",1350730.13,1655705.71,"13507301655706"
"2013-15619-27/05/2021","2 Metropolitan","WEST LAKES","5021","CITY OF CHARLES STURT",3,1,0,0,1,2013,"December","Thursday","12:22 pm","060","T-Junction","Straight road","Level","Not Applicable","Sealed","Dry","Not Raining","Daylight","Rear End","01","Driver Rider","2: MI","No Control","","",1318555.39,1676807.26,"13185551676807"
"2013-15620-27/05/2021","2 Metropolitan","SEAFORD","5169","CITY OF ONKAPARINGA",2,1,0,0,1,2013,"December","Thursday","12:20 pm","050","Not Divided","Straight road","Level","Driveway or Entrance","Sealed","Dry","Not Raining","Daylight","Right Angle","02","Driver Rider","2: MI","No Control","","",1316457.42,1642127.58,"13164571642128"
"2013-15621-27/05/2021","2 Metropolitan","LEAWOOD GARDENS","5150","CC MITCHAM.                   ",2,1,0,0,1,2013,"December","Wednesday","10:00 pm","050","Not Divided","Straight road","Bottom of Hill","Not Applicable","Sealed","Wet","Raining","Night","Hit Fixed Object","01","Driver Rider","2: MI","No Control","","",1334283.59,1665514.25,"13342841665514"
"2013-15622-27/05/2021","3 Country","ANGASTON","5353","THE BAROSSA COUNCIL.",2,0,0,0,0,2013,"December","Wednesday","05:30 am","080","Not Divided","Straight road","Crest of Hill","Not Applicable","Sealed","Dry","Not Raining","Night","Hit Animal","02","Animal","1: PDO","No Control","","",1371180.39,1714094.38,"13711801714094"
"2013-15623-27/05/2021","2 Metropolitan","WEST BEACH","5024","CITY OF WEST TORRENS",2,1,0,0,1,2013,"December","Wednesday","04:45 pm","080","Divided Road","Straight road","Level","Not Applicable","Sealed","Dry","Not Raining","Daylight","Rear End","02","Driver Rider","2: MI","No Control","","",1320919.97,1668702.79,"13209201668703"
"2013-15624-27/05/2021","2 Metropolitan","MORPHETT VALE","5162","CITY OF ONKAPARINGA",2,0,0,0,0,2013,"December","Thursday","04:00 pm","060","Divided Road","Straight road","Slope","Not Applicable","Sealed","Dry","Not Raining","Daylight","Rear End","02","Driver Rider","1: PDO","No Control","","",1320769.73,1649969.95,"13207701649970"
"2013-15625-27/05/2021","2 Metropolitan","ELIZABETH","5112","CITY OF PLAYFORD.",2,0,0,0,0,2013,"December","Thursday","04:45 pm","060","Cross Road","Straight road","Level","Not Applicable","Sealed","Dry","Not Raining","Daylight","Side Swipe","02","Driver Rider","1: PDO","Roundabout","","",1335641.82,1693876.23,"13356421693876"
"2013-15626-27/05/2021","2 Metropolitan","MAWSON LAKES","5095","CITY OF SALISBURY",2,0,0,0,0,2013,"December","Thursday","10:30 am","060","Divided Road","Straight road","Level","Not Applicable","Sealed","Wet","Not Raining","Daylight","Rear End","01","Driver Rider","1: PDO","No Control","","",1329472.5,1684469.08,"13294731684469"
"2013-15627-27/05/2021","2 Metropolitan","TRINITY GARDENS","5068","CC OF NORWOOD,PAYNEHAM & ST PETERS",2,0,0,0,0,2013,"December","Thursday","08:00 am","060","T-Junction","Straight road","Level","Not Applicable","Sealed","Dry","Not Raining","Daylight","Rear End","02","Driver Rider","1: PDO","No Control","","",1332763.19,1671776.57,"13327631671777"
"2013-15628-27/05/2021","2 Metropolitan","SEATON","5023","CITY OF CHARLES STURT",2,0,0,0,0,2013,"December","Thursday","10:55 am","060","Not Divided","Straight road","Level","Not Applicable","Sealed","Wet","Raining","Daylight","Rear End","01","Driver Rider","1: PDO","No Control","","",1321102.96,1674693,"13211031674693"
"2013-15629-27/05/2021","2 Metropolitan","MITCHELL PARK","5043","CC MARION.                    ",3,0,0,0,0,2013,"December","Thursday","04:30 pm","060","T-Junction","Straight road","Level","Not Applicable","Sealed","Dry","Not Raining","Daylight","Rear End","02","Driver Rider","1: PDO","No Control","","",1324349.57,1662412.49,"13243501662412"
"2013-15630-27/05/2021","2 Metropolitan","OAKDEN","5086","CITY OF PORT ADELAIDE ENFIELD",2,0,0,0,0,2013,"December","Thursday","03:30 pm","060","Divided Road","Straight road","Level","Not Applicable","Sealed","Dry","Not Raining","Daylight","Rear End","01","Driver Rider","1: PDO","No Control","","",1333593.49,1678312.28,"13335931678312"
"2013-15631-27/05/2021","1 City","ADELAIDE","5000","CITY OF ADELAIDE",2,1,0,0,1,2013,"December","Thursday","05:40 pm","050","Cross Road","Straight road","Level","Not Applicable","Sealed","Dry","Not Raining","Daylight","Side Swipe","02","Driver Rider","2: MI","Traffic Signals","","",1329593.2,1669909.56,"13295931669910"