"REPORT_ID","Stats Area","Suburb","Postcode","LGA Name","Total Units","Total Cas","Total Fats","Total SI","Total MI","Year","Month","Day","Time","Area Speed","Position Type","Horizontal Align","Vertical Align","Other Feat","Road Surface","Moisture Cond","Weather Cond","DayNight","Crash Type","Unit Resp","Entity Code","CSEF Severity","Traffic Ctrls","DUI Involved","Drugs Involved","ACCLOC_X","ACCLOC_Y","UNIQUE_LOC"
"2013-15632-27/05/2021","2 Metropolitan","ROYSTON PARK","5070","CC OF NORWOOD,PAYNEHAM & ST PETERS",2,0,0,0,0,2013,"December","Thursday","04:00 pm","060","T-Junction","Straight road","Level","Not Applicable","Sealed","Dry","Not Raining","Daylight","Right Angle","02","Driver Rider","1: PDO","No Control","","",1332039.28,1673635.81,"13320391673636"
"2013-15633-27/05/2021","2 Metropolitan","HACKNEY","5069","CC OF NORWOOD,PAYNEHAM & ST PETERS",3,0,0,0,0,2013,"December","Thursday","05:30 pm","060","T-Junction","Straight road","Level","Not Applicable","Sealed","Dry","Not Raining","Daylight","Rear End","01","Driver Rider","1: PDO","No Control","","",1329834.1,1671719.35,"13298341671719"
"2013-15634-27/05/2021","2 Metropolitan","WALKERVILLE","5081","WALKERVILLE TOWN COUNCIL",3,1,0,0,1,2013,"December","Wednesday","05:30 pm","060","Divided Road","Straight road","Level","Not Applicable","Sealed","Dry","Not Raining","Daylight","Rear End","01","Driver Rider","2: MI","No Control","","",1330493.44,1675229.21,"13304931675229"
"2013-15635-27/05/2021","3 Country","NARACOORTE","5271","DC NARACOORTE & LUCINDALE.",2,3,0,3,0,2013,"December","Thursday","03:20 pm","060","Multiple","Straight road","Level","Not Applicable","Sealed","Dry","Not Raining","Daylight","Right Turn","01","Driver Rider","3: SI","Give Way Sign","","",1511552.03,1435706.77,"15115521435707"
"2013-15636-27/05/2021","2 Metropolitan","ELIZABETH VALE","5112","CITY OF PLAYFORD.",2,0,0,0,0,2013,"December","Thursday","06:00 pm","050","T-Junction","Straight road","Level","Not Applicable","Sealed","Dry","Not Raining","Daylight","Right Angle","02","Driver Rider","1: PDO","No Control","","",1335722.8,1690048.01,"13357231690048"
"2013-15637-27/05/2021","2 Metropolitan","WEST BEACH","5024","CITY OF CHARLES STURT",2,0,0,0,0,2013,"December","Thursday","06:15 pm","050","T-Junction","Straight road","Level","Not Applicable","Sealed","Dry","Not Raining","Daylight","Right Angle","02","Driver Rider","1: PDO","Roundabout","","",1319334.8,1669608.19,"13193351669608"
"2013-15638-27/05/2021","2 Metropolitan","KENSINGTON","5068","CC OF NORWOOD,PAYNEHAM & ST PETERS",2,0,0,0,0,2013,"December","Thursday","06:00 pm","060","T-Junction","Straight road","Level","Not Applicable","Sealed","Dry","Not Raining","Daylight","Hit Fixed Object","01","Driver Rider","1: PDO","No Control","","",1332757.46,1670428.66,"13327571670429"
"2013-15639-27/05/2021","2 Metropolitan","KESWICK","5035","CITY OF WEST TORRENS",3,0,0,0,0,2013,"December","Thursday","04:55 pm","060","Divided Road","Straight road","Level","Not Applicable","Sealed","Dry","Not Raining","Daylight","Rear End","01","Driver Rider","1: PDO","No Control","","",1326384.02,1668964.49,"13263841668964"
"2013-15640-27/05/2021","2 Metropolitan","SEFTON PARK","5083","CITY OF PROSPECT",2,0,0,0,0,2013,"December","Wednesday","04:30 pm","050","Not Divided","Straight road","Level","Not Applicable","Sealed","Dry","Not Raining","Daylight","Hit Parked Vehicle","01","Driver Rider","1: PDO","No Control","","",1329039.38,1675875.86,"13290391675876"
"2013-15641-27/05/2021","2 Metropolitan","ELIZABETH","5112","CITY OF PLAYFORD.",2,1,0,0,1,2013,"December","Thursday","05:15 pm","050","Divided Road","CURVED, VIEW OPEN","Level","Driveway or Entrance","Sealed","Dry","Not Raining","Daylight","Right Angle","02","Driver Rider","2: MI","No Control","","",1335443.67,1693144.79,"13354441693145"
"2013-15642-27/05/2021","2 Metropolitan","MAYLANDS","5069","CC OF NORWOOD,PAYNEHAM & ST PETERS",2,0,0,0,0,2013,"December","Tuesday","12:00 pm","060","Divided Road","Straight road","Level","Not Applicable","Sealed","Wet","Not Raining","Daylight","Rear End","02","Driver Rider","1: PDO","No Control","","",1332233.14,1671812.19,"13322331671812"
"2013-15643-27/05/2021","2 Metropolitan","BEVERLEY","5009","CITY OF CHARLES STURT",2,1,0,0,1,2013,"December","Thursday","06:50 pm","060","T-Junction","Straight road","Level","Not Applicable","Sealed","Dry","Not Raining","Daylight","Rear End","02","Driver Rider","2: MI","Traffic Signals","","",1324202.23,1673169.78,"13242021673170"
"2013-15644-27/05/2021","2 Metropolitan","SEACOMBE GARDENS","5047","CC MARION.                    ",2,0,0,0,0,2013,"December","Thursday","07:15 pm","050","Cross Road","Straight road","Level","Not Applicable","Sealed","Dry","Not Raining","Daylight","Right Angle","01","Driver Rider","1: PDO","Give Way Sign","","",1323319.27,1660457.74,"13233191660458"
"2013-15645-27/05/2021","2 Metropolitan","WYNN VALE","5127","CITY OF TEA TREE GULLY",4,0,0,0,0,2013,"December","Thursday","03:35 pm","060","Not Divided","Straight road","Crest of Hill","Not Applicable","Sealed","Dry","Not Raining","Daylight","Rear End","01","Driver Rider","1: PDO","No Control","","",1338735.45,1684426.57,"13387351684427"
"2013-15646-27/05/2021","2 Metropolitan","ST MORRIS","5068","CC OF NORWOOD,PAYNEHAM & ST PETERS",2,0,0,0,0,2013,"December","Thursday","07:30 pm","060","Not Divided","Straight road","Slope","Driveway or Entrance","Sealed","Dry","Not Raining","Daylight","Right Angle","02","Driver Rider","1: PDO","No Control","","",1333780.79,1671802.85,"13337811671803"
"2013-15647-27/05/2021","2 Metropolitan","KILBURN","5084","CITY OF PORT ADELAIDE ENFIELD",2,0,0,0,0,2013,"December","Tuesday","10:15 pm","060","Not Divided","Straight road","Level","Not Applicable","Sealed","Dry","Not Raining","Night","Rear End","01","Driver Rider","1: PDO","No Control","","",1327186.1,1678749.89,"13271861678750"
"2013-15648-27/05/2021","2 Metropolitan","MUNNO PARA","5115","CITY OF PLAYFORD.",4,0,0,0,0,2013,"December","Thursday","10:10 pm","060","Cross Road","Straight road","Level","Not Applicable","Sealed","Wet","Raining","Night","Rear End","01","Driver Rider","1: PDO","Traffic Signals","","",1336684.28,1698535.93,"13366841698536"
"2013-15649-27/05/2021","2 Metropolitan","GAWLER BELT","5118","LIGHT REGIONAL COUNCIL",2,0,0,0,0,2013,"December","Thursday","06:05 pm","080","T-Junction","Straight road","Level","Not Applicable","Sealed","Dry","Not Raining","Daylight","Rear End","02","Driver Rider","1: PDO","No Control","","",1343223.05,1709989.66,"13432231709990"
"2013-15650-27/05/2021","2 Metropolitan","HENLEY BEACH","5022","CITY OF CHARLES STURT",2,0,0,0,0,2013,"December","Friday","12:05 am","050","Cross Road","Straight road","Level","Not Applicable","Sealed","Wet","Raining","Night","Hit Fixed Object","01","Driver Rider","1: PDO","Give Way Sign","","",1318817.37,1671996.21,"13188171671996"
"2013-15651-27/05/2021","3 Country","WALLOWAY","5431","DC OF ORROROO/CARRIETON",1,2,0,0,2,2013,"December","Friday","12:30 am","110","Not Divided","Straight road","Level","Not Applicable","Sealed","Dry","Not Raining","Night","Roll Over","01","Driver Rider","2: MI","No Control","","",1333739.27,1928440.12,"13337391928440"
"2013-15652-27/05/2021","2 Metropolitan","SEAFORD RISE","5169","CITY OF ONKAPARINGA",2,0,0,0,0,2013,"December","Thursday","11:30 pm","060","Cross Road","Straight road","Level","Not Applicable","Sealed","Dry","Not Raining","Night","Right Turn","02","Driver Rider","1: PDO","Traffic Signals","Y","",1317537.2,1641650.26,"13175371641650"
"2013-15653-27/05/2021","2 Metropolitan","THORNGATE","5082","CITY OF PROSPECT",2,1,0,0,1,2013,"December","Friday","08:10 am","060","Cross Road","Straight road","Level","Unknown","Sealed","Dry","Not Raining","Daylight","Rear End","02","Driver Rider","2: MI","Traffic Signals","","",1328116.31,1673675.73,"13281161673676"
"2013-15654-27/05/2021","2 Metropolitan","FULHAM","5024","CITY OF WEST TORRENS",3,0,0,0,0,2013,"December","Thursday","12:00 pm","060","Divided Road","Straight road","Level","Not Applicable","Sealed","Dry","Not Raining","Daylight","Rear End","02","Driver Rider","1: PDO","No Control","","",1321150.16,1670852.96,"13211501670853"
"2013-15655-27/05/2021","3 Country","WHYALLA NORRIE","5608","CC WHYALLA.                   ",2,0,0,0,0,2013,"December","Friday","08:35 am","060","T-Junction","Straight road","Level","Not Applicable","Sealed","Wet","Not Raining","Daylight","Rear End","01","Driver Rider","1: PDO","No Control","","",1235924.61,1882832.91,"12359251882833"
"2013-15656-27/05/2021","2 Metropolitan","OLD REYNELLA","5161","CITY OF ONKAPARINGA",2,1,0,0,1,2013,"December","Thursday","02:50 pm","050","Divided Road","Straight road","Level","Unknown","Sealed","Dry","Not Raining","Daylight","Side Swipe","02","Driver Rider","2: MI","No Control","","",1322952.95,1653371.27,"13229531653371"
"2013-15657-27/05/2021","2 Metropolitan","LOCKLEYS","5032","CITY OF WEST TORRENS",2,0,0,0,0,2013,"December","Friday","08:30 am","060","Cross Road","CURVED, VIEW OPEN","Level","Not Applicable","Sealed","Dry","Not Raining","Daylight","Rear End","02","Driver Rider","1: PDO","Traffic Signals","","",1322502.15,1670764.74,"13225021670765"
"2013-15658-27/05/2021","2 Metropolitan","BRIDGEWATER","5155","THE ADELAIDE HILLS COUNCIL",2,0,0,0,0,2013,"December","Friday","07:55 am","060","Not Divided","CURVED, VIEW OBSCURED","Slope","Not Applicable","Sealed","Dry","Not Raining","Daylight","Head On","01","Driver Rider","1: PDO","No Control","","",1343442.27,1660821.1,"13434421660821"
"2013-15659-27/05/2021","3 Country","MURRAY BRIDGE","5253","RC MURRAY BRIDGE.             ",2,0,0,0,0,2013,"December","Thursday","06:30 pm","050","Cross Road","Straight road","Level","Not Applicable","Sealed","Dry","Not Raining","Daylight","Rear End","02","Driver Rider","1: PDO","Traffic Signals","","",1389097.6,1646913.83,"13890981646914"
"2013-15660-27/05/2021","2 Metropolitan","CHRISTIES BEACH","5165","CITY OF ONKAPARINGA",2,0,0,0,0,2013,"December","Thursday","10:30 am","070","Cross Road","Straight road","Level","Not Applicable","Sealed","Dry","Not Raining","Daylight","Right Angle","02","Driver Rider","1: PDO","Roundabout","","",1317329.55,1648342.52,"13173301648343"
"2013-15661-27/05/2021","1 City","ADELAIDE","5000","CITY OF ADELAIDE",2,1,0,0,1,2013,"December","Friday","07:30 am","050","Divided Road","Straight road","Level","Not Applicable","Sealed","Dry","Not Raining","Daylight","Side Swipe","01","Driver Rider","2: MI","No Control","","",1329596.59,1669792.23,"13295971669792"
"2013-15662-27/05/2021","2 Metropolitan","PARKSIDE","5063","CITY OF UNLEY",2,1,0,0,1,2013,"December","Thursday","09:00 am","060","Not Divided","Straight road","Level","Not Applicable","Sealed","Wet","Raining","Daylight","Rear End","02","Driver Rider","2: MI","No Control","","",1330201.12,1668722.45,"13302011668722"
"2013-15663-27/05/2021","2 Metropolitan","THEBARTON","5031","CITY OF WEST TORRENS",2,1,0,0,1,2013,"December","Wednesday","11:30 am","060","T-Junction","Straight road","Level","Not Applicable","Sealed","Dry","Not Raining","Daylight","Rear End","01","Driver Rider","2: MI","Traffic Signals","","",1326511.33,1672105.66,"13265111672106"
"2013-15664-27/05/2021","2 Metropolitan","WEST RICHMOND","5033","CITY OF WEST TORRENS",2,1,0,0,1,2013,"December","Friday","08:55 am","060","Cross Road","Straight road","Level","Not Applicable","Sealed","Dry","Not Raining","Daylight","Hit Pedestrian","02","Pedestrian","2: MI","Give Way Sign","","",1324155.58,1669666.56,"13241561669667"
"2013-15665-27/05/2021","2 Metropolitan","NETHERBY","5062","CC MITCHAM.                   ",2,0,0,0,0,2013,"December","Thursday","08:30 am","040","Not Divided","Straight road","Level","Driveway or Entrance","Sealed","Dry","Not Raining","Daylight","Hit Parked Vehicle","01","Driver Rider","1: PDO","No Control","","",1330316.46,1665326.21,"13303161665326"
"2013-15666-27/05/2021","2 Metropolitan","WARRADALE","5046","CC MARION.                    ",2,0,0,0,0,2013,"December","Friday","09:45 am","060","Cross Road","Straight road","Level","Not Applicable","Sealed","Dry","Not Raining","Daylight","Rear End","02","Driver Rider","1: PDO","Stop Sign","","",1322557.42,1661812.67,"13225571661813"
"2013-15667-27/05/2021","3 Country","BOOKABIE","5690",,2,0,0,0,0,2013,"December","Thursday","08:00 pm","110","Not Divided","Straight road","Level","Not Applicable","Sealed","Dry","Not Raining","Daylight","Hit Fixed Object","01","Driver Rider","1: PDO","No Control","","",789007.4,2016653.4,"07890072016653"
"2013-15668-27/05/2021","2 Metropolitan","SALISBURY PLAIN","5109","CITY OF SALISBURY",3,1,0,0,1,2013,"December","Friday","11:00 am","060","Cross Road","Straight road","Level","Not Applicable","Sealed","Dry","Not Raining","Daylight","Rear End","01","Driver Rider","2: MI","Roundabout","","",1333807.7,1687916.19,"13338081687916"
"2013-15669-27/05/2021","2 Metropolitan","WOODVILLE NORTH","5012","CITY OF CHARLES STURT",2,0,0,0,0,2013,"December","Friday","12:15 pm","060","Not Divided","Straight road","Level","Not Applicable","Sealed","Dry","Not Raining","Daylight","Rear End","01","Driver Rider","1: PDO","No Control","","",1323227.04,1677020.68,"13232271677021"
"2013-15670-27/05/2021","2 Metropolitan","MYRTLE BANK","5064","CITY OF UNLEY",2,1,0,1,0,2013,"December","Friday","10:47 am","060","T-Junction","Straight road","Slope","Not Applicable","Sealed","Dry","Not Raining","Daylight","Right Turn","02","Driver Rider","3: SI","Give Way Sign","","",1331863.19,1667177.87,"13318631667178"
"2013-15671-27/05/2021","3 Country","WHYALLA NORRIE","5608","CC WHYALLA.                   ",2,0,0,0,0,2013,"December","Friday","01:50 pm","060","Cross Road","Straight road","Level","Not Applicable","Sealed","Dry","Not Raining","Daylight","Side Swipe","02","Driver Rider","1: PDO","Traffic Signals","","",1237771.87,1883455.67,"12377721883456"
"2013-15672-27/05/2021","2 Metropolitan","COLONEL LIGHT GARDENS","5041","CC MITCHAM.                   ",2,0,0,0,0,2013,"December","Thursday","01:00 am","050","Not Divided","Straight road","Level","Not Applicable","Sealed","Dry","Not Raining","Night","Hit Parked Vehicle","02","Driver Rider","1: PDO","No Control","","",1326734.36,1664441.31,"13267341664441"
"2013-15673-27/05/2021","2 Metropolitan","HACKHAM WEST","5163","CITY OF ONKAPARINGA",3,1,0,1,0,2013,"December","Friday","12:27 pm","060","Divided Road","Straight road","Level","Not Applicable","Sealed","Dry","Not Raining","Daylight","Hit Pedestrian","01","Pedestrian","3: SI","No Control","","",1320830.87,1647481.82,"13208311647482"
"2013-15674-27/05/2021","2 Metropolitan","FORESTVILLE","5035","CITY OF UNLEY",2,0,0,0,0,2013,"December","Friday","02:30 pm","040","Not Divided","Straight road","Level","Not Applicable","Sealed","Dry","Not Raining","Daylight","Side Swipe","02","Driver Rider","1: PDO","No Control","","",1326398.84,1668145.03,"13263991668145"
"2013-15675-27/05/2021","2 Metropolitan","BRIGHTON","5048","CITY OF HOLDFAST BAY",2,0,0,0,0,2013,"December","Thursday","05:25 pm","060","T-Junction","Straight road","Level","Not Applicable","Sealed","Dry","Not Raining","Daylight","Right Angle","02","Driver Rider","1: PDO","No Control","","",1321321.71,1660558.92,"13213221660559"
"2013-15676-27/05/2021","3 Country","MOUNT GAMBIER","5290","CC MT.GAMBIER.                ",2,1,0,0,1,2013,"December","Friday","03:30 pm","050","Not Divided","Straight road","Level","Driveway or Entrance","Sealed","Dry","Not Raining","Daylight","Rear End","02","Driver Rider","2: MI","No Control","","",1509972.8,1340105.81,"15099731340106"
"2013-15677-27/05/2021","2 Metropolitan","LITTLEHAMPTON","5250","DC MT.BARKER.                 ",2,0,0,0,0,2013,"December","Friday","02:00 pm","060","Not Divided","Straight road","Level","Driveway or Entrance","Sealed","Dry","Not Raining","Daylight","Rear End","02","Driver Rider","1: PDO","No Control","","",1351841.71,1656182.71,"13518421656183"
"2013-15678-27/05/2021","2 Metropolitan","MOUNT BARKER","5251","DC MT.BARKER.                 ",2,0,0,0,0,2013,"December","Friday","03:40 pm","050","Not Divided","Straight road","Level","Driveway or Entrance","Sealed","Dry","Not Raining","Daylight","Right Angle","01","Driver Rider","1: PDO","No Control","","",1351284.71,1654432.65,"13512851654433"
"2013-15679-27/05/2021","3 Country","BOCONNOC PARK","5453","CLARE AND GILBERT VALLEYS DISTRICT COUNCIL",3,0,0,0,0,2013,"December","Friday","12:05 pm","100","Not Divided","CURVED, VIEW OBSCURED","Slope","Not Applicable","Sealed","Dry","Not Raining","Daylight","Hit Fixed Object","01","Driver Rider","1: PDO","No Control","","",1328324.28,1791115.18,"13283241791115"
"2013-15680-27/05/2021","2 Metropolitan","NORWOOD","5067","CC OF NORWOOD,PAYNEHAM & ST PETERS",2,0,0,0,0,2013,"December","Friday","02:55 pm","060","Cross Road","CURVED, VIEW OBSCURED","Level","Not Applicable","Sealed","Dry","Not Raining","Daylight","Rear End","02","Driver Rider","1: PDO","Roundabout","","",1330623.32,1670361.88,"13306231670362"
"2013-15681-27/05/2021","2 Metropolitan","GEPPS CROSS","5094","CITY OF PORT ADELAIDE ENFIELD",2,0,0,0,0,2013,"December","Friday","03:50 am","070","T-Junction","CURVED, VIEW OPEN","Level","Not Applicable","Sealed","Dry","Not Raining","Night","Rear End","02","Driver Rider","1: PDO","Traffic Signals","","",1328754.98,1680472.98,"13287551680473"
"2013-15682-27/05/2021","2 Metropolitan","CAMPBELLTOWN","5074","CC CAMPBELLTOWN.              ",1,0,0,0,0,2013,"December","Friday","01:55 pm","060","Divided Road","Straight road","Level","Not Applicable","Sealed","Dry","Not Raining","Daylight","Roll Over","01","Driver Rider","1: PDO","No Control","","",1334708.35,1674539.18,"13347081674539"
"2013-15683-27/05/2021","2 Metropolitan","GLENELG NORTH","5045","CITY OF HOLDFAST BAY",2,0,0,0,0,2013,"December","Friday","02:35 pm","050","Cross Road","Straight road","Level","Not Applicable","Sealed","Dry","Not Raining","Daylight","Right Angle","01","Driver Rider","1: PDO","Roundabout","","",1320786.94,1665298.76,"13207871665299"
"2013-15684-27/05/2021","2 Metropolitan","GREEN FIELDS","5107","CITY OF SALISBURY",1,1,0,0,1,2013,"December","Friday","03:10 pm","070","T-Junction","Straight road","Level","Not Applicable","Sealed","Dry","Not Raining","Daylight","Roll Over","09","Other","2: MI","No Control","","",1329681.88,1684597.96,"13296821684598"
"2013-15685-27/05/2021","1 City","ADELAIDE","5000","CITY OF ADELAIDE",2,0,0,0,0,2013,"December","Thursday","12:00 pm","050","T-Junction","Straight road","Level","Not Applicable","Sealed","Dry","Not Raining","Daylight","Rear End","01","Driver Rider","1: PDO","Traffic Signals","","",1328236.25,1670350.18,"13282361670350"
"2013-15686-27/05/2021","1 City","ADELAIDE","5000","CITY OF ADELAIDE",2,0,0,0,0,2013,"December","Friday","04:30 pm","050","Cross Road","Straight road","Level","Not Applicable","Sealed","Dry","Not Raining","Daylight","Rear End","02","Driver Rider","1: PDO","Traffic Signals","","",1329619.12,1669197.85,"13296191669198"
"2013-15687-27/05/2021","3 Country","LINWOOD","5410","LIGHT REGIONAL COUNCIL",1,0,0,0,0,2013,"December","Friday","04:10 pm","100","Not Divided","CURVED, VIEW OPEN","Slope","Not Applicable","Sealed","Dry","Not Raining","Daylight","Roll Over","01","Driver Rider","1: PDO","No Control","","",1344750.16,1731148.75,"13447501731149"
"2013-15688-27/05/2021","2 Metropolitan","HENLEY BEACH SOUTH","5022","CITY OF CHARLES STURT",2,1,0,0,1,2013,"December","Friday","06:50 am","050","Cross Road","Straight road","Level","Not Applicable","Sealed","Dry","Not Raining","Daylight","Right Angle","01","Driver Rider","2: MI","Roundabout","","",1319125.61,1670999.07,"13191261670999"
"2013-15689-27/05/2021","2 Metropolitan","PENFIELD GARDENS","5121","CITY OF PLAYFORD.",2,0,0,0,0,2013,"December","Friday","06:00 pm","090","Cross Road","Straight road","Level","Not Applicable","Sealed","Dry","Not Raining","Daylight","Rear End","02","Driver Rider","1: PDO","Give Way Sign","","",1329262.58,1701409.17,"13292631701409"
"2013-15690-27/05/2021","1 City","ADELAIDE","5000","CITY OF ADELAIDE",2,1,0,0,1,2013,"December","Friday","06:20 pm","050","Pedestrian Crossing","Straight road","Level","Not Applicable","Sealed","Dry","Not Raining","Daylight","Hit Pedestrian","02","Pedestrian","2: MI","Traffic Signals","Y","",1328300,1671143.88,"13283001671144"
"2013-15691-27/05/2021","3 Country","MURRAY BRIDGE","5253","RC MURRAY BRIDGE.             ",2,1,0,0,1,2013,"December","Friday","05:50 pm","050","Cross Road","Straight road","Level","Not Applicable","Sealed","Dry","Not Raining","Daylight","Hit Animal","02","Animal","2: MI","Give Way Sign","","",1388077.43,1645050.52,"13880771645051"
"2013-15692-27/05/2021","2 Metropolitan","KENT TOWN","5067","CC OF NORWOOD,PAYNEHAM & ST PETERS",2,0,0,0,0,2013,"December","Friday","02:10 pm","060","Not Divided","Straight road","Level","Driveway or Entrance","Sealed","Dry","Not Raining","Daylight","Right Angle","02","Driver Rider","1: PDO","No Control","","",1329978.11,1671284.99,"13299781671285"
"2013-15693-27/05/2021","2 Metropolitan","NOARLUNGA CENTRE","5168","CITY OF ONKAPARINGA",2,0,0,0,0,2013,"December","Friday","04:00 pm","060","Divided Road","Straight road","Level","Median Opening (not at I/S)","Sealed","Dry","Not Raining","Daylight","Right Turn","02","Driver Rider","1: PDO","No Control","","",1318457.04,1647463.63,"13184571647464"
"2013-15694-27/05/2021","1 City","NORTH ADELAIDE","5006","CITY OF ADELAIDE",3,0,0,0,0,2013,"December","Friday","07:00 pm","050","Not Divided","Straight road","Level","Not Applicable","Sealed","Dry","Not Raining","Daylight","Rear End","01","Driver Rider","1: PDO","No Control","","",1329072.86,1672620.95,"13290731672621"
"2013-15695-27/05/2021","2 Metropolitan","MALVERN","5061","CITY OF UNLEY",2,0,0,0,0,2013,"December","Friday","06:12 pm","060","T-Junction","Straight road","Level","Not Applicable","Sealed","Dry","Not Raining","Daylight","Right Angle","01","Driver Rider","1: PDO","Stop Sign","","",1329116.17,1667105.51,"13291161667106"
"2013-15696-27/05/2021","2 Metropolitan","SALISBURY DOWNS","5108","CITY OF SALISBURY",2,0,0,0,0,2013,"December","Friday","06:45 pm","050","Not Divided","Straight road","Level","Not Applicable","Sealed","Dry","Not Raining","Daylight","Head On","02","Driver Rider","1: PDO","No Control","","",1330883.83,1687985.21,"13308841687985"
"2013-15697-27/05/2021","2 Metropolitan","KESWICK","5035","CITY OF WEST TORRENS",2,3,0,0,3,2013,"December","Friday","04:40 pm","050","Not Divided","Straight road","Level","Not Applicable","Sealed","Dry","Not Raining","Daylight","Side Swipe","02","Driver Rider","2: MI","No Control","","",1326125.68,1668859.9,"13261261668860"
"2013-15698-27/05/2021","2 Metropolitan","INGLE FARM","5098","CITY OF SALISBURY",2,0,0,0,0,2013,"December","Tuesday","03:50 pm","060","Divided Road","Straight road","Level","Not Applicable","Sealed","Dry","Not Raining","Daylight","Side Swipe","01","Driver Rider","1: PDO","No Control","","",1331379.59,1680849.78,"13313801680850"
"2013-15699-27/05/2021","2 Metropolitan","VISTA","5091","CITY OF TEA TREE GULLY",2,1,0,0,1,2013,"December","Friday","05:20 pm","080","Not Divided","CURVED, VIEW OBSCURED","Slope","Not Applicable","Sealed","Dry","Not Raining","Daylight","Head On","02","Driver Rider","2: MI","No Control","","",1340329.15,1680013.83,"13403291680014"
"2013-15700-27/05/2021","2 Metropolitan","MUNNO PARA","5115","CITY OF PLAYFORD.",2,0,0,0,0,2013,"December","Friday","06:20 pm","050","T-Junction","CURVED, VIEW OPEN","Level","Not Applicable","Sealed","Dry","Not Raining","Daylight","Right Angle","01","Driver Rider","1: PDO","No Control","","",1337953.3,1698173.28,"13379531698173"
"2013-15701-27/05/2021","2 Metropolitan","RIDGEHAVEN","5097","CITY OF TEA TREE GULLY",2,0,0,0,0,2013,"December","Friday","06:52 pm","060","Not Divided","Straight road","Level","Driveway or Entrance","Sealed","Dry","Not Raining","Daylight","Rear End","01","Driver Rider","1: PDO","No Control","","",1339228.76,1682448.96,"13392291682449"
"2013-15702-27/05/2021","2 Metropolitan","HILLCREST","5086","CITY OF PORT ADELAIDE ENFIELD",2,0,0,0,0,2013,"December","Friday","05:30 pm","060","T-Junction","Straight road","Level","Not Applicable","Sealed","Dry","Not Raining","Daylight","Rear End","01","Driver Rider","1: PDO","No Control","","",1332382.13,1676859.51,"13323821676860"
"2013-15703-27/05/2021","3 Country","GOOLWA","5214","ALEXANDRINA COUNCIL",2,1,0,0,1,2013,"December","Friday","03:20 pm","050","Cross Road","Straight road","Level","Not Applicable","Sealed","Dry","Not Raining","Daylight","Hit Pedestrian","02","Pedestrian","2: MI","Give Way Sign","","",1342788.52,1606513.57,"13427891606514"
"2013-15704-27/05/2021","2 Metropolitan","CRAIGMORE","5114","CITY OF PLAYFORD.",2,0,0,0,0,2013,"December","Friday","07:35 pm","050","Not Divided","CURVED, VIEW OPEN","Level","Not Applicable","Sealed","Dry","Not Raining","Daylight","Hit Parked Vehicle","01","Driver Rider","1: PDO","No Control","","",1339272.08,1696742.36,"13392721696742"
"2013-15705-27/05/2021","2 Metropolitan","OTTOWAY","5013","CITY OF PORT ADELAIDE ENFIELD",2,1,0,0,1,2013,"December","Friday","09:29 pm","050","Cross Road","Straight road","Level","Not Applicable","Sealed","Dry","Not Raining","Night","Right Angle","01","Driver Rider","2: MI","Give Way Sign","","",1323137.15,1679520.44,"13231371679520"
"2013-15706-27/05/2021","2 Metropolitan","ELIZABETH PARK","5113","CITY OF PLAYFORD.",2,0,0,0,0,2013,"December","Wednesday","11:45 pm","060","Cross Road","Straight road","Level","Not Applicable","Sealed","Dry","Not Raining","Night","Side Swipe","02","Driver Rider","1: PDO","Traffic Signals","","",1336500.9,1694621.89,"13365011694622"
"2013-15707-27/05/2021","3 Country","APY","905",,2,0,0,0,0,2013,"December","Friday","11:45 pm","110","Not Divided","Straight road","Level","Not Applicable","Sealed","Dry","Not Raining","Night","Hit Fixed Object","01","Driver Rider","1: PDO","No Control","","",852547.95,2537743.49,"08525482537743"
"2013-15708-27/05/2021","2 Metropolitan","WEST HINDMARSH","5007","CITY OF CHARLES STURT",2,0,0,0,0,2013,"December","Saturday","12:30 am","050","Not Divided","Straight road","Level","Not Applicable","Sealed","Dry","Not Raining","Night","Hit Parked Vehicle","02","Driver Rider","1: PDO","No Control","","",1324992.13,1673265.88,"13249921673266"
"2013-15709-27/05/2021","2 Metropolitan","VERDUN","5245","THE ADELAIDE HILLS COUNCIL",2,0,0,0,0,2013,"November","Wednesday","06:25 am","110","Freeway","Straight road","Slope","Not Applicable","Sealed","Dry","Not Raining","Daylight","Hit Animal","02","Animal","1: PDO","No Control","","",1344075.64,1661215.98,"13440761661216"
"2013-15710-27/05/2021","2 Metropolitan","UNLEY","5061","CITY OF UNLEY",2,0,0,0,0,2013,"December","Friday","11:20 pm","050","Not Divided","Straight road","Level","Not Applicable","Sealed","Dry","Not Raining","Night","Hit Parked Vehicle","02","Driver Rider","1: PDO","No Control","","",1328376.92,1668146.69,"13283771668147"
"2013-15711-27/05/2021","2 Metropolitan","KILBURN","5084","CITY OF PORT ADELAIDE ENFIELD",2,0,0,0,0,2013,"December","Friday","04:00 pm","050","Divided Road","Straight road","Level","Not Applicable","Sealed","Dry","Not Raining","Daylight","Side Swipe","02","Driver Rider","1: PDO","No Control","","",1327996.95,1679234.54,"13279971679235"