"REPORT_ID","Stats Area","Suburb","Postcode","LGA Name","Total Units","Total Cas","Total Fats","Total SI","Total MI","Year","Month","Day","Time","Area Speed","Position Type","Horizontal Align","Vertical Align","Other Feat","Road Surface","Moisture Cond","Weather Cond","DayNight","Crash Type","Unit Resp","Entity Code","CSEF Severity","Traffic Ctrls","DUI Involved","Drugs Involved","ACCLOC_X","ACCLOC_Y","UNIQUE_LOC"
"2013-15712-27/05/2021","2 Metropolitan","PLYMPTON PARK","5038","CC MARION.                    ",2,0,0,0,0,2013,"December","Sunday","09:15 pm","050","Not Divided","Straight road","Level","Not Applicable","Sealed","Dry","Not Raining","Night","Hit Fixed Object","01","Driver Rider","1: PDO","No Control","","",1323678.49,1665250.86,"13236781665251"
"2013-15713-27/05/2021","2 Metropolitan","HOLDEN HILL","5088","CITY OF PORT ADELAIDE ENFIELD",2,0,0,0,0,2013,"December","Saturday","08:00 am","060","Cross Road","Straight road","Level","Not Applicable","Sealed","Dry","Not Raining","Daylight","Right Angle","01","Driver Rider","1: PDO","Traffic Signals","","",1333815.87,1678085.87,"13338161678086"
"2013-15714-27/05/2021","2 Metropolitan","NOARLUNGA CENTRE","5168","CITY OF ONKAPARINGA",3,0,0,0,0,2013,"December","Saturday","08:35 am","070","T-Junction","Straight road","Level","Not Applicable","Sealed","Dry","Not Raining","Daylight","Right Turn","02","Driver Rider","1: PDO","Traffic Signals","","",1318788.81,1647471.6,"13187891647472"
"2013-15715-27/05/2021","2 Metropolitan","WEST LAKES","5021","CITY OF CHARLES STURT",2,0,0,0,0,2013,"December","Friday","06:00 pm","060","Cross Road","Straight road","Level","Not Applicable","Sealed","Dry","Not Raining","Daylight","Rear End","02","Driver Rider","1: PDO","Traffic Signals","","",1319886.59,1678300.06,"13198871678300"
"2013-15716-27/05/2021","2 Metropolitan","CRAFERS","5152","THE ADELAIDE HILLS COUNCIL",2,0,0,0,0,2013,"December","Wednesday","10:40 pm","100","Freeway","Straight road","Level","Not Applicable","Sealed","Wet","Raining","Night","Hit Fixed Object","01","Driver Rider","1: PDO","No Control","","",1337598.79,1662346.36,"13375991662346"
"2013-15717-27/05/2021","2 Metropolitan","SEATON","5023","CITY OF CHARLES STURT",2,0,0,0,0,2013,"December","Saturday","09:20 am","050","Cross Road","Straight road","Level","Not Applicable","Sealed","Dry","Not Raining","Daylight","Hit Fixed Object","01","Driver Rider","1: PDO","Roundabout","","",1320372.59,1675134.56,"13203731675135"
"2013-15718-27/05/2021","2 Metropolitan","GLENELG EAST","5038","CITY OF HOLDFAST BAY",3,0,0,0,0,2013,"December","Saturday","11:40 am","060","Cross Road","Straight road","Level","Not Applicable","Sealed","Dry","Not Raining","Daylight","Rear End","02","Driver Rider","1: PDO","Traffic Signals","","",1322636.62,1665410.15,"13226371665410"
"2013-15719-27/05/2021","2 Metropolitan","OAKDEN","5086","CITY OF PORT ADELAIDE ENFIELD",2,0,0,0,0,2013,"December","Friday","05:30 pm","050","Not Divided","Straight road","Level","Not Applicable","Sealed","Dry","Not Raining","Daylight","Hit Parked Vehicle","02","Driver Rider","1: PDO","No Control","","",1332906.06,1678202.36,"13329061678202"
"2013-15720-27/05/2021","2 Metropolitan","MITCHELL PARK","5043","CC MARION.                    ",2,1,0,0,1,2013,"December","Saturday","06:20 am","060","Divided Road","Straight road","Level","Not Applicable","Sealed","Dry","Not Raining","Daylight","Hit Fixed Object","01","Driver Rider","2: MI","No Control","Y","",1324782.37,1663287.3,"13247821663287"
"2013-15721-27/05/2021","2 Metropolitan","HINDMARSH","5007","CITY OF CHARLES STURT",2,0,0,0,0,2013,"December","Saturday","11:00 am","060","T-Junction","Straight road","Level","Not Applicable","Sealed","Dry","Not Raining","Daylight","Right Angle","01","Driver Rider","1: PDO","Stop Sign","","",1325326.77,1672425.55,"13253271672426"
"2013-15722-27/05/2021","2 Metropolitan","MORPHETT VALE","5162","CITY OF ONKAPARINGA",3,1,0,0,1,2013,"December","Saturday","12:05 pm","060","Divided Road","Straight road","Level","Not Applicable","Sealed","Dry","Not Raining","Daylight","Rear End","02","Driver Rider","2: MI","No Control","","",1320822.46,1648171.39,"13208221648171"
"2013-15723-27/05/2021","2 Metropolitan","PANORAMA","5041","CC MITCHAM.                   ",2,0,0,0,0,2013,"December","Saturday","11:40 am","060","T-Junction","Straight road","Level","Not Applicable","Sealed","Dry","Not Raining","Daylight","Rear End","02","Driver Rider","1: PDO","No Control","Y","",1327596.01,1663277.86,"13275961663278"
"2013-15724-27/05/2021","3 Country","CURRENCY CREEK","5214","ALEXANDRINA COUNCIL",2,0,0,0,0,2013,"December","Saturday","10:30 am","100","Rail Crossing","CURVED, VIEW OPEN","Level","Not Applicable","Sealed","Dry","Not Raining","Daylight","Hit Fixed Object","01","Driver Rider","1: PDO","Rail Xing - Flashing","","",1342705.7,1613661.02,"13427061613661"
"2013-15725-27/05/2021","2 Metropolitan","MOUNT BARKER","5251","DC MT.BARKER.                 ",3,0,0,0,0,2013,"December","Saturday","11:30 am","060","Cross Road","Straight road","Level","Not Applicable","Sealed","Dry","Not Raining","Daylight","Rear End","02","Driver Rider","1: PDO","Give Way Sign","","",1351092.7,1654671.46,"13510931654671"
"2013-15726-27/05/2021","3 Country","MAITLAND","5573","YORKE PENINSULA COUNCIL",2,1,0,0,1,2013,"December","Saturday","11:55 am","050","Not Divided","Straight road","Level","Not Applicable","Sealed","Dry","Not Raining","Daylight","Right Angle","01","Driver Rider","2: MI","No Control","","",1245412.88,1734143.32,"12454131734143"
"2013-15727-27/05/2021","2 Metropolitan","CLELAND","5152","THE ADELAIDE HILLS COUNCIL",1,1,0,0,1,2013,"December","Saturday","10:04 am","080","Not Divided","CURVED, VIEW OPEN","Slope","Unknown","Sealed","Dry","Not Raining","Daylight","Roll Over","01","Driver Rider","2: MI","No Control","","",1338730.46,1666016.17,"13387301666016"
"2013-15728-27/05/2021","2 Metropolitan","HINDMARSH","5007","CITY OF CHARLES STURT",2,0,0,0,0,2013,"December","Thursday","09:00 pm","060","Not Divided","Straight road","Level","Driveway or Entrance","Sealed","Wet","Not Raining","Night","Side Swipe","01","Driver Rider","1: PDO","No Control","","",1326264.34,1672609.77,"13262641672610"
"2013-15729-27/05/2021","2 Metropolitan","MODBURY","5092","CITY OF TEA TREE GULLY",2,0,0,0,0,2013,"December","Saturday","02:31 pm","060","Divided Road","CURVED, VIEW OPEN","Level","Not Applicable","Sealed","Dry","Not Raining","Daylight","Rear End","01","Driver Rider","1: PDO","No Control","","",1336576.74,1680761.3,"13365771680761"
"2013-15730-27/05/2021","2 Metropolitan","MAGILL","5072","CC CAMPBELLTOWN.              ",2,0,0,0,0,2013,"December","Saturday","01:10 pm","050","Not Divided","Straight road","Level","Not Applicable","Sealed","Dry","Not Raining","Daylight","Hit Fixed Object","01","Driver Rider","1: PDO","No Control","","",1335407.93,1673421.63,"13354081673422"
"2013-15731-27/05/2021","2 Metropolitan","WATERLOO CORNER","5110","CITY OF PLAYFORD.",2,0,0,0,0,2013,"December","Friday","10:25 pm","090","T-Junction","Straight road","Level","Not Applicable","Sealed","Dry","Not Raining","Night","Hit Fixed Object","01","Driver Rider","1: PDO","Stop Sign","","",1327037.24,1694447.29,"13270371694447"
"2013-15732-27/05/2021","2 Metropolitan","UNLEY","5061","CITY OF UNLEY",3,2,0,0,2,2013,"December","Saturday","02:30 pm","060","Cross Road","Straight road","Level","Not Applicable","Sealed","Dry","Not Raining","Daylight","Rear End","01","Driver Rider","2: MI","Traffic Signals","","",1328488.62,1668945.86,"13284891668946"
"2013-15733-27/05/2021","3 Country","OLYMPIC DAM","5725",,1,1,0,0,1,2013,"December","Friday","07:30 pm","100","Not Divided","CURVED, VIEW OPEN","Level","Unknown","Unsealed","Dry","Not Raining","Daylight","Roll Over","01","Driver Rider","2: MI","No Control","","",1184687.1,2172472.3,"11846872172472"
"2013-15734-27/05/2021","3 Country","VICTOR HARBOR","5211","DC VICTOR HARBOR.             ",2,0,0,0,0,2013,"December","Saturday","03:00 pm","050","T-Junction","Straight road","Bottom of Hill","Not Applicable","Sealed","Dry","Not Raining","Daylight","Right Angle","01","Driver Rider","1: PDO","No Control","","",1327046.32,1601243.09,"13270461601243"
"2013-15735-27/05/2021","2 Metropolitan","DARLINGTON","5047","CITY OF ONKAPARINGA",2,1,0,0,1,2013,"December","Friday","04:20 pm","060","Cross Road","Straight road","Slope","Not Applicable","Sealed","Dry","Not Raining","Daylight","Rear End","02","Driver Rider","2: MI","Traffic Signals","","",1324432.96,1659694.42,"13244331659694"
"2013-15736-27/05/2021","2 Metropolitan","ELIZABETH VALE","5112","CITY OF PLAYFORD.",2,1,0,0,1,2013,"December","Saturday","04:45 pm","060","T-Junction","CURVED, VIEW OPEN","Level","Not Applicable","Sealed","Dry","Not Raining","Daylight","Rear End","01","Driver Rider","2: MI","Traffic Signals","","",1336141.79,1690279.18,"13361421690279"
"2013-15737-27/05/2021","2 Metropolitan","LONSDALE","5160","CITY OF ONKAPARINGA",2,0,0,0,0,2013,"December","Saturday","06:00 pm","080","Cross Road","Straight road","Level","Not Applicable","Sealed","Dry","Not Raining","Daylight","Rear End","02","Driver Rider","1: PDO","Traffic Signals","","",1317834.84,1649782.11,"13178351649782"
"2013-15738-27/05/2021","2 Metropolitan","MORPHETT VALE","5162","CITY OF ONKAPARINGA",2,1,0,0,1,2013,"December","Saturday","05:25 pm","060","T-Junction","Straight road","Level","Not Applicable","Sealed","Dry","Not Raining","Daylight","Rear End","02","Driver Rider","2: MI","No Control","","",1320751.41,1650137.06,"13207511650137"
"2013-15739-27/05/2021","2 Metropolitan","WOODVILLE PARK","5011","CITY OF CHARLES STURT",2,0,0,0,0,2013,"December","Friday","02:15 pm","060","Divided Road","Straight road","Level","Roadworks","Sealed","Dry","Not Raining","Daylight","Rear End","01","Driver Rider","1: PDO","No Control","","",1323843.02,1674940.05,"13238431674940"
"2013-15740-27/05/2021","2 Metropolitan","INGLE FARM","5098","CITY OF SALISBURY",2,0,0,0,0,2013,"December","Saturday","05:55 pm","050","Not Divided","Straight road","Level","Not Applicable","Sealed","Dry","Not Raining","Daylight","Side Swipe","02","Driver Rider","1: PDO","No Control","","",1332384.58,1680644.81,"13323851680645"
"2013-15741-27/05/2021","2 Metropolitan","NETLEY","5037","CITY OF WEST TORRENS",2,1,0,0,1,2013,"December","Sunday","04:45 pm","050","T-Junction","Straight road","Level","Driveway or Entrance","Sealed","Dry","Not Raining","Daylight","Right Angle","02","Driver Rider","2: MI","No Control","","",1324047.99,1667982.85,"13240481667983"
"2013-15742-27/05/2021","2 Metropolitan","ROYAL PARK","5014","CITY OF CHARLES STURT",3,0,0,0,0,2013,"December","Saturday","05:52 pm","050","Not Divided","Straight road","Level","Not Applicable","Sealed","Dry","Not Raining","Daylight","Hit Parked Vehicle","01","Driver Rider","1: PDO","No Control","Y","",1320367.88,1677070.71,"13203681677071"
"2013-15743-27/05/2021","2 Metropolitan","HACKHAM","5163","CITY OF ONKAPARINGA",2,1,0,0,1,2013,"December","Saturday","08:48 pm","060","Not Divided","Straight road","Level","Not Applicable","Sealed","Dry","Not Raining","Night","Hit Parked Vehicle","01","Driver Rider","2: MI","No Control","","",1321905.95,1646403.31,"13219061646403"
"2013-15744-27/05/2021","2 Metropolitan","MUNNO PARA","5115","CITY OF PLAYFORD.",2,2,0,0,2,2013,"December","Saturday","09:35 pm","060","Cross Road","Straight road","Level","Not Applicable","Sealed","Dry","Not Raining","Night","Hit Fixed Object","01","Driver Rider","2: MI","Roundabout","","",1337173.84,1698251.31,"13371741698251"
"2013-15745-27/05/2021","3 Country","CURRENCY CREEK","5214","ALEXANDRINA COUNCIL",4,2,0,1,1,2013,"December","Saturday","07:18 pm","100","Not Divided","Straight road","Level","Not Applicable","Sealed","Dry","Not Raining","Daylight","Side Swipe","02","Driver Rider","3: SI","No Control","","",1337970.11,1612061.02,"13379701612061"
"2013-15746-27/05/2021","2 Metropolitan","SALISBURY NORTH","5108","CITY OF SALISBURY",2,0,0,0,0,2013,"December","Saturday","10:00 pm","060","T-Junction","Straight road","Level","Not Applicable","Sealed","Dry","Not Raining","Night","Hit Fixed Object","01","Driver Rider","1: PDO","No Control","Y","",1331964.8,1690945.47,"13319651690945"
"2013-15747-27/05/2021","2 Metropolitan","OAKBANK","5243","THE ADELAIDE HILLS COUNCIL",3,0,0,0,0,2013,"December","Sunday","03:14 am","060","Not Divided","Straight road","Level","Not Applicable","Sealed","Dry","Not Raining","Night","Hit Parked Vehicle","01","Driver Rider","1: PDO","No Control","Y","",1350569.23,1663510.2,"13505691663510"
"2013-15748-27/05/2021","2 Metropolitan","TORRENSVILLE","5031","CITY OF WEST TORRENS",2,0,0,0,0,2013,"December","Sunday","04:50 am","050","Not Divided","Straight road","Level","Not Applicable","Sealed","Dry","Not Raining","Night","Hit Parked Vehicle","01","Driver Rider","1: PDO","No Control","","",1324968.89,1671043.83,"13249691671044"
"2013-15749-27/05/2021","2 Metropolitan","BLACKWOOD","5051","CC MITCHAM.                   ",2,0,0,0,0,2013,"December","Sunday","04:10 am","060","Not Divided","Straight road","Slope","Median Opening (not at I/S)","Sealed","Dry","Not Raining","Night","Hit Fixed Object","01","Driver Rider","1: PDO","No Control","Y","",1329887.45,1659843.3,"13298871659843"
"2013-15750-27/05/2021","3 Country","STRATHALBYN","5255","ALEXANDRINA COUNCIL",3,0,0,0,0,2013,"December","Friday","03:30 am","080","Not Divided","Straight road","Slope","Not Applicable","Sealed","Dry","Not Raining","Night","Hit Fixed Object","01","Driver Rider","1: PDO","No Control","","",1349667.26,1636894.93,"13496671636895"
"2013-15751-27/05/2021","2 Metropolitan","GUMERACHA","5233","THE ADELAIDE HILLS COUNCIL",3,0,0,0,0,2013,"December","Sunday","02:20 am","080","Not Divided","Straight road","Level","Not Applicable","Sealed","Dry","Not Raining","Night","Hit Fixed Object","01","Driver Rider","1: PDO","No Control","Y","",1354007.33,1681325.48,"13540071681325"
"2013-15752-27/05/2021","3 Country","KEITH","5267","DC TATIARA.                   ",2,1,1,0,0,2013,"December","Sunday","06:45 am","110","Not Divided","CURVED, VIEW OPEN","Bottom of Hill","Not Applicable","Sealed","Dry","Not Raining","Daylight","Hit Fixed Object","01","Driver Rider","4: Fatal","No Control","","Y",1487538.57,1535645.06,"14875391535645"
"2013-15753-27/05/2021","2 Metropolitan","NOARLUNGA DOWNS","5168","CITY OF ONKAPARINGA",2,0,0,0,0,2013,"December","Saturday","12:45 pm","070","T-Junction","Straight road","Level","Not Applicable","Sealed","Dry","Not Raining","Daylight","Right Turn","02","Driver Rider","1: PDO","Traffic Signals","","",1318540.35,1646724.69,"13185401646725"
"2013-15754-27/05/2021","2 Metropolitan","ONE TREE HILL","5114","CITY OF PLAYFORD.",2,0,0,0,0,2013,"November","Sunday","01:00 pm","100","T-Junction","Straight road","Level","Not Applicable","Sealed","Dry","Not Raining","Daylight","Hit Fixed Object","01","Driver Rider","1: PDO","No Control","","",1342450.55,1693351.71,"13424511693352"
"2013-15755-27/05/2021","2 Metropolitan","CUMBERLAND PARK","5041","CC MITCHAM.                   ",2,0,0,0,0,2013,"December","Sunday","10:30 am","060","Cross Road","Straight road","Level","Not Applicable","Sealed","Dry","Not Raining","Daylight","Right Turn","02","Driver Rider","1: PDO","Traffic Signals","","",1326683.82,1666179.98,"13266841666180"
"2013-15756-27/05/2021","2 Metropolitan","BIRDWOOD","5234","THE ADELAIDE HILLS COUNCIL",2,2,0,0,2,2013,"December","Sunday","10:10 am","050","Not Divided","Straight road","Slope","Driveway or Entrance","Sealed","Dry","Not Raining","Daylight","Right Turn","01","Driver Rider","2: MI","No Control","","",1362152.26,1680974.93,"13621521680975"
"2013-15757-27/05/2021","2 Metropolitan","PASADENA","5042","CC MITCHAM.                   ",2,0,0,0,0,2013,"December","Saturday","06:45 pm","060","T-Junction","Straight road","Level","Not Applicable","Sealed","Dry","Not Raining","Daylight","Rear End","01","Driver Rider","1: PDO","Traffic Signals","","",1327582.41,1663360.34,"13275821663360"
"2013-15758-27/05/2021","3 Country","LEIGH CREEK","5731",,1,1,0,1,0,2013,"December","Saturday","11:10 pm","050","Not Divided","Straight road","Level","Not Applicable","Sealed","Dry","Not Raining","Night","Roll Over","01","Driver Rider","3: SI","No Control","","",1325266.87,2150436.89,"13252672150437"
"2013-15759-27/05/2021","1 City","NORTH ADELAIDE","5006","CITY OF ADELAIDE",2,0,0,0,0,2013,"December","Sunday","09:25 am","050","Cross Road","Straight road","Level","Not Applicable","Sealed","Dry","Not Raining","Daylight","Side Swipe","01","Driver Rider","1: PDO","Traffic Signals","","",1328428.41,1671809.75,"13284281671810"
"2013-15760-27/05/2021","1 City","NORTH ADELAIDE","5006","CITY OF ADELAIDE",2,0,0,0,0,2013,"December","Sunday","02:00 pm","050","Cross Road","Straight road","Level","Not Applicable","Sealed","Dry","Not Raining","Daylight","Rear End","01","Driver Rider","1: PDO","Traffic Signals","","",1328121.77,1673175.51,"13281221673176"
"2013-15761-27/05/2021","2 Metropolitan","CHELTENHAM","5014","CITY OF CHARLES STURT",2,0,0,0,0,2013,"December","Sunday","01:15 pm","060","Cross Road","Straight road","Level","Not Applicable","Sealed","Dry","Not Raining","Daylight","Rear End","02","Driver Rider","1: PDO","Traffic Signals","","",1322126.41,1676417.92,"13221261676418"
"2013-15762-27/05/2021","2 Metropolitan","FITZROY","5082","CITY OF PROSPECT",2,0,0,0,0,2013,"December","Sunday","09:25 am","060","Cross Road","Straight road","Level","Not Applicable","Sealed","Dry","Not Raining","Daylight","Rear End","01","Driver Rider","1: PDO","Traffic Signals","","",1327525.73,1673625.28,"13275261673625"
"2013-15763-27/05/2021","3 Country","NULLARBOR","5690",,1,0,0,0,0,2013,"December","Sunday","06:00 am","110","Not Divided","Straight road","Level","Not Applicable","Sealed","Dry","Not Raining","Daylight","Roll Over","01","Driver Rider","1: PDO","No Control","","Y",480708.21,2028749.71,"04807082028750"
"2013-15764-27/05/2021","2 Metropolitan","WOODSIDE","5244","THE ADELAIDE HILLS COUNCIL",2,3,0,3,0,2013,"December","Saturday","11:30 pm","100","Cross Road","Straight road","Bottom of Hill","Not Applicable","Sealed","Dry","Not Raining","Night","Right Angle","02","Driver Rider","3: SI","Stop Sign","","",1354970.26,1669407.68,"13549701669408"
"2013-15765-27/05/2021","2 Metropolitan","GULFVIEW HEIGHTS","5096","CITY OF SALISBURY",2,4,0,0,4,2013,"December","Saturday","03:44 pm","060","T-Junction","Straight road","Bottom of Hill","Not Applicable","Sealed","Dry","Not Raining","Daylight","Right Angle","01","Driver Rider","2: MI","No Control","","",1334426.81,1684341.95,"13344271684342"
"2013-15766-27/05/2021","2 Metropolitan","SOUTH PLYMPTON","5038","CC MARION.                    ",3,0,0,0,0,2013,"December","Sunday","05:20 pm","060","Cross Road","Straight road","Level","Not Applicable","Sealed","Dry","Not Raining","Daylight","Right Angle","01","Driver Rider","1: PDO","Traffic Signals","","",1324247.23,1666113.9,"13242471666114"
"2013-15767-27/05/2021","1 City","ADELAIDE","5000","CITY OF ADELAIDE",3,0,0,0,0,2013,"December","Sunday","05:15 pm","050","Divided Road","Straight road","Level","Not Applicable","Sealed","Dry","Not Raining","Daylight","Side Swipe","02","Driver Rider","1: PDO","No Control","","",1327695.33,1669549.09,"13276951669549"
"2013-15768-27/05/2021","2 Metropolitan","NETHERBY","5062","CC MITCHAM.                   ",2,1,1,0,0,2013,"December","Sunday","04:15 pm","060","Not Divided","Straight road","Slope","Not Applicable","Sealed","Dry","Not Raining","Daylight","Hit Fixed Object","01","Driver Rider","4: Fatal","No Control","","",1330084.24,1666273.72,"13300841666274"
"2013-15769-27/05/2021","2 Metropolitan","BELAIR","5052","CC MITCHAM.                   ",2,0,0,0,0,2013,"December","Saturday","05:30 pm","060","T-Junction","Straight road","Level","Not Applicable","Sealed","Dry","Not Raining","Daylight","Right Turn","01","Driver Rider","1: PDO","No Control","","",1330347.17,1662511.22,"13303471662511"
"2013-15770-27/05/2021","2 Metropolitan","FLAGSTAFF HILL","5159","CITY OF ONKAPARINGA",2,0,0,0,0,2013,"December","Saturday","07:45 pm","060","T-Junction","CURVED, VIEW OPEN","Level","Not Applicable","Sealed","Dry","Not Raining","Daylight","Side Swipe","01","Driver Rider","1: PDO","No Control","","",1327634.53,1655713.22,"13276351655713"
"2013-15771-27/05/2021","3 Country","HOPE FOREST","5172","ALEXANDRINA COUNCIL",2,0,0,0,0,2013,"December","Sunday","06:45 pm","100","Not Divided","CURVED, VIEW OPEN","Level","Not Applicable","Sealed","Dry","Not Raining","Daylight","Head On","01","Driver Rider","1: PDO","No Control","","",1329216.19,1631772.28,"13292161631772"
"2013-15772-27/05/2021","2 Metropolitan","FINDON","5023","CITY OF CHARLES STURT",2,1,0,0,1,2013,"December","Sunday","08:40 pm","060","T-Junction","Straight road","Level","Not Applicable","Sealed","Dry","Not Raining","Night","Right Angle","01","Driver Rider","2: MI","No Control","","",1322404.85,1673722.58,"13224051673723"
"2013-15773-27/05/2021","3 Country","MILLICENT","5280","WATTLE RANGE COUNCIL",2,0,0,0,0,2013,"December","Sunday","06:45 pm","060","Not Divided","Straight road","Level","Not Applicable","Sealed","Dry","Not Raining","Daylight","Hit Fixed Object","01","Driver Rider","1: PDO","No Control","","",1475247.04,1365943.15,"14752471365943"
"2013-15774-27/05/2021","1 City","NORTH ADELAIDE","5006","CITY OF ADELAIDE",2,1,0,0,1,2013,"December","Sunday","09:00 pm","050","Not Divided","Straight road","Level","Not Applicable","Sealed","Wet","Not Raining","Night","Hit Parked Vehicle","01","Driver Rider","2: MI","No Control","","",1327570.26,1673202.37,"13275701673202"
"2013-15775-27/05/2021","2 Metropolitan","MEADOWS","5201","DC MT.BARKER.                 ",2,0,0,0,0,2013,"December","Sunday","08:00 pm","050","T-Junction","CURVED, VIEW OPEN","Slope","Not Applicable","Sealed","Wet","Raining","Daylight","Right Angle","02","Driver Rider","1: PDO","Give Way Sign","Y","",1342922.22,1641844.63,"13429221641845"
"2013-15776-27/05/2021","2 Metropolitan","FULHAM GARDENS","5024","CITY OF CHARLES STURT",3,3,0,0,3,2013,"December","Saturday","06:50 pm","060","Divided Road","Straight road","Level","Not Applicable","Sealed","Dry","Not Raining","Daylight","Rear End","01","Driver Rider","2: MI","No Control","","",1320755.59,1671508.58,"13207561671509"
"2013-15777-27/05/2021","2 Metropolitan","QUEENSTOWN","5014","CITY OF PORT ADELAIDE ENFIELD",3,1,0,1,0,2013,"December","Monday","12:30 am","060","Divided Road","Straight road","Level","Not Applicable","Sealed","Dry","Not Raining","Night","Hit Parked Vehicle","01","Driver Rider","3: SI","No Control","","",1320587.32,1678635.53,"13205871678636"
"2013-15778-27/05/2021","2 Metropolitan","THEBARTON","5031","CITY OF WEST TORRENS",2,1,0,0,1,2013,"October","Sunday","02:38 pm","060","Cross Road","Straight road","Level","Not Applicable","Sealed","Dry","Not Raining","Daylight","Rear End","02","Driver Rider","2: MI","Traffic Signals","","",1326585.27,1671527.51,"13265851671528"
"2013-15779-27/05/2021","2 Metropolitan","DAWESLEY","5252","DC MT.BARKER.                 ",2,1,0,0,1,2013,"December","Sunday","01:59 pm","100","Not Divided","CURVED, VIEW OBSCURED","Slope","Not Applicable","Sealed","Dry","Not Raining","Daylight","Hit Fixed Object","01","Driver Rider","2: MI","No Control","","",1360294.59,1657478.77,"13602951657479"
"2013-15780-27/05/2021","2 Metropolitan","MILLBROOK","5231","THE ADELAIDE HILLS COUNCIL",2,0,0,0,0,2013,"December","Monday","08:15 am","080","Not Divided","CURVED, VIEW OPEN","Level","Unknown","Sealed","Wet","Raining","Daylight","Head On","02","Driver Rider","1: PDO","No Control","","",1347779.74,1682014.23,"13477801682014"
"2013-15781-27/05/2021","3 Country","CORUNNA STATION","5600",,2,0,0,0,0,2013,"December","Friday","06:45 pm","100","Not Divided","Straight road","Level","Not Applicable","Sealed","Dry","Not Raining","Daylight","Hit Fixed Object","01","Driver Rider","1: PDO","No Control","","",1199166.62,1921516.74,"11991671921517"
"2013-15782-27/05/2021","2 Metropolitan","SMITHFIELD PLAINS","5114","CITY OF PLAYFORD.",2,0,0,0,0,2013,"December","Saturday","03:30 pm","060","T-Junction","Straight road","Level","Not Applicable","Sealed","Dry","Not Raining","Daylight","Rear End","02","Driver Rider","1: PDO","No Control","","",1336899.06,1697749.75,"13368991697750"
"2013-15783-27/05/2021","2 Metropolitan","NOVAR GARDENS","5040","CITY OF WEST TORRENS",2,0,0,0,0,2013,"December","Monday","06:30 am","060","T-Junction","Straight road","Level","Not Applicable","Sealed","Wet","Raining","Daylight","Hit Fixed Object","01","Driver Rider","1: PDO","Give Way Sign","","",1322586.23,1667290.22,"13225861667290"
"2013-15784-27/05/2021","3 Country","FOWLERS BAY","5690",,2,0,0,0,0,2013,"December","Sunday","08:30 am","100","Not Divided","Unknown","Unknown","Unknown","Unsealed","Dry","Not Raining","Daylight","Hit Fixed Object","01","Driver Rider","1: PDO","No Control","","",744323.77,1994970.52,"07443241994971"
"2013-15785-27/05/2021","2 Metropolitan","GLENELG EAST","5045","CITY OF HOLDFAST BAY",3,0,0,0,0,2013,"December","Monday","10:05 am","060","Divided Road","Straight road","Level","Not Applicable","Sealed","Wet","Raining","Daylight","Rear End","02","Driver Rider","1: PDO","No Control","","",1321022.04,1664862.22,"13210221664862"
"2013-15786-27/05/2021","3 Country","MOORAK","5291","DISTRICT COUNCIL OF GRANT",2,1,0,1,0,2013,"December","Monday","08:00 am","080","Not Divided","CURVED, VIEW OPEN","Level","Driveway or Entrance","Sealed","Dry","Not Raining","Daylight","Right Angle","01","Driver Rider","3: SI","No Control","","",1507826.01,1336809.95,"15078261336810"
"2013-15787-27/05/2021","2 Metropolitan","HILLCREST","5086","CITY OF PORT ADELAIDE ENFIELD",2,1,0,0,1,2013,"December","Monday","11:35 am","050","Not Divided","Straight road","Level","Not Applicable","Sealed","Dry","Not Raining","Daylight","Hit Fixed Object","01","Driver Rider","2: MI","No Control","","",1332863.01,1677624.16,"13328631677624"
"2013-15788-27/05/2021","2 Metropolitan","ECHUNGA","5153","DC MT.BARKER.                 ",2,0,0,0,0,2013,"December","Monday","10:10 am","080","Not Divided","CURVED, VIEW OBSCURED","Slope","Not Applicable","Sealed","Wet","Raining","Daylight","Hit Fixed Object","01","Driver Rider","1: PDO","No Control","","",1347065.9,1650563.92,"13470661650564"
"2013-15789-27/05/2021","2 Metropolitan","CUMBERLAND PARK","5041","CC MITCHAM.                   ",3,0,0,0,0,2013,"December","Monday","09:20 am","060","Divided Road","Straight road","Level","Not Applicable","Sealed","Wet","Raining","Daylight","Rear End","01","Driver Rider","1: PDO","No Control","","",1327195.73,1666194.54,"13271961666195"
"2013-15790-27/05/2021","2 Metropolitan","GLENGOWRIE","5044","CC MARION.                    ",2,0,0,0,0,2013,"December","Monday","11:00 am","060","Not Divided","Straight road","Level","Driveway or Entrance","Sealed","Wet","Raining","Daylight","Hit Fixed Object","01","Driver Rider","1: PDO","No Control","","",1322672.4,1664111.05,"13226721664111"
"2013-15791-27/05/2021","2 Metropolitan","WOODCROFT","5162","CITY OF ONKAPARINGA",1,1,0,0,1,2013,"December","Monday","01:45 pm","080","Cross Road","Straight road","Level","Not Applicable","Sealed","Dry","Not Raining","Daylight","Other","01","Driver Rider","2: MI","Traffic Signals","","",1323058.74,1651081.96,"13230591651082"
"2013-15792-27/05/2021","2 Metropolitan","LOBETHAL","5241","THE ADELAIDE HILLS COUNCIL",2,0,0,0,0,2013,"December","Monday","12:45 pm","080","Not Divided","CURVED, VIEW OPEN","Level","Not Applicable","Sealed","Wet","Raining","Daylight","Hit Fixed Object","01","Driver Rider","1: PDO","No Control","","",1351790.05,1671650.87,"13517901671651"